path	domain_tag	asset_type	fill	types
ADDRESS_PID	identity_location		295/300	int
ADDRESS_STANDARD	identity_location		295/300	str
ADDRESS_STATUS	identity_location		295/300	str
DATUM	other		295/300	str
GEOCODE_TYPE	identity_location		295/300	str
LATITUDE	identity_location		295/300	float
LGA_CODE	other		295/300	int
LOCALITY	other		297/300	str
LOCAL_AUTHORITY	other		295/300	str
LONGITUDE	identity_location		295/300	float
LOT	other		295/300	str
LOTPLAN_STATUS	other		295/300	str
PLAN	other		295/300	str
POSTCODE	identity_location		297/300	str
POSTCODE_original_cadastral	identity_location		14/300	str
PROPERTY_NAME	other		295/300	null/str
STREET_NAME	other		295/300	str
STREET_NO_1	other		295/300	str
STREET_NO_1_SUFFIX	other		295/300	null/str
STREET_NO_2	other		295/300	null/str
STREET_NO_2_SUFFIX	other		295/300	null
STREET_SUFFIX	other		295/300	null
STREET_TYPE	other		295/300	str
UNIT_NUMBER	other		295/300	null/str
UNIT_SUFFIX	other		295/300	null
UNIT_TYPE	other		295/300	null/str
_id	identity_location		300/300	ObjectId
address	identity_location		193/300	str
aerial_boundary_at	images_assets	aerial	180/300	str
aerial_boundary_failed	images_assets	aerial	12/300	str
aerial_boundary_scope	images_assets	aerial	22/300	str
aerial_boundary_url	images_assets	aerial	180/300	str
agency	other		9/300	str
agency_name	other		8/300	str
agent_name	listing_scrape		17/300	str
agent_names	listing_scrape		9/300	array[str]
agents_description	listing_scrape		17/300	str
ai_analysis	editorial_ai		7/300	object
ai_analysis.<dynamic>	editorial_ai		2/300	object (26 data keys)/object (28 data keys)
ai_analysis._agent_briefings	editorial_ai		2/300	object
ai_analysis._agent_briefings.market	editorial_ai		2/300	str
ai_analysis._agent_briefings.price	editorial_ai		2/300	str
ai_analysis._agent_briefings.property	editorial_ai		2/300	str
ai_analysis._backfill_data	editorial_ai		2/300	str
ai_analysis._draft1	editorial_ai		2/300	object
ai_analysis._draft1.headline	editorial_ai		2/300	str
ai_analysis._draft1.sub_headline	editorial_ai		2/300	str
ai_analysis._draft1.verdict	editorial_ai		2/300	str
ai_analysis._reflection	editorial_ai		2/300	object
ai_analysis._reflection.content_score	editorial_ai		2/300	str
ai_analysis._reflection.flood_position	editorial_ai		2/300	str
ai_analysis._reflection.has_data_gaps	editorial_ai		2/300	bool
ai_analysis._reflection.raw	editorial_ai		2/300	str
ai_analysis._reflection.suggested_verdict	editorial_ai		2/300	str
ai_analysis._sabri_suggested_h2s	editorial_ai		2/300	array[str]
ai_analysis._verify_outcome	editorial_ai		1/300	str
ai_analysis.alert_created_at	editorial_ai		2/300	str
ai_analysis.alerts	editorial_ai		2/300	array[str]
ai_analysis.best_for	editorial_ai		2/300	array[str]
ai_analysis.cta_market_buy	editorial_ai		2/300	object
ai_analysis.cta_market_buy.hook	editorial_ai		2/300	str
ai_analysis.cta_market_buy.label	editorial_ai		2/300	str
ai_analysis.cta_market_buy.url	editorial_ai		2/300	str
ai_analysis.cta_market_sell	editorial_ai		2/300	object
ai_analysis.cta_market_sell.hook	editorial_ai		2/300	str
ai_analysis.cta_market_sell.label	editorial_ai		2/300	str
ai_analysis.cta_market_sell.url	editorial_ai		2/300	str
ai_analysis.cta_valuation	valuation		2/300	object
ai_analysis.cta_valuation.hook	valuation		2/300	str
ai_analysis.cta_valuation.label	valuation		2/300	str
ai_analysis.cta_valuation.tab	valuation		2/300	str
ai_analysis.faqs	editorial_ai		2/300	array[object]
ai_analysis.faqs[].answer	editorial_ai		2/300	str
ai_analysis.faqs[].question	editorial_ai		2/300	str
ai_analysis.flood_section	editorial_ai		2/300	object
ai_analysis.flood_section.body	editorial_ai		2/300	str
ai_analysis.flood_section.source	editorial_ai		2/300	str
ai_analysis.flood_section.title	editorial_ai		2/300	str
ai_analysis.generated_at	editorial_ai		2/300	str
ai_analysis.headline	editorial_ai		4/300	str
ai_analysis.insights	editorial_ai		2/300	array[object]
ai_analysis.insights[].comparables	valuation		2/300	null
ai_analysis.insights[].h2	editorial_ai		2/300	str
ai_analysis.insights[].key_points	editorial_ai		2/300	array[str]
ai_analysis.insights[].key_points_label	editorial_ai		2/300	str
ai_analysis.insights[].lifestyle_hook	editorial_ai		1/300	str
ai_analysis.insights[].what_this_means	editorial_ai		2/300	array[str]
ai_analysis.meta_description	editorial_ai		2/300	str
ai_analysis.meta_title	editorial_ai		2/300	str
ai_analysis.model	editorial_ai		2/300	str
ai_analysis.next_steps	editorial_ai		2/300	array[str]
ai_analysis.not_ideal_for	editorial_ai		2/300	array[str]
ai_analysis.pre_suppression_status	editorial_ai		2/300	str
ai_analysis.published_at	editorial_ai		2/300	str
ai_analysis.quick_take	editorial_ai		2/300	object
ai_analysis.quick_take.strengths	editorial_ai		2/300	array[str]
ai_analysis.quick_take.trade_off	editorial_ai		2/300	str
ai_analysis.skipped_at	editorial_ai		1/300	str
ai_analysis.skipped_reason	editorial_ai		1/300	str
ai_analysis.status	editorial_ai		5/300	str
ai_analysis.sub_headline	editorial_ai		2/300	str
ai_analysis.suppressed_at	editorial_ai		2/300	str
ai_analysis.suppressed_reason	editorial_ai		2/300	str
ai_analysis.verdict	editorial_ai		2/300	str
apr01_recovery_at	other		236/300	datetime
apr01_recovery_source	pipeline_meta		236/300	str
bathrooms	physical_attributes		220/300	int
bathrooms_source	physical_attributes		51/300	object
bathrooms_source.backfilled_at	physical_attributes		36/300	str
bathrooms_source.fetched_at	physical_attributes		15/300	str
bathrooms_source.matched	physical_attributes		15/300	str
bathrooms_source.path	physical_attributes		51/300	str
bathrooms_source.script	physical_attributes		51/300	str
bathrooms_source.url	physical_attributes		15/300	str
beach_distance_enriched_at	other		1/300	datetime
bedrooms	physical_attributes		231/300	int
bedrooms_source	physical_attributes		61/300	object
bedrooms_source.backfilled_at	physical_attributes		46/300	str
bedrooms_source.fetched_at	physical_attributes		15/300	str
bedrooms_source.matched	physical_attributes		15/300	str
bedrooms_source.path	physical_attributes		61/300	str
bedrooms_source.script	physical_attributes		61/300	str
bedrooms_source.url	physical_attributes		15/300	str
cadastral_accuracy	images_assets	cadastral_street	192/300	str
cadastral_enriched_at	images_assets	cadastral_street	192/300	datetime
cadastral_photo_url	images_assets	cadastral_street	176/300	str
cadastral_photos_count	images_assets	cadastral_street	188/300	int
cadastral_photos_dir	images_assets	cadastral_street	188/300	str
cadastral_photos_downloaded_at	images_assets	cadastral_street	188/300	datetime
cadastral_photos_failed	images_assets	cadastral_street	188/300	int
cadastral_photos_total_bytes	images_assets	cadastral_street	188/300	int
cadastral_polygon	images_assets	cadastral_street	287/300	object
cadastral_polygon.backfilled_at	images_assets	cadastral_street	2/300	str
cadastral_polygon.boundary_scope	images_assets	aerial	129/300	str
cadastral_polygon.lot_area	images_assets	cadastral_street	1/300	float
cadastral_polygon.lot_area_sqm	images_assets	cadastral_street	286/300	float
cadastral_polygon.lotplan	images_assets	cadastral_street	287/300	str
cadastral_polygon.rings	images_assets	cadastral_street	287/300	array[array[array[float]]]
cadastral_polygon.source	images_assets	cadastral_street	2/300	str
car_spaces	physical_attributes		237/300	int
car_spaces_source	physical_attributes		60/300	object
car_spaces_source.fetched_at	physical_attributes		60/300	str
car_spaces_source.matched	physical_attributes		60/300	str
car_spaces_source.path	physical_attributes		60/300	str
car_spaces_source.script	physical_attributes		60/300	str
car_spaces_source.url	physical_attributes		60/300	str
carspaces	physical_attributes		16/300	int
change_count	other		4/300	int
classification_confidence	valuation		9/300	float
classification_model	other		9/300	str
classification_reasoning	other		9/300	str
classified_at	other		9/300	datetime
classified_property_type	physical_attributes		9/300	str
comparable_bedrooms	physical_attributes		7/300	int
comparable_property_type	physical_attributes		7/300	str
comparable_sales_count	valuation		7/300	int
comparable_suburb	identity_location		7/300	str
complete_address	identity_location		297/300	str
complex_cms	other		135/300	null/str
complex_lot_count	other		135/300	int
complex_name_cadastre	other		135/300	null/str
complex_plan	other		135/300	str
complex_subtype	other		135/300	str
created_at	other		3/300	datetime/str
created_by	other		2/300	str
days_on_domain	market_metrics		9/300	int
days_on_market	market_metrics		9/300	int
days_on_market_source	market_metrics		9/300	str
description	other		17/300	str
detection_method	other		4/300	str
display_postcode	identity_location		295/300	str
domain_hero_image_url	images_assets	hero_facade	189/300	null/str
domain_image_urls	images_assets	facade_gallery	189/300	array[]/array[str]
domain_says_text	market_metrics		7/300	str
domain_valuation_accuracy	valuation		9/300	object
domain_valuation_accuracy.computed_at	valuation		9/300	str
domain_valuation_accuracy.domain_high	valuation		9/300	int
domain_valuation_accuracy.domain_low	valuation		9/300	int
domain_valuation_accuracy.domain_mid	valuation		9/300	int
domain_valuation_accuracy.error_dollars	valuation		9/300	int
domain_valuation_accuracy.error_pct	valuation		9/300	float
domain_valuation_accuracy.sale_price	valuation		9/300	int
domain_valuation_accuracy.within_range	valuation		9/300	bool
domain_valuation_at_listing	valuation		11/300	object
domain_valuation_at_listing.accuracy	valuation		11/300	str
domain_valuation_at_listing.captured_at	valuation		11/300	str
domain_valuation_at_listing.date	valuation		11/300	str
domain_valuation_at_listing.high	valuation		11/300	int
domain_valuation_at_listing.low	valuation		11/300	int
domain_valuation_at_listing.mid	valuation		11/300	int
domain_valuation_at_listing.source	valuation		11/300	str
enriched	other		9/300	bool
enriched_data	other		225/300	object
enriched_data.building_area_sqm	physical_attributes		4/300	float/null
enriched_data.capital_gain	other		9/300	null/object
enriched_data.capital_gain.has_data	other		5/300	bool
enriched_data.capital_gain.note	other		5/300	str
enriched_data.capital_gain.oldest_transaction_date	transactions_history		5/300	str
enriched_data.capital_gain.oldest_transaction_price	transactions_history		5/300	float
enriched_data.capital_gain.years_held	other		5/300	float
enriched_data.floor_area_conflict	physical_attributes		4/300	bool
enriched_data.floor_area_source	physical_attributes		4/300	str
enriched_data.floor_area_sqm	physical_attributes		9/300	float
enriched_data.last_enriched	other		9/300	str
enriched_data.lot_size_sqm	other		162/300	float/null
enriched_data.transactions	transactions_history		225/300	array[]/array[object]
enriched_data.transactions[].date	transactions_history		218/300	str
enriched_data.transactions[].price	transactions_history		218/300	float
enriched_data.transactions[].source	transactions_history		213/300	str
enriched_data.transactions[].type	transactions_history		5/300	str
enrichment_attempted	other		9/300	bool
enrichment_data	other		9/300	null
enrichment_error	other		9/300	null
enrichment_retry_count	other		9/300	int
extraction_date	other		16/300	str
extraction_method	other		16/300	str
features	other		8/300	array[str]
feed_catch	other		1/300	str
feed_hook	other		1/300	str
feed_hook_generated_at	other		1/300	str
first_listed_date	other		9/300	str
first_listed_full	other		9/300	str
first_listed_timestamp	other		9/300	str
first_listed_year	other		9/300	int
first_seen	other		4/300	datetime
floor_area_source	physical_attributes		9/300	object
floor_area_source.fetched_at	physical_attributes		9/300	str
floor_area_source.matched	physical_attributes		9/300	str
floor_area_source.path	physical_attributes		9/300	str
floor_area_source.script	physical_attributes		9/300	str
floor_area_source.url	physical_attributes		9/300	str
floor_area_sqm	physical_attributes		200/300	float/int
floor_area_sqm_source	physical_attributes		46/300	object
floor_area_sqm_source.fetched_at	physical_attributes		46/300	str
floor_area_sqm_source.matched	physical_attributes		46/300	str
floor_area_sqm_source.path	physical_attributes		46/300	str
floor_area_sqm_source.script	physical_attributes		46/300	str
floor_area_sqm_source.url	physical_attributes		46/300	str
floor_plan_analysis	images_assets	floor_plan	7/300	object
floor_plan_analysis.additional_features	images_assets	floor_plan	7/300	array[]/array[str]
floor_plan_analysis.bathrooms	physical_attributes		7/300	object
floor_plan_analysis.bathrooms.details	physical_attributes		7/300	str
floor_plan_analysis.bathrooms.ensuites	physical_attributes		7/300	int
floor_plan_analysis.bathrooms.full_bathrooms	physical_attributes		7/300	int
floor_plan_analysis.bathrooms.powder_rooms	physical_attributes		7/300	int
floor_plan_analysis.bathrooms.total_count	physical_attributes		7/300	int
floor_plan_analysis.bedrooms	physical_attributes		7/300	object
floor_plan_analysis.bedrooms.details	physical_attributes		7/300	str
floor_plan_analysis.bedrooms.total_count	physical_attributes		7/300	int
floor_plan_analysis.buyer_insights	images_assets	floor_plan	7/300	object
floor_plan_analysis.buyer_insights.considerations	images_assets	floor_plan	7/300	array[str]
floor_plan_analysis.buyer_insights.ideal_for	images_assets	floor_plan	7/300	array[str]
floor_plan_analysis.buyer_insights.key_benefits	images_assets	floor_plan	7/300	array[str]
floor_plan_analysis.buyer_insights.lifestyle_suitability	images_assets	floor_plan	7/300	str
floor_plan_analysis.data_quality	images_assets	floor_plan	7/300	object
floor_plan_analysis.data_quality.confidence_overall	valuation		7/300	str
floor_plan_analysis.data_quality.floor_plan_clarity	images_assets	floor_plan	7/300	str
floor_plan_analysis.data_quality.measurements_available	images_assets	floor_plan	7/300	bool
floor_plan_analysis.data_quality.missing_information	images_assets	floor_plan	7/300	array[str]
floor_plan_analysis.external_floor_area	physical_attributes		7/300	object
floor_plan_analysis.external_floor_area.confidence	physical_attributes		7/300	str
floor_plan_analysis.external_floor_area.notes	physical_attributes		7/300	str
floor_plan_analysis.external_floor_area.source	physical_attributes		7/300	str
floor_plan_analysis.external_floor_area.unit	physical_attributes		7/300	null/str
floor_plan_analysis.external_floor_area.value	physical_attributes		7/300	int/null
floor_plan_analysis.internal_floor_area	physical_attributes		7/300	object
floor_plan_analysis.internal_floor_area.confidence	physical_attributes		7/300	str
floor_plan_analysis.internal_floor_area.notes	physical_attributes		7/300	str
floor_plan_analysis.internal_floor_area.unit	physical_attributes		7/300	null/str
floor_plan_analysis.internal_floor_area.value	physical_attributes		7/300	int/null
floor_plan_analysis.layout_features	images_assets	floor_plan	7/300	object
floor_plan_analysis.layout_features.flow_description	images_assets	floor_plan	7/300	str
floor_plan_analysis.layout_features.highlights	images_assets	floor_plan	7/300	array[str]
floor_plan_analysis.layout_features.open_plan	images_assets	floor_plan	7/300	bool
floor_plan_analysis.layout_features.split_level	images_assets	floor_plan	7/300	bool
floor_plan_analysis.levels	images_assets	floor_plan	7/300	object
floor_plan_analysis.levels.level_details	images_assets	floor_plan	7/300	array[object]
floor_plan_analysis.levels.level_details[].floor_area	physical_attributes		7/300	object
floor_plan_analysis.levels.level_details[].floor_area.unit	physical_attributes		7/300	null/str
floor_plan_analysis.levels.level_details[].floor_area.value	physical_attributes		7/300	int/null
floor_plan_analysis.levels.level_details[].level_name	images_assets	floor_plan	7/300	str
floor_plan_analysis.levels.total_levels	images_assets	floor_plan	7/300	int
floor_plan_analysis.outdoor_spaces	images_assets	floor_plan	7/300	array[object]
floor_plan_analysis.outdoor_spaces[].dimensions	images_assets	floor_plan	7/300	object
floor_plan_analysis.outdoor_spaces[].dimensions.area	images_assets	floor_plan	7/300	float/int/null
floor_plan_analysis.outdoor_spaces[].dimensions.length	images_assets	floor_plan	7/300	float/null
floor_plan_analysis.outdoor_spaces[].dimensions.unit	images_assets	floor_plan	7/300	str
floor_plan_analysis.outdoor_spaces[].dimensions.width	images_assets	floor_plan	7/300	float/null
floor_plan_analysis.outdoor_spaces[].features	images_assets	floor_plan	7/300	array[str]
floor_plan_analysis.outdoor_spaces[].level	images_assets	floor_plan	7/300	str
floor_plan_analysis.outdoor_spaces[].type	images_assets	floor_plan	7/300	str
floor_plan_analysis.parking	physical_attributes		7/300	object
floor_plan_analysis.parking.carport_spaces	physical_attributes		7/300	int
floor_plan_analysis.parking.garage_spaces	physical_attributes		7/300	int
floor_plan_analysis.parking.garage_type	physical_attributes		7/300	str
floor_plan_analysis.parking.notes	physical_attributes		7/300	str
floor_plan_analysis.parking.total_spaces	physical_attributes		7/300	int
floor_plan_analysis.rooms	physical_attributes		7/300	array[object]
floor_plan_analysis.rooms[].dimensions	physical_attributes		7/300	object
floor_plan_analysis.rooms[].dimensions.area	physical_attributes		7/300	float/null
floor_plan_analysis.rooms[].dimensions.area_unit	physical_attributes		7/300	null/str
floor_plan_analysis.rooms[].dimensions.length	physical_attributes		7/300	float/null
floor_plan_analysis.rooms[].dimensions.unit	physical_attributes		7/300	null/str
floor_plan_analysis.rooms[].dimensions.width	physical_attributes		7/300	float/null
floor_plan_analysis.rooms[].features	physical_attributes		7/300	array[]/array[str]
floor_plan_analysis.rooms[].level	physical_attributes		7/300	str
floor_plan_analysis.rooms[].notes	physical_attributes		7/300	str
floor_plan_analysis.rooms[].room_name	physical_attributes		7/300	str
floor_plan_analysis.rooms[].room_type	physical_attributes		7/300	str
floor_plan_analysis.total_floor_area	physical_attributes		7/300	object
floor_plan_analysis.total_floor_area.confidence	physical_attributes		7/300	str
floor_plan_analysis.total_floor_area.notes	physical_attributes		7/300	str
floor_plan_analysis.total_floor_area.unit	physical_attributes		7/300	null/str
floor_plan_analysis.total_floor_area.value	physical_attributes		7/300	int/null
floor_plan_analysis.total_land_area	physical_attributes		7/300	object
floor_plan_analysis.total_land_area.confidence	physical_attributes		7/300	str
floor_plan_analysis.total_land_area.notes	physical_attributes		7/300	str
floor_plan_analysis.total_land_area.unit	physical_attributes		7/300	null/str
floor_plan_analysis.total_land_area.value	physical_attributes		7/300	int/null
floor_plans	images_assets	floor_plan	18/300	array[]/array[str]
floor_plans_original	images_assets	floor_plan	18/300	array[]/array[str]
floor_plans_oth_extracted	images_assets	floor_plan	1/300	array[str]
floor_plans_oth_extracted_at	images_assets	floor_plan	1/300	datetime
floor_plans_v2_classifier	images_assets	floor_plan	245/300	object
floor_plans_v2_classifier.candidates	images_assets	floor_plan	245/300	array[object]
floor_plans_v2_classifier.candidates[].of_total	images_assets	floor_plan	245/300	int
floor_plans_v2_classifier.candidates[].position	images_assets	floor_plan	245/300	int
floor_plans_v2_classifier.candidates[].raw	images_assets	floor_plan	245/300	str
floor_plans_v2_classifier.candidates[].source	images_assets	floor_plan	9/300	str
floor_plans_v2_classifier.candidates[].url	images_assets	floor_plan	245/300	str
floor_plans_v2_classifier.candidates[].verdict	images_assets	floor_plan	245/300	str
floor_plans_v2_classifier.candidates_classified	images_assets	floor_plan	245/300	int
floor_plans_v2_classifier.model	images_assets	floor_plan	245/300	str
floor_plans_v2_classifier.tail_n	images_assets	floor_plan	245/300	str
floor_plans_v2_classifier.total_images	images_assets	floor_plan	245/300	int
floor_plans_v2_classifier.unique_images	images_assets	floor_plan	245/300	int
floor_plans_v2_classifier.version	images_assets	floor_plan	245/300	str
floor_plans_v2_extracted	images_assets	floor_plan	245/300	array[]/array[str]
floor_plans_v2_extracted_at	images_assets	floor_plan	245/300	datetime
fullres_at	other		2/300	str
fullres_count	other		2/300	int
fullres_localized	other		2/300	bool
geocoded_coordinates	identity_location		4/300	object
geocoded_coordinates.display_name	identity_location		3/300	str
geocoded_coordinates.geocoded_at	identity_location		4/300	datetime
geocoded_coordinates.latitude	identity_location		4/300	float
geocoded_coordinates.longitude	identity_location		4/300	float
geocoded_coordinates.source	identity_location		4/300	str
georeference_data	identity_location		15/300	object
georeference_data.calculation_method	identity_location		15/300	str
georeference_data.coordinates	identity_location		15/300	object
georeference_data.coordinates.latitude	identity_location		15/300	float
georeference_data.coordinates.longitude	identity_location		15/300	float
georeference_data.distances	identity_location		15/300	object
georeference_data.distances.airport	identity_location		15/300	object
georeference_data.distances.airport.coordinates	identity_location		15/300	object
georeference_data.distances.airport.coordinates.latitude	identity_location		15/300	float
georeference_data.distances.airport.coordinates.longitude	identity_location		15/300	float
georeference_data.distances.airport.distance_km	identity_location		15/300	float
georeference_data.distances.airport.distance_meters	identity_location		15/300	int
georeference_data.distances.airport.name	identity_location		15/300	str
georeference_data.distances.beaches	identity_location		15/300	array[object]
georeference_data.distances.beaches[].coordinates	identity_location		15/300	object
georeference_data.distances.beaches[].coordinates.latitude	identity_location		15/300	float
georeference_data.distances.beaches[].coordinates.longitude	identity_location		15/300	float
georeference_data.distances.beaches[].distance_km	identity_location		15/300	float
georeference_data.distances.beaches[].distance_meters	identity_location		15/300	int
georeference_data.distances.beaches[].name	identity_location		15/300	str
georeference_data.distances.childcare_centers	identity_location		12/300	array[]
georeference_data.distances.hospitals	identity_location		15/300	array[object]
georeference_data.distances.hospitals[].coordinates	identity_location		15/300	object
georeference_data.distances.hospitals[].coordinates.latitude	identity_location		15/300	float
georeference_data.distances.hospitals[].coordinates.longitude	identity_location		15/300	float
georeference_data.distances.hospitals[].distance_km	identity_location		15/300	float
georeference_data.distances.hospitals[].distance_meters	identity_location		15/300	int
georeference_data.distances.hospitals[].name	identity_location		15/300	str
georeference_data.distances.hospitals[].place_id	identity_location		12/300	str
georeference_data.distances.hospitals[].rating	identity_location		12/300	float/null
georeference_data.distances.hospitals[].user_ratings_total	identity_location		12/300	int
georeference_data.distances.medical_centers	identity_location		12/300	array[]
georeference_data.distances.parks	identity_location		15/300	array[object]
georeference_data.distances.parks[].coordinates	identity_location		15/300	object
georeference_data.distances.parks[].coordinates.latitude	identity_location		15/300	float
georeference_data.distances.parks[].coordinates.longitude	identity_location		15/300	float
georeference_data.distances.parks[].distance_km	identity_location		15/300	float
georeference_data.distances.parks[].distance_meters	identity_location		15/300	int
georeference_data.distances.parks[].name	identity_location		15/300	str
georeference_data.distances.parks[].place_id	identity_location		12/300	str
georeference_data.distances.parks[].rating	identity_location		12/300	float/int/null
georeference_data.distances.parks[].user_ratings_total	identity_location		12/300	int
georeference_data.distances.pharmacies	identity_location		12/300	array[object]
georeference_data.distances.pharmacies[].coordinates	identity_location		12/300	object
georeference_data.distances.pharmacies[].coordinates.latitude	identity_location		12/300	float
georeference_data.distances.pharmacies[].coordinates.longitude	identity_location		12/300	float
georeference_data.distances.pharmacies[].distance_km	identity_location		12/300	float
georeference_data.distances.pharmacies[].distance_meters	identity_location		12/300	int
georeference_data.distances.pharmacies[].name	identity_location		12/300	str
georeference_data.distances.pharmacies[].place_id	identity_location		12/300	str
georeference_data.distances.pharmacies[].rating	identity_location		12/300	float
georeference_data.distances.pharmacies[].user_ratings_total	identity_location		12/300	int
georeference_data.distances.primary_schools	identity_location		15/300	array[object]
georeference_data.distances.primary_schools[].coordinates	identity_location		15/300	object
georeference_data.distances.primary_schools[].coordinates.latitude	identity_location		15/300	float
georeference_data.distances.primary_schools[].coordinates.longitude	identity_location		15/300	float
georeference_data.distances.primary_schools[].distance_km	identity_location		15/300	float
georeference_data.distances.primary_schools[].distance_meters	identity_location		15/300	int
georeference_data.distances.primary_schools[].name	identity_location		15/300	str
georeference_data.distances.primary_schools[].place_id	identity_location		12/300	str
georeference_data.distances.primary_schools[].rating	identity_location		12/300	null
georeference_data.distances.primary_schools[].user_ratings_total	identity_location		12/300	int
georeference_data.distances.public_transport	identity_location		15/300	array[object]
georeference_data.distances.public_transport[].coordinates	identity_location		15/300	object
georeference_data.distances.public_transport[].coordinates.latitude	identity_location		15/300	float
georeference_data.distances.public_transport[].coordinates.longitude	identity_location		15/300	float
georeference_data.distances.public_transport[].distance_km	identity_location		15/300	float
georeference_data.distances.public_transport[].distance_meters	identity_location		15/300	int
georeference_data.distances.public_transport[].name	identity_location		15/300	str
georeference_data.distances.public_transport[].place_id	identity_location		12/300	str
georeference_data.distances.public_transport[].rating	identity_location		12/300	float
georeference_data.distances.public_transport[].user_ratings_total	identity_location		12/300	int
georeference_data.distances.secondary_schools	identity_location		15/300	array[object]
georeference_data.distances.secondary_schools[].coordinates	identity_location		15/300	object
georeference_data.distances.secondary_schools[].coordinates.latitude	identity_location		15/300	float
georeference_data.distances.secondary_schools[].coordinates.longitude	identity_location		15/300	float
georeference_data.distances.secondary_schools[].distance_km	identity_location		15/300	float
georeference_data.distances.secondary_schools[].distance_meters	identity_location		15/300	int
georeference_data.distances.secondary_schools[].name	identity_location		15/300	str
georeference_data.distances.secondary_schools[].place_id	identity_location		12/300	str
georeference_data.distances.secondary_schools[].rating	identity_location		12/300	null
georeference_data.distances.secondary_schools[].user_ratings_total	identity_location		12/300	int
georeference_data.distances.shopping_malls	identity_location		15/300	array[object]
georeference_data.distances.shopping_malls[].coordinates	identity_location		15/300	object
georeference_data.distances.shopping_malls[].coordinates.latitude	identity_location		15/300	float
georeference_data.distances.shopping_malls[].coordinates.longitude	identity_location		15/300	float
georeference_data.distances.shopping_malls[].distance_km	identity_location		15/300	float
georeference_data.distances.shopping_malls[].distance_meters	identity_location		15/300	int
georeference_data.distances.shopping_malls[].name	identity_location		15/300	str
georeference_data.distances.shopping_malls[].place_id	identity_location		12/300	str
georeference_data.distances.shopping_malls[].rating	identity_location		12/300	float/null
georeference_data.distances.shopping_malls[].user_ratings_total	identity_location		12/300	int
georeference_data.distances.supermarkets	identity_location		15/300	array[object]
georeference_data.distances.supermarkets[].coordinates	identity_location		15/300	object
georeference_data.distances.supermarkets[].coordinates.latitude	identity_location		15/300	float
georeference_data.distances.supermarkets[].coordinates.longitude	identity_location		15/300	float
georeference_data.distances.supermarkets[].distance_km	identity_location		15/300	float
georeference_data.distances.supermarkets[].distance_meters	identity_location		15/300	int
georeference_data.distances.supermarkets[].name	identity_location		15/300	str
georeference_data.distances.supermarkets[].place_id	identity_location		12/300	str
georeference_data.distances.supermarkets[].rating	identity_location		12/300	float/int
georeference_data.distances.supermarkets[].user_ratings_total	identity_location		12/300	int
georeference_data.last_updated	identity_location		15/300	datetime
georeference_data.summary_stats	identity_location		15/300	object
georeference_data.summary_stats.airport_distance_km	identity_location		15/300	float
georeference_data.summary_stats.closest_beach_km	identity_location		15/300	float
georeference_data.summary_stats.closest_childcare_km	identity_location		12/300	null
georeference_data.summary_stats.closest_hospital_km	identity_location		15/300	float
georeference_data.summary_stats.closest_primary_school_km	identity_location		15/300	float
georeference_data.summary_stats.closest_secondary_school_km	identity_location		15/300	float
georeference_data.summary_stats.closest_supermarket_km	identity_location		15/300	float
georeference_data.summary_stats.total_amenities_within_1km	identity_location		15/300	int
georeference_data.summary_stats.total_amenities_within_2km	identity_location		15/300	int
georeference_data.summary_stats.total_amenities_within_5km	identity_location		15/300	int
history	other		4/300	object
history.agents_description	listing_scrape		4/300	array[object]
history.agents_description[].recorded_at	listing_scrape		4/300	datetime
history.agents_description[].value	listing_scrape		4/300	str
history.inspection_times	other		3/300	array[object]
history.inspection_times[].recorded_at	other		3/300	datetime
history.inspection_times[].value	other		3/300	array[str]
history.price	other		4/300	array[object]
history.price[].recorded_at	other		4/300	datetime
history.price[].value	other		4/300	str
house_plan	other		38/300	object
house_plan.confidence_score	valuation		38/300	float
house_plan.floor_area_source	physical_attributes		38/300	str
house_plan.floor_area_sqm	physical_attributes		38/300	float/int/null
house_plan.number_of_levels	other		38/300	int
house_plan.plans_details	other		38/300	array[object]
house_plan.plans_details[].confidence_score	valuation		38/300	float
house_plan.plans_details[].dimensions	other		38/300	null/str
house_plan.plans_details[].floor_area_source	physical_attributes		38/300	str
house_plan.plans_details[].floor_area_sqm	physical_attributes		38/300	float/int/null
house_plan.plans_details[].image_index	images_assets	floor_plan	38/300	int
house_plan.plans_details[].is_floor_plan	images_assets	floor_plan	38/300	bool
house_plan.urls	other		38/300	array[str]
image_analysis	images_assets	facade_gallery	9/300	array[]
image_derivative_widths	images_assets	facade_gallery	6/300	array[int]
image_history	images_assets	facade_gallery	10/300	array[object]
image_history[].blob_prefix	images_assets	facade_gallery	10/300	str
image_history[].captured_at	images_assets	facade_gallery	10/300	str
image_history[].floor_plan_count	images_assets	floor_plan	10/300	int
image_history[].image_count	images_assets	facade_gallery	10/300	int
image_history[].listing_url	images_assets	facade_gallery	10/300	str
image_history[].source	images_assets	facade_gallery	10/300	str
image_history[].urls	images_assets	facade_gallery	10/300	array[str]
images_blob_uploaded_at	images_assets	facade_gallery	243/300	str
images_uploaded_to_blob	images_assets	facade_gallery	243/300	bool
inspection_times	other		8/300	array[str]
is_strata_title	other		192/300	bool
is_waterfront	other		7/300	bool
land_size	physical_attributes		1/300	str
land_size_sqm	physical_attributes		64/300	int
land_size_sqm_corrected	physical_attributes		1/300	bool
land_size_sqm_correction_reason	physical_attributes		1/300	str
land_size_sqm_original	physical_attributes		1/300	int
land_size_sqm_source	physical_attributes		56/300	object
land_size_sqm_source.fetched_at	physical_attributes		56/300	str
land_size_sqm_source.matched	physical_attributes		56/300	str
land_size_sqm_source.path	physical_attributes		56/300	str
land_size_sqm_source.script	physical_attributes		56/300	str
land_size_sqm_source.url	physical_attributes		56/300	str
last_enriched	other		9/300	null
last_updated	other		9/300	datetime/str
last_updated_date	other		9/300	null
last_valuation_date	valuation		9/300	datetime
listing_price	other		11/300	str
listing_status	listing_scrape		18/300	str
listing_url	other		17/300	str
living_map	images_assets	living_map	285/300	object
living_map.address	identity_location		285/300	null/str
living_map.build_notes	images_assets	living_map	285/300	object
living_map.build_notes.gaps	images_assets	living_map	285/300	array[]/array[str]
living_map.catchments	images_assets	living_map	285/300	array[object]
living_map.catchments[].level	images_assets	living_map	285/300	str
living_map.catchments[].poly	images_assets	living_map	285/300	array[array[float]]
living_map.catchments[].school	images_assets	living_map	285/300	str
living_map.center	images_assets	living_map	285/300	object
living_map.center.lat	images_assets	living_map	285/300	float
living_map.center.lon	images_assets	living_map	285/300	float
living_map.comps	valuation		285/300	array[]/array[object]
living_map.comps[].address	identity_location		140/300	str
living_map.comps[].adj_pct	valuation		140/300	float
living_map.comps[].adjusted_price	valuation		140/300	int
living_map.comps[].bearing	valuation		140/300	int
living_map.comps[].compass	valuation		140/300	str
living_map.comps[].distance_km	valuation		140/300	float
living_map.comps[].lat	valuation		140/300	float
living_map.comps[].lon	valuation		140/300	float
living_map.comps[].sale_date	valuation		140/300	null/str
living_map.comps[].sale_price	valuation		140/300	float
living_map.computed_at	images_assets	living_map	285/300	str
living_map.id	images_assets	living_map	285/300	str
living_map.parcel	images_assets	living_map	285/300	null/object
living_map.parcel.area_sqm	images_assets	living_map	284/300	float/null
living_map.parcel.lotplan	images_assets	living_map	284/300	str
living_map.parcel.rings	images_assets	living_map	284/300	array[array[array[float]]]
living_map.pois	images_assets	living_map	285/300	array[object]
living_map.pois[].cat	images_assets	living_map	285/300	str
living_map.pois[].drive_km	images_assets	living_map	285/300	float
living_map.pois[].drive_min	images_assets	living_map	285/300	int
living_map.pois[].lat	images_assets	living_map	285/300	float
living_map.pois[].lon	images_assets	living_map	285/300	float
living_map.pois[].name	images_assets	living_map	285/300	str
living_map.pois[].straight_m	images_assets	living_map	285/300	int
living_map.pois[].walk_min	images_assets	living_map	285/300	int
living_map.routes	images_assets	living_map	285/300	array[object]
living_map.routes[].color	images_assets	living_map	285/300	str
living_map.routes[].geom	identity_location		285/300	array[array[float]]
living_map.routes[].km	images_assets	living_map	285/300	float
living_map.routes[].min	images_assets	living_map	285/300	int
living_map.routes[].name	images_assets	living_map	285/300	str
living_map.subject_value	images_assets	living_map	285/300	null/object
living_map.subject_value.estimate	images_assets	living_map	94/300	int
living_map.subject_value.high	images_assets	living_map	94/300	int
living_map.subject_value.low	images_assets	living_map	94/300	int
living_map.tiles	images_assets	living_map	285/300	object
living_map.tiles.city	images_assets	living_map	285/300	str
living_map.tiles.house	images_assets	living_map	4/300	str
living_map.tiles.street	images_assets	living_map	4/300	str
living_map.tiles.suburb	identity_location		285/300	str
living_map.version	images_assets	living_map	285/300	int
living_map_built_at	images_assets	living_map	285/300	str
lot_size_calc_sqm	other		192/300	float
lot_size_sqm	other		213/300	float
lot_size_sqm_source	pipeline_meta		192/300	str
matched_from_for_sale	other		2/300	str
media_backfilled_at	pipeline_meta		1/300	str
nearby_pois	other		1/300	object
nearby_pois.by_category	other		1/300	object
nearby_pois.by_category.cafe	other		1/300	array[object]
nearby_pois.by_category.cafe[].address	identity_location		1/300	str
nearby_pois.by_category.cafe[].distance_km	other		1/300	float
nearby_pois.by_category.cafe[].distance_m	other		1/300	int
nearby_pois.by_category.cafe[].latitude	identity_location		1/300	float
nearby_pois.by_category.cafe[].longitude	identity_location		1/300	float
nearby_pois.by_category.cafe[].name	other		1/300	str
nearby_pois.by_category.cafe[].place_id	other		1/300	str
nearby_pois.by_category.cafe[].rating	other		1/300	float
nearby_pois.by_category.cafe[].user_ratings_total	other		1/300	int
nearby_pois.by_category.childcare	physical_attributes		1/300	array[object]
nearby_pois.by_category.childcare[].address	identity_location		1/300	str
nearby_pois.by_category.childcare[].distance_km	physical_attributes		1/300	float
nearby_pois.by_category.childcare[].distance_m	physical_attributes		1/300	int
nearby_pois.by_category.childcare[].latitude	identity_location		1/300	float
nearby_pois.by_category.childcare[].longitude	identity_location		1/300	float
nearby_pois.by_category.childcare[].name	physical_attributes		1/300	str
nearby_pois.by_category.childcare[].place_id	physical_attributes		1/300	str
nearby_pois.by_category.childcare[].rating	physical_attributes		1/300	int
nearby_pois.by_category.childcare[].user_ratings_total	physical_attributes		1/300	int
nearby_pois.by_category.park	other		1/300	array[object]
nearby_pois.by_category.park[].address	identity_location		1/300	str
nearby_pois.by_category.park[].distance_km	other		1/300	float
nearby_pois.by_category.park[].distance_m	other		1/300	int
nearby_pois.by_category.park[].latitude	identity_location		1/300	float
nearby_pois.by_category.park[].longitude	identity_location		1/300	float
nearby_pois.by_category.park[].name	other		1/300	str
nearby_pois.by_category.park[].place_id	other		1/300	str
nearby_pois.by_category.park[].rating	other		1/300	null
nearby_pois.by_category.park[].user_ratings_total	other		1/300	int
nearby_pois.by_category.primary_school	other		1/300	array[object]
nearby_pois.by_category.primary_school[].address	identity_location		1/300	str
nearby_pois.by_category.primary_school[].distance_km	other		1/300	float
nearby_pois.by_category.primary_school[].distance_m	other		1/300	int
nearby_pois.by_category.primary_school[].latitude	identity_location		1/300	float
nearby_pois.by_category.primary_school[].longitude	identity_location		1/300	float
nearby_pois.by_category.primary_school[].name	other		1/300	str
nearby_pois.by_category.primary_school[].place_id	other		1/300	str
nearby_pois.by_category.primary_school[].rating	other		1/300	null
nearby_pois.by_category.primary_school[].user_ratings_total	other		1/300	int
nearby_pois.by_category.secondary_school	other		1/300	array[object]
nearby_pois.by_category.secondary_school[].address	identity_location		1/300	str
nearby_pois.by_category.secondary_school[].distance_km	other		1/300	float
nearby_pois.by_category.secondary_school[].distance_m	other		1/300	int
nearby_pois.by_category.secondary_school[].latitude	identity_location		1/300	float
nearby_pois.by_category.secondary_school[].longitude	identity_location		1/300	float
nearby_pois.by_category.secondary_school[].name	other		1/300	str
nearby_pois.by_category.secondary_school[].place_id	other		1/300	str
nearby_pois.by_category.secondary_school[].rating	other		1/300	null
nearby_pois.by_category.secondary_school[].user_ratings_total	other		1/300	int
nearby_pois.by_category.supermarket	market_metrics		1/300	array[object]
nearby_pois.by_category.supermarket[].address	identity_location		1/300	str
nearby_pois.by_category.supermarket[].distance_km	market_metrics		1/300	float
nearby_pois.by_category.supermarket[].distance_m	market_metrics		1/300	int
nearby_pois.by_category.supermarket[].latitude	identity_location		1/300	float
nearby_pois.by_category.supermarket[].longitude	identity_location		1/300	float
nearby_pois.by_category.supermarket[].name	market_metrics		1/300	str
nearby_pois.by_category.supermarket[].place_id	market_metrics		1/300	str
nearby_pois.by_category.supermarket[].rating	market_metrics		1/300	float
nearby_pois.by_category.supermarket[].user_ratings_total	market_metrics		1/300	int
nearby_pois.enriched_at	other		1/300	datetime
nearby_pois.nearby	other		1/300	array[]
nearby_pois.short_drive	other		1/300	array[object]
nearby_pois.short_drive[].category	other		1/300	str
nearby_pois.short_drive[].distance_km	other		1/300	float
nearby_pois.short_drive[].distance_m	other		1/300	int
nearby_pois.short_drive[].name	other		1/300	str
nearby_pois.short_drive[].rating	other		1/300	float
nearby_pois.summary	other		1/300	object
nearby_pois.summary.closest_cafe_km	other		1/300	float
nearby_pois.summary.closest_childcare_km	physical_attributes		1/300	float
nearby_pois.summary.closest_park_km	other		1/300	float
nearby_pois.summary.closest_school_km	other		1/300	float
nearby_pois.summary.closest_supermarket_km	market_metrics		1/300	float
nearby_pois.summary.total_within_1km	other		1/300	int
nearby_pois.summary.total_within_2km	other		1/300	int
nearby_pois.walkable	other		1/300	array[object]
nearby_pois.walkable[].category	other		1/300	str
nearby_pois.walkable[].distance_km	other		1/300	float
nearby_pois.walkable[].distance_m	other		1/300	int
nearby_pois.walkable[].name	other		1/300	str
nearby_pois.walkable[].rating	other		1/300	float
nearest_beach_distance_km	other		1/300	float
nearest_beach_name	other		1/300	str
next_nearest_beach_distance_km	other		1/300	float
next_nearest_beach_name	other		1/300	str
occupancy_timeline	offmarket_report		4/300	array[object]
occupancy_timeline[].agency	offmarket_report		4/300	null/str
occupancy_timeline[].category	offmarket_report		4/300	str
occupancy_timeline[].date	offmarket_report		4/300	str
occupancy_timeline[].days_on_market	market_metrics		4/300	int/null
occupancy_timeline[].is_major_event	offmarket_report		4/300	bool
occupancy_timeline[].is_sold	transactions_history		4/300	bool
occupancy_timeline[].price	offmarket_report		4/300	int/null
occupancy_timeline_refreshed_at	offmarket_report		4/300	datetime
og_title	other		17/300	str
ollama_analysis	other		8/300	object
ollama_analysis.engine	other		6/300	str
ollama_analysis.images_analyzed	images_assets	facade_gallery	6/300	int
ollama_analysis.model	other		6/300	str
ollama_analysis.model_used	other		2/300	str
ollama_analysis.processed	other		8/300	bool
ollama_analysis.processed_at	other		8/300	datetime
ollama_analysis.processing_duration_seconds	other		6/300	float
ollama_analysis.total_images_analyzed	images_assets	facade_gallery	2/300	int
ollama_analysis.worker_id	other		6/300	str
ollama_floor_plan_analysis	images_assets	floor_plan	1/300	object
ollama_floor_plan_analysis.has_floor_plan	images_assets	floor_plan	1/300	bool
ollama_floor_plan_analysis.processed_at	images_assets	floor_plan	1/300	datetime
ollama_floor_plan_analysis.processing_duration_seconds	images_assets	floor_plan	1/300	null
ollama_floor_plan_analysis.skip_reason	images_assets	floor_plan	1/300	str
ollama_image_analysis	images_assets	facade_gallery	8/300	array[]/array[object]
ollama_image_analysis[].description	images_assets	facade_gallery	4/300	str
ollama_image_analysis[].features_visible	images_assets	facade_gallery	4/300	array[str]
ollama_image_analysis[].image_index	images_assets	facade_gallery	4/300	int
ollama_image_analysis[].image_type	images_assets	facade_gallery	4/300	str
ollama_image_analysis[].marketing_value	images_assets	facade_gallery	4/300	str
ollama_image_analysis[].quality_score	images_assets	facade_gallery	4/300	int
ollama_image_analysis[].url	images_assets	facade_gallery	4/300	str
ollama_image_analysis[].usefulness_score	images_assets	facade_gallery	4/300	int
ollama_property_data	other		6/300	object
ollama_property_data.exterior	other		6/300	object
ollama_property_data.interior	other		6/300	object
ollama_property_data.layout	other		6/300	object
ollama_property_data.metadata	other		6/300	object
ollama_property_data.metadata.analysis_engine	other		6/300	str
ollama_property_data.metadata.analysis_method	other		6/300	str
ollama_property_data.metadata.extracted_at	other		6/300	float
ollama_property_data.metadata.model_used	other		6/300	str
ollama_property_data.metadata.total_images_analyzed	images_assets	facade_gallery	6/300	int
ollama_property_data.outdoor	other		6/300	object
ollama_property_data.overall	other		6/300	object
ollama_property_data.overall.unique_features	other		6/300	array[]/array[str]
ollama_property_data.renovation	other		6/300	object
ollama_property_data.structural	other		6/300	object
on_demand_valuation	valuation		3/300	bool
onthehouse_data	listing_scrape		94/300	object
onthehouse_data.bathrooms	physical_attributes		94/300	int/null
onthehouse_data.bedrooms	physical_attributes		94/300	int/null
onthehouse_data.car_spaces	physical_attributes		94/300	int/null
onthehouse_data.fetched_at	listing_scrape		94/300	str
onthehouse_data.floor_area_sqm	physical_attributes		94/300	int/null
onthehouse_data.formatted_address	identity_location		94/300	str
onthehouse_data.key	listing_scrape		94/300	array[str]
onthehouse_data.land_size_sqm	physical_attributes		94/300	int/null
onthehouse_data.latitude	identity_location		94/300	float
onthehouse_data.longitude	identity_location		94/300	float
onthehouse_data.url	listing_scrape		94/300	str
onthehouse_data.year_built	listing_scrape		94/300	int/null
orchestrator	other		5/300	object
orchestrator.change_history	other		5/300	array[object]
orchestrator.change_history[].at	other		5/300	datetime
orchestrator.change_history[].changes	other		5/300	object
orchestrator.change_history[].changes.inspection_times	other		2/300	object
orchestrator.change_history[].changes.inspection_times.new	other		2/300	array[str]
orchestrator.change_history[].changes.inspection_times.old	other		2/300	array[str]
orchestrator.change_history[].changes.price	other		3/300	object
orchestrator.change_history[].changes.price.new	other		3/300	str
orchestrator.change_history[].changes.price.old	other		3/300	str
orchestrator.change_history[].run_id	other		5/300	str
osm_location_features	other		295/300	object
osm_location_features.metadata	other		295/300	object
osm_location_features.metadata.api_source	pipeline_meta		37/300	str
osm_location_features.metadata.osm_data_version	other		37/300	str
osm_location_features.metadata.osm_elements_found	other		37/300	int
osm_location_features.metadata.processed_at	other		37/300	str
osm_location_features.metadata.water_backfilled_at	pipeline_meta		258/300	str
osm_location_features.metadata.water_source	pipeline_meta		258/300	str
osm_location_features.road_classification	other		37/300	object
osm_location_features.road_classification.distance_to_motorway_m	other		37/300	null
osm_location_features.road_classification.distance_to_nearest_road_m	other		37/300	float
osm_location_features.road_classification.distance_to_primary_road_m	other		37/300	float/null
osm_location_features.road_classification.distance_to_secondary_road_m	other		37/300	float/null
osm_location_features.road_classification.faces_major_road	other		37/300	bool
osm_location_features.road_classification.is_corner_lot	other		37/300	bool
osm_location_features.road_classification.is_cul_de_sac	other		37/300	bool
osm_location_features.road_classification.nearby_road_count	other		37/300	int
osm_location_features.road_classification.nearest_road_type	other		37/300	str
osm_location_features.road_classification.traffic_exposure_score	other		37/300	float/int
osm_location_features.water_features	other		295/300	object
osm_location_features.water_features.canal_adjacent	other		295/300	bool
osm_location_features.water_features.canal_frontage	other		295/300	bool
osm_location_features.water_features.distance_to_canal_m	other		295/300	null
osm_location_features.water_features.distance_to_water_m	other		295/300	float/null
osm_location_features.water_features.nearest_water_type	other		295/300	null/str
osm_location_features.water_features.waterfront_premium_eligible	other		295/300	bool
osm_location_features.water_features.waterfront_type	other		295/300	str
oth_floorplan_urls	images_assets	floor_plan	1/300	array[str]
oth_image_urls	images_assets	facade_gallery	3/300	array[str]
oth_not_found	other		22/300	bool
oth_scraped_at	other		22/300	datetime
parcel_state	other		192/300	str
parking	physical_attributes		1/300	int
parsed_rooms	physical_attributes		15/300	object
parsed_rooms.alfresco	physical_attributes		2/300	object
parsed_rooms.alfresco.area	physical_attributes		2/300	float
parsed_rooms.alfresco.length	physical_attributes		2/300	float
parsed_rooms.alfresco.room_name	physical_attributes		2/300	str
parsed_rooms.alfresco.source	physical_attributes		2/300	null
parsed_rooms.alfresco.width	physical_attributes		2/300	float
parsed_rooms.balcony	physical_attributes		2/300	object
parsed_rooms.balcony.area	physical_attributes		2/300	float/null
parsed_rooms.balcony.length	physical_attributes		2/300	float
parsed_rooms.balcony.room_name	physical_attributes		2/300	str
parsed_rooms.balcony.source	physical_attributes		2/300	null/str
parsed_rooms.balcony.width	physical_attributes		2/300	float
parsed_rooms.balcony_3	physical_attributes		1/300	object
parsed_rooms.balcony_3.area	physical_attributes		1/300	null
parsed_rooms.balcony_3.length	physical_attributes		1/300	null
parsed_rooms.balcony_3.room_name	physical_attributes		1/300	str
parsed_rooms.balcony_3.source	physical_attributes		1/300	str
parsed_rooms.balcony_3.width	physical_attributes		1/300	null
parsed_rooms.bathroom	physical_attributes		2/300	object
parsed_rooms.bathroom.area	physical_attributes		2/300	float/null
parsed_rooms.bathroom.length	physical_attributes		2/300	float/null
parsed_rooms.bathroom.room_name	physical_attributes		2/300	str
parsed_rooms.bathroom.source	physical_attributes		2/300	null/str
parsed_rooms.bathroom.width	physical_attributes		2/300	float/null
parsed_rooms.bathroom_2	physical_attributes		1/300	object
parsed_rooms.bathroom_2.area	physical_attributes		1/300	float
parsed_rooms.bathroom_2.length	physical_attributes		1/300	float
parsed_rooms.bathroom_2.room_name	physical_attributes		1/300	str
parsed_rooms.bathroom_2.source	physical_attributes		1/300	null
parsed_rooms.bathroom_2.width	physical_attributes		1/300	float
parsed_rooms.bedroom	physical_attributes		13/300	object
parsed_rooms.bedroom.area	physical_attributes		13/300	float/null
parsed_rooms.bedroom.length	physical_attributes		13/300	float
parsed_rooms.bedroom.room_name	physical_attributes		13/300	str
parsed_rooms.bedroom.source	physical_attributes		13/300	null/str
parsed_rooms.bedroom.width	physical_attributes		13/300	float
parsed_rooms.bedroom_2	physical_attributes		13/300	object
parsed_rooms.bedroom_2.area	physical_attributes		13/300	float/null
parsed_rooms.bedroom_2.length	physical_attributes		13/300	float
parsed_rooms.bedroom_2.room_name	physical_attributes		13/300	str
parsed_rooms.bedroom_2.source	physical_attributes		13/300	null/str
parsed_rooms.bedroom_2.width	physical_attributes		13/300	float
parsed_rooms.bedroom_3	physical_attributes		11/300	object
parsed_rooms.bedroom_3.area	physical_attributes		11/300	float/null
parsed_rooms.bedroom_3.length	physical_attributes		11/300	float
parsed_rooms.bedroom_3.room_name	physical_attributes		11/300	str
parsed_rooms.bedroom_3.source	physical_attributes		11/300	null/str
parsed_rooms.bedroom_3.width	physical_attributes		11/300	float
parsed_rooms.bedroom_4	physical_attributes		6/300	object
parsed_rooms.bedroom_4.area	physical_attributes		6/300	float
parsed_rooms.bedroom_4.length	physical_attributes		6/300	float
parsed_rooms.bedroom_4.room_name	physical_attributes		6/300	str
parsed_rooms.bedroom_4.source	physical_attributes		6/300	null
parsed_rooms.bedroom_4.width	physical_attributes		6/300	float
parsed_rooms.bedroom_5	physical_attributes		1/300	object
parsed_rooms.bedroom_5.area	physical_attributes		1/300	float
parsed_rooms.bedroom_5.length	physical_attributes		1/300	float
parsed_rooms.bedroom_5.room_name	physical_attributes		1/300	str
parsed_rooms.bedroom_5.source	physical_attributes		1/300	null
parsed_rooms.bedroom_5.width	physical_attributes		1/300	float
parsed_rooms.deck	physical_attributes		1/300	object
parsed_rooms.deck.area	physical_attributes		1/300	float
parsed_rooms.deck.length	physical_attributes		1/300	float
parsed_rooms.deck.room_name	physical_attributes		1/300	str
parsed_rooms.deck.source	physical_attributes		1/300	null
parsed_rooms.deck.width	physical_attributes		1/300	float
parsed_rooms.dining_room	physical_attributes		12/300	object
parsed_rooms.dining_room.area	physical_attributes		12/300	float/null
parsed_rooms.dining_room.length	physical_attributes		12/300	float
parsed_rooms.dining_room.room_name	physical_attributes		12/300	str
parsed_rooms.dining_room.source	physical_attributes		12/300	null/str
parsed_rooms.dining_room.width	physical_attributes		12/300	float/int
parsed_rooms.dining_room_2	physical_attributes		1/300	object
parsed_rooms.dining_room_2.area	physical_attributes		1/300	float
parsed_rooms.dining_room_2.length	physical_attributes		1/300	float
parsed_rooms.dining_room_2.room_name	physical_attributes		1/300	str
parsed_rooms.dining_room_2.source	physical_attributes		1/300	null
parsed_rooms.dining_room_2.width	physical_attributes		1/300	float
parsed_rooms.ensuite	physical_attributes		1/300	object
parsed_rooms.ensuite.area	physical_attributes		1/300	null
parsed_rooms.ensuite.length	physical_attributes		1/300	null
parsed_rooms.ensuite.room_name	physical_attributes		1/300	str
parsed_rooms.ensuite.source	physical_attributes		1/300	str
parsed_rooms.ensuite.width	physical_attributes		1/300	null
parsed_rooms.family_room	physical_attributes		5/300	object
parsed_rooms.family_room.area	physical_attributes		5/300	float
parsed_rooms.family_room.length	physical_attributes		5/300	float
parsed_rooms.family_room.room_name	physical_attributes		5/300	str
parsed_rooms.family_room.source	physical_attributes		5/300	null
parsed_rooms.family_room.width	physical_attributes		5/300	float
parsed_rooms.foyer	physical_attributes		2/300	object
parsed_rooms.foyer.area	physical_attributes		2/300	float
parsed_rooms.foyer.length	physical_attributes		2/300	float
parsed_rooms.foyer.room_name	physical_attributes		2/300	str
parsed_rooms.foyer.source	physical_attributes		2/300	null
parsed_rooms.foyer.width	physical_attributes		2/300	float
parsed_rooms.garage	physical_attributes		12/300	object
parsed_rooms.garage.area	physical_attributes		12/300	float/null
parsed_rooms.garage.length	physical_attributes		12/300	float
parsed_rooms.garage.room_name	physical_attributes		12/300	str
parsed_rooms.garage.source	physical_attributes		12/300	null/str
parsed_rooms.garage.width	physical_attributes		12/300	float
parsed_rooms.kitchen	physical_attributes		8/300	object
parsed_rooms.kitchen.area	physical_attributes		8/300	float/null
parsed_rooms.kitchen.length	physical_attributes		8/300	float
parsed_rooms.kitchen.room_name	physical_attributes		8/300	str
parsed_rooms.kitchen.source	physical_attributes		8/300	null/str
parsed_rooms.kitchen.width	physical_attributes		8/300	float
parsed_rooms.laundry	physical_attributes		2/300	object
parsed_rooms.laundry.area	physical_attributes		2/300	float/null
parsed_rooms.laundry.length	physical_attributes		2/300	float/null
parsed_rooms.laundry.room_name	physical_attributes		2/300	str
parsed_rooms.laundry.source	physical_attributes		2/300	null/str
parsed_rooms.laundry.width	physical_attributes		2/300	float/null
parsed_rooms.living_room	physical_attributes		15/300	object
parsed_rooms.living_room.area	physical_attributes		15/300	float/null
parsed_rooms.living_room.length	physical_attributes		15/300	float
parsed_rooms.living_room.room_name	physical_attributes		15/300	str
parsed_rooms.living_room.source	physical_attributes		15/300	null/str
parsed_rooms.living_room.width	physical_attributes		15/300	float/int
parsed_rooms.living_room_2	physical_attributes		1/300	object
parsed_rooms.living_room_2.area	physical_attributes		1/300	float
parsed_rooms.living_room_2.length	physical_attributes		1/300	float
parsed_rooms.living_room_2.room_name	physical_attributes		1/300	str
parsed_rooms.living_room_2.source	physical_attributes		1/300	null
parsed_rooms.living_room_2.width	physical_attributes		1/300	float
parsed_rooms.lounge	physical_attributes		1/300	object
parsed_rooms.lounge.area	physical_attributes		1/300	float
parsed_rooms.lounge.length	physical_attributes		1/300	float
parsed_rooms.lounge.room_name	physical_attributes		1/300	str
parsed_rooms.lounge.source	physical_attributes		1/300	null
parsed_rooms.lounge.width	physical_attributes		1/300	float
parsed_rooms.master_bedroom	physical_attributes		1/300	object
parsed_rooms.master_bedroom.area	physical_attributes		1/300	float
parsed_rooms.master_bedroom.length	physical_attributes		1/300	float
parsed_rooms.master_bedroom.room_name	physical_attributes		1/300	str
parsed_rooms.master_bedroom.source	physical_attributes		1/300	null
parsed_rooms.master_bedroom.width	physical_attributes		1/300	float
parsed_rooms.media_room	physical_attributes		3/300	object
parsed_rooms.media_room.area	physical_attributes		3/300	float
parsed_rooms.media_room.length	physical_attributes		3/300	float/int
parsed_rooms.media_room.room_name	physical_attributes		3/300	str
parsed_rooms.media_room.source	physical_attributes		3/300	null
parsed_rooms.media_room.width	physical_attributes		3/300	float
parsed_rooms.multipurpose_room	physical_attributes		1/300	object
parsed_rooms.multipurpose_room.area	physical_attributes		1/300	float
parsed_rooms.multipurpose_room.length	physical_attributes		1/300	float
parsed_rooms.multipurpose_room.room_name	physical_attributes		1/300	str
parsed_rooms.multipurpose_room.source	physical_attributes		1/300	null
parsed_rooms.multipurpose_room.width	physical_attributes		1/300	int
parsed_rooms.other	physical_attributes		2/300	object
parsed_rooms.other.area	physical_attributes		2/300	float/null
parsed_rooms.other.length	physical_attributes		2/300	float/null
parsed_rooms.other.room_name	physical_attributes		2/300	str
parsed_rooms.other.source	physical_attributes		2/300	null/str
parsed_rooms.other.width	physical_attributes		2/300	float/null
parsed_rooms.other_3	physical_attributes		1/300	object
parsed_rooms.other_3.area	physical_attributes		1/300	null
parsed_rooms.other_3.length	physical_attributes		1/300	float
parsed_rooms.other_3.room_name	physical_attributes		1/300	str
parsed_rooms.other_3.source	physical_attributes		1/300	str
parsed_rooms.other_3.width	physical_attributes		1/300	float
parsed_rooms.outdoor	physical_attributes		1/300	object
parsed_rooms.outdoor.area	physical_attributes		1/300	float
parsed_rooms.outdoor.length	physical_attributes		1/300	float
parsed_rooms.outdoor.room_name	physical_attributes		1/300	str
parsed_rooms.outdoor.source	physical_attributes		1/300	null
parsed_rooms.outdoor.width	physical_attributes		1/300	float
parsed_rooms.outside	physical_attributes		1/300	object
parsed_rooms.outside.area	physical_attributes		1/300	float
parsed_rooms.outside.length	physical_attributes		1/300	float
parsed_rooms.outside.room_name	physical_attributes		1/300	str
parsed_rooms.outside.source	physical_attributes		1/300	null
parsed_rooms.outside.width	physical_attributes		1/300	float
parsed_rooms.outside_2	physical_attributes		1/300	object
parsed_rooms.outside_2.area	physical_attributes		1/300	float
parsed_rooms.outside_2.length	physical_attributes		1/300	float
parsed_rooms.outside_2.room_name	physical_attributes		1/300	str
parsed_rooms.outside_2.source	physical_attributes		1/300	null
parsed_rooms.outside_2.width	physical_attributes		1/300	float
parsed_rooms.patio	physical_attributes		3/300	object
parsed_rooms.patio.area	physical_attributes		3/300	float
parsed_rooms.patio.length	physical_attributes		3/300	float
parsed_rooms.patio.room_name	physical_attributes		3/300	str
parsed_rooms.patio.source	physical_attributes		3/300	null
parsed_rooms.patio.width	physical_attributes		3/300	float
parsed_rooms.patio_2	physical_attributes		1/300	object
parsed_rooms.patio_2.area	physical_attributes		1/300	float
parsed_rooms.patio_2.length	physical_attributes		1/300	float
parsed_rooms.patio_2.room_name	physical_attributes		1/300	str
parsed_rooms.patio_2.source	physical_attributes		1/300	null
parsed_rooms.patio_2.width	physical_attributes		1/300	float
parsed_rooms.storage	physical_attributes		1/300	object
parsed_rooms.storage.area	physical_attributes		1/300	float
parsed_rooms.storage.length	physical_attributes		1/300	float
parsed_rooms.storage.room_name	physical_attributes		1/300	str
parsed_rooms.storage.source	physical_attributes		1/300	null
parsed_rooms.storage.width	physical_attributes		1/300	float
parsed_rooms.store	physical_attributes		1/300	object
parsed_rooms.store.area	physical_attributes		1/300	float
parsed_rooms.store.length	physical_attributes		1/300	float
parsed_rooms.store.room_name	physical_attributes		1/300	str
parsed_rooms.store.source	physical_attributes		1/300	null
parsed_rooms.store.width	physical_attributes		1/300	float
parsed_rooms.study	physical_attributes		2/300	object
parsed_rooms.study.area	physical_attributes		2/300	float
parsed_rooms.study.length	physical_attributes		2/300	float
parsed_rooms.study.room_name	physical_attributes		2/300	str
parsed_rooms.study.source	physical_attributes		2/300	null
parsed_rooms.study.width	physical_attributes		2/300	float
parsed_rooms_updated	physical_attributes		15/300	datetime
photo_tour_order	images_assets	facade_gallery	4/300	array[object]
photo_tour_order[].description	images_assets	facade_gallery	4/300	str
photo_tour_order[].image_index	images_assets	facade_gallery	4/300	int
photo_tour_order[].reorder_position	images_assets	facade_gallery	4/300	int
photo_tour_order[].selection_reason	images_assets	facade_gallery	4/300	str
photo_tour_order[].tour_metadata	images_assets	facade_gallery	4/300	object
photo_tour_order[].tour_metadata.average_usefulness_score	images_assets	facade_gallery	4/300	float/int
photo_tour_order[].tour_metadata.created_at	images_assets	facade_gallery	4/300	float
photo_tour_order[].tour_metadata.model_used	images_assets	facade_gallery	4/300	str
photo_tour_order[].tour_metadata.sections_included	images_assets	facade_gallery	4/300	array[str]
photo_tour_order[].tour_metadata.sections_missing	images_assets	facade_gallery	4/300	array[str]
photo_tour_order[].tour_metadata.total_photos_selected	images_assets	facade_gallery	4/300	int
photo_tour_order[].tour_metadata.tour_completeness_score	images_assets	facade_gallery	4/300	int
photo_tour_order[].tour_section	images_assets	facade_gallery	4/300	str
photo_tour_order[].url	images_assets	facade_gallery	4/300	str
photo_tour_order[].usefulness_score	images_assets	facade_gallery	4/300	int
photo_tour_order_updated	images_assets	facade_gallery	4/300	str
postcode	identity_location		17/300	str
postcode_distance_km	identity_location		295/300	float
postcode_enriched_at	identity_location		295/300	datetime
postcode_normalised_at	identity_location		14/300	datetime
postcode_normalised_reason	identity_location		14/300	str
previous_sale_year	other		6/300	int
price	other		9/300	str
price_history	transactions_history		8/300	array[object]
price_history[].event	transactions_history		8/300	str
price_history[].price_numeric	transactions_history		8/300	int/null
price_history[].price_text	transactions_history		8/300	str
price_history[].recorded_at	transactions_history		8/300	str
price_history[].run_id	transactions_history		8/300	str
processing_status	pipeline_meta		180/300	object
processing_status.external_floor_area_sqm	physical_attributes		16/300	float/int/null
processing_status.floor_plan_analysed	images_assets	floor_plan	17/300	bool
processing_status.floor_plans_analysed	images_assets	floor_plan	17/300	int
processing_status.floor_size_extracted	pipeline_meta		29/300	bool
processing_status.house_plans_found	pipeline_meta		163/300	bool
processing_status.images_processed	images_assets	facade_gallery	180/300	bool
processing_status.internal_floor_area_sqm	physical_attributes		16/300	float/int/null
processing_status.model_used	pipeline_meta		17/300	str
processing_status.on_demand	pipeline_meta		1/300	bool
processing_status.photos_analysed	images_assets	facade_gallery	17/300	int
processing_status.processed_at	pipeline_meta		180/300	datetime
processing_status.processing_duration_seconds	pipeline_meta		163/300	float
processing_status.total_floor_area_sqm	physical_attributes		16/300	float/int/null
processing_status.worker_id	pipeline_meta		163/300	int
property_images	images_assets	facade_gallery	18/300	array[str]
property_images_original	images_assets	facade_gallery	18/300	array[str]
property_insights	editorial_ai		19/300	object
property_insights.bathrooms	physical_attributes		9/300	object
property_insights.bathrooms.rarity_insights	physical_attributes		9/300	array[]
property_insights.bathrooms.suburbComparison	identity_location		9/300	object
property_insights.bathrooms.suburbComparison.narrative	identity_location		9/300	str
property_insights.bathrooms.suburbComparison.percentile	identity_location		9/300	int
property_insights.bathrooms.suburbComparison.sampleSize	identity_location		9/300	int
property_insights.bathrooms.suburbComparison.suburbMedian	identity_location		9/300	float/int
property_insights.bathrooms.suburbComparison.suburbName	identity_location		9/300	str
property_insights.bathrooms.value	physical_attributes		9/300	int
property_insights.bedrooms	physical_attributes		9/300	object
property_insights.bedrooms.rarity_insights	physical_attributes		9/300	array[]/array[object]
property_insights.bedrooms.rarity_insights[].feature	physical_attributes		1/300	str
property_insights.bedrooms.rarity_insights[].label	physical_attributes		1/300	str
property_insights.bedrooms.rarity_insights[].percentile	physical_attributes		1/300	int
property_insights.bedrooms.rarity_insights[].type	physical_attributes		1/300	str
property_insights.bedrooms.rarity_insights[].urgencyLevel	physical_attributes		1/300	str
property_insights.bedrooms.suburbComparison	identity_location		9/300	object
property_insights.bedrooms.suburbComparison.narrative	identity_location		9/300	str
property_insights.bedrooms.suburbComparison.percentile	identity_location		9/300	int
property_insights.bedrooms.suburbComparison.sampleSize	identity_location		9/300	int
property_insights.bedrooms.suburbComparison.suburbMedian	identity_location		9/300	float
property_insights.bedrooms.suburbComparison.suburbName	identity_location		9/300	str
property_insights.bedrooms.value	physical_attributes		9/300	int
property_insights.floor_area	physical_attributes		9/300	object
property_insights.floor_area.rarity_insights	physical_attributes		9/300	array[]
property_insights.floor_area.suburbComparison	identity_location		9/300	object
property_insights.floor_area.suburbComparison.narrative	identity_location		9/300	str
property_insights.floor_area.suburbComparison.percentile	identity_location		9/300	int
property_insights.floor_area.suburbComparison.sampleSize	identity_location		9/300	int
property_insights.floor_area.suburbComparison.suburbMedian	identity_location		9/300	float
property_insights.floor_area.suburbComparison.suburbName	identity_location		9/300	str
property_insights.floor_area.value	physical_attributes		9/300	float
property_insights.lot_size	editorial_ai		9/300	object
property_insights.lot_size.rarity_insights	editorial_ai		9/300	array[]/array[object]
property_insights.lot_size.rarity_insights[].feature	editorial_ai		1/300	str
property_insights.lot_size.rarity_insights[].label	editorial_ai		1/300	str
property_insights.lot_size.rarity_insights[].rank	editorial_ai		1/300	int
property_insights.lot_size.rarity_insights[].type	editorial_ai		1/300	str
property_insights.lot_size.rarity_insights[].urgencyLevel	editorial_ai		1/300	str
property_insights.lot_size.value	editorial_ai		9/300	float/null
property_insights.parking	physical_attributes		9/300	object
property_insights.parking.rarity_insights	physical_attributes		9/300	array[]
property_insights.parking.suburbComparison	identity_location		9/300	object
property_insights.parking.suburbComparison.narrative	identity_location		9/300	str
property_insights.parking.suburbComparison.percentile	identity_location		9/300	int
property_insights.parking.suburbComparison.sampleSize	identity_location		9/300	int
property_insights.parking.suburbComparison.suburbMedian	identity_location		9/300	int
property_insights.parking.suburbComparison.suburbName	identity_location		9/300	str
property_insights.parking.value	physical_attributes		9/300	int
property_insights_updated	editorial_ai		19/300	datetime/str
property_tenure	other		192/300	str
property_tenure_desc	other		192/300	str
property_type	physical_attributes		193/300	str
property_type_correction	physical_attributes		4/300	object
property_type_correction.at	physical_attributes		4/300	datetime
property_type_correction.from	physical_attributes		4/300	str
property_type_correction.reason	physical_attributes		4/300	str
property_type_correction.rule	physical_attributes		4/300	str
property_type_correction.to	physical_attributes		4/300	str
property_type_correction.trusted_source	physical_attributes		4/300	str
property_valuation_data	valuation		180/300	object
property_valuation_data.bathrooms	physical_attributes		17/300	array[]/array[object]
property_valuation_data.bathrooms[].bath_present	physical_attributes		16/300	bool
property_valuation_data.bathrooms[].bathroom_label	physical_attributes		16/300	str
property_valuation_data.bathrooms[].condition_score	physical_attributes		16/300	int/null
property_valuation_data.bathrooms[].fixtures_quality	physical_attributes		16/300	null/str
property_valuation_data.bathrooms[].natural_light	physical_attributes		16/300	null/str
property_valuation_data.bathrooms[].quality_score	physical_attributes		16/300	int/null
property_valuation_data.bathrooms[].shower_type	physical_attributes		16/300	null/str
property_valuation_data.bathrooms[].tile_condition	physical_attributes		16/300	null/str
property_valuation_data.bathrooms[].vanity_style	physical_attributes		16/300	null/str
property_valuation_data.bathrooms[].visible	physical_attributes		16/300	bool
property_valuation_data.bedrooms	physical_attributes		17/300	array[]/array[object]
property_valuation_data.bedrooms[].bedroom_label	physical_attributes		16/300	str
property_valuation_data.bedrooms[].built_in_wardrobe	physical_attributes		16/300	bool
property_valuation_data.bedrooms[].ceiling_height	physical_attributes		16/300	str
property_valuation_data.bedrooms[].condition_score	physical_attributes		16/300	int
property_valuation_data.bedrooms[].ensuite	physical_attributes		16/300	bool
property_valuation_data.bedrooms[].flooring_condition	physical_attributes		16/300	str
property_valuation_data.bedrooms[].flooring_type	physical_attributes		16/300	str
property_valuation_data.bedrooms[].natural_light	physical_attributes		16/300	str
property_valuation_data.bedrooms[].paint_condition	physical_attributes		16/300	str
property_valuation_data.bedrooms[].quality_score	physical_attributes		16/300	int
property_valuation_data.bedrooms[].visible	physical_attributes		16/300	bool
property_valuation_data.bedrooms[].walk_in_robe	physical_attributes		16/300	bool
property_valuation_data.condition_summary	valuation		17/300	object
property_valuation_data.condition_summary.bathroom_score	physical_attributes		17/300	int/null
property_valuation_data.condition_summary.exterior_score	valuation		17/300	int
property_valuation_data.condition_summary.interior_score	valuation		17/300	int
property_valuation_data.condition_summary.kitchen_score	valuation		17/300	int
property_valuation_data.condition_summary.maintenance_level	valuation		17/300	str
property_valuation_data.condition_summary.outdoor_score	valuation		17/300	int
property_valuation_data.condition_summary.overall_score	valuation		17/300	int
property_valuation_data.exterior	valuation		180/300	object
property_valuation_data.exterior.cladding_condition	valuation		17/300	null/str
property_valuation_data.exterior.cladding_condition_score	valuation		163/300	int/null
property_valuation_data.exterior.cladding_condition_score_confidence	valuation		1/300	float
property_valuation_data.exterior.cladding_material	valuation		180/300	null/str
property_valuation_data.exterior.cladding_material_confidence	valuation		2/300	float
property_valuation_data.exterior.condition_score	valuation		17/300	int
property_valuation_data.exterior.confidence	valuation		1/300	float
property_valuation_data.exterior.door_quality_score	valuation		163/300	int/null
property_valuation_data.exterior.door_quality_score_confidence	valuation		1/300	float
property_valuation_data.exterior.driveway_condition_score	valuation		4/300	int
property_valuation_data.exterior.driveway_type	valuation		21/300	str
property_valuation_data.exterior.fence_condition_score	valuation		3/300	int
property_valuation_data.exterior.fence_type	valuation		20/300	str
property_valuation_data.exterior.garage_condition	valuation		17/300	null/str
property_valuation_data.exterior.garage_condition_score	valuation		163/300	int/null
property_valuation_data.exterior.garage_condition_score_confidence	valuation		1/300	float
property_valuation_data.exterior.garage_type	valuation		180/300	null/str
property_valuation_data.exterior.garage_type_confidence	valuation		1/300	float
property_valuation_data.exterior.landscaping_quality_score	valuation		2/300	int
property_valuation_data.exterior.natural_water_view	valuation		1/300	bool
property_valuation_data.exterior.outdoor_entertainment_score	valuation		2/300	int
property_valuation_data.exterior.overall_exterior_condition_score	valuation		163/300	int/null
property_valuation_data.exterior.overall_exterior_condition_score_confidence	valuation		1/300	float
property_valuation_data.exterior.paint_condition	valuation		180/300	null/str
property_valuation_data.exterior.paint_quality_confidence	valuation		1/300	float
property_valuation_data.exterior.paint_quality_score	valuation		163/300	int/null
property_valuation_data.exterior.paint_quality_score_confidence	valuation		1/300	float
property_valuation_data.exterior.pool_condition_score	valuation		2/300	null
property_valuation_data.exterior.pool_present	valuation		2/300	bool
property_valuation_data.exterior.pool_type	valuation		2/300	str
property_valuation_data.exterior.water_view_description	valuation		1/300	str
property_valuation_data.exterior.water_view_quality_score	valuation		1/300	null
property_valuation_data.exterior.water_view_type	valuation		1/300	str
property_valuation_data.exterior.window_condition_score	valuation		163/300	int/null
property_valuation_data.exterior.window_condition_score_confidence	valuation		1/300	float
property_valuation_data.exterior.window_type	valuation		180/300	null/str
property_valuation_data.exterior.window_type_confidence	valuation		1/300	float
property_valuation_data.interior	valuation		163/300	object
property_valuation_data.interior. appliances_quality_score	valuation		1/300	null
property_valuation_data.interior. bathroom_condition	physical_attributes		1/300	null
property_valuation_data.interior. bathroom_quality_score	physical_attributes		1/300	null
property_valuation_data.interior. ceiling_height	valuation		1/300	null
property_valuation_data.interior. fixtures_quality_score	valuation		1/300	null
property_valuation_data.interior. flooring_condition_score	valuation		1/300	null
property_valuation_data.interior. flooring_quality_score	valuation		1/300	null
property_valuation_data.interior. flooring_type	valuation		8/300	array[str]/null/str
property_valuation_data.interior. kitchen_condition	valuation		1/300	null
property_valuation_data.interior. kitchen_quality_score	valuation		1/300	null
property_valuation_data.interior. natural_light_score	valuation		1/300	null
property_valuation_data.interior.appliances_quality_score	valuation		162/300	int/null
property_valuation_data.interior.bathroom_condition	physical_attributes		162/300	null/str
property_valuation_data.interior.bathroom_condition_confidence	physical_attributes		1/300	float
property_valuation_data.interior.bathroom_quality_score	physical_attributes		162/300	int/null
property_valuation_data.interior.bathroom_quality_score_confidence	physical_attributes		1/300	float
property_valuation_data.interior.ceiling_height	valuation		162/300	null/str
property_valuation_data.interior.ceiling_height_confidence	valuation		1/300	float
property_valuation_data.interior.confidence	valuation		1/300	float
property_valuation_data.interior.fixtures_quality_score	valuation		162/300	int/null
property_valuation_data.interior.flooring_condition_score	valuation		162/300	int/null
property_valuation_data.interior.flooring_condition_score_confidence	valuation		1/300	float
property_valuation_data.interior.flooring_quality_score	valuation		162/300	int/null
property_valuation_data.interior.flooring_quality_score_confidence	valuation		1/300	float
property_valuation_data.interior.flooring_type	valuation		155/300	null/str
property_valuation_data.interior.flooring_type_confidence	valuation		1/300	float
property_valuation_data.interior.kitchen_condition	valuation		162/300	null/str
property_valuation_data.interior.kitchen_quality_score	valuation		162/300	int/null
property_valuation_data.interior.kitchen_quality_score_confidence	valuation		1/300	float
property_valuation_data.interior.natural_light	valuation		1/300	int
property_valuation_data.interior.natural_light_score	valuation		161/300	int/null
property_valuation_data.interior.natural_light_score_confidence	valuation		1/300	float
property_valuation_data.interior.overall_interior_condition_score	valuation		163/300	int/null
property_valuation_data.interior.overall_interior_condition_score_confidence	valuation		1/300	float
property_valuation_data.kitchen	valuation		17/300	object
property_valuation_data.kitchen.appliances_quality	valuation		17/300	str
property_valuation_data.kitchen.benchtop_material	valuation		17/300	str
property_valuation_data.kitchen.butler_pantry	valuation		17/300	bool
property_valuation_data.kitchen.cabinet_condition	valuation		17/300	str
property_valuation_data.kitchen.cabinet_style	valuation		17/300	str
property_valuation_data.kitchen.condition_score	valuation		17/300	int
property_valuation_data.kitchen.island_bench	valuation		17/300	bool
property_valuation_data.kitchen.natural_light	valuation		17/300	str
property_valuation_data.kitchen.quality_score	valuation		17/300	int
property_valuation_data.kitchen.splashback_type	valuation		17/300	str
property_valuation_data.kitchen.visible	valuation		17/300	bool
property_valuation_data.layout	valuation		163/300	object
property_valuation_data.layout.confidence	valuation		1/300	float
property_valuation_data.layout.floor_area_sqm	physical_attributes		163/300	float/int/null
property_valuation_data.layout.floor_area_sqm_from_plan	physical_attributes		1/300	null
property_valuation_data.layout.layout_efficiency_score	valuation		163/300	int/null
property_valuation_data.layout.natural_water_view	valuation		3/300	bool
property_valuation_data.layout.number_of_bathrooms	physical_attributes		163/300	float/int/null
property_valuation_data.layout.number_of_bedrooms	physical_attributes		163/300	int/null
property_valuation_data.layout.number_of_living_areas	valuation		163/300	int/null
property_valuation_data.layout.open_plan_layout	valuation		163/300	bool/null
property_valuation_data.layout.study_present	valuation		163/300	bool/null
property_valuation_data.layout.water_view_description	valuation		3/300	str
property_valuation_data.layout.water_view_quality_score	valuation		3/300	null
property_valuation_data.layout.water_view_rooms	physical_attributes		5/300	array[]
property_valuation_data.layout.water_view_type	valuation		3/300	str
property_valuation_data.layout.water_views	valuation		2/300	object
property_valuation_data.layout.water_views.natural_water_view	valuation		2/300	bool
property_valuation_data.layout.water_views.water_view_description	valuation		2/300	null/str
property_valuation_data.layout.water_views.water_view_quality_score	valuation		2/300	null
property_valuation_data.layout.water_views.water_view_rooms	physical_attributes		2/300	array[]
property_valuation_data.layout.water_views.water_view_type	valuation		2/300	str
property_valuation_data.living_areas	valuation		17/300	array[object]
property_valuation_data.living_areas[].area_label	valuation		17/300	str
property_valuation_data.living_areas[].ceiling_height	valuation		17/300	str
property_valuation_data.living_areas[].condition_score	valuation		17/300	int
property_valuation_data.living_areas[].flooring_condition	valuation		17/300	str
property_valuation_data.living_areas[].flooring_type	valuation		17/300	str
property_valuation_data.living_areas[].natural_light	valuation		17/300	str
property_valuation_data.living_areas[].open_plan_with_kitchen	valuation		17/300	bool
property_valuation_data.living_areas[].quality_score	valuation		17/300	int
property_valuation_data.living_areas[].visible	valuation		17/300	bool
property_valuation_data.metadata	valuation		163/300	object
property_valuation_data.metadata.confidence	valuation		1/300	float
property_valuation_data.metadata.extracted_at	valuation		163/300	float
property_valuation_data.metadata.has_professional_photography	valuation		156/300	bool
property_valuation_data.metadata.image_quality	valuation		156/300	str
property_valuation_data.metadata.model_used	valuation		163/300	str
property_valuation_data.metadata.total_images_analyzed	valuation		156/300	int/null
property_valuation_data.outdoor	valuation		180/300	object
property_valuation_data.outdoor.alfresco_covered	valuation		17/300	bool
property_valuation_data.outdoor.alfresco_present	valuation		17/300	bool
property_valuation_data.outdoor.alfresco_size	valuation		17/300	str
property_valuation_data.outdoor.confidence	valuation		1/300	float
property_valuation_data.outdoor.driveway_condition_score	valuation		163/300	int/null
property_valuation_data.outdoor.driveway_condition_score_confidence	valuation		1/300	float
property_valuation_data.outdoor.driveway_type	valuation		163/300	null/str
property_valuation_data.outdoor.fence_condition_score	valuation		163/300	int/null
property_valuation_data.outdoor.fence_condition_score_confidence	valuation		1/300	float
property_valuation_data.outdoor.fence_type	valuation		163/300	null/str
property_valuation_data.outdoor.landscaping_quality	valuation		17/300	str
property_valuation_data.outdoor.landscaping_quality_score	valuation		163/300	int/null
property_valuation_data.outdoor.landscaping_quality_score_confidence	valuation		1/300	float
property_valuation_data.outdoor.landscaping_score	valuation		17/300	int
property_valuation_data.outdoor.outdoor_entertainment_score	valuation		180/300	int/null
property_valuation_data.outdoor.outdoor_entertainment_score_confidence	valuation		1/300	float
property_valuation_data.outdoor.outdoor_kitchen_bbq	valuation		17/300	bool
property_valuation_data.outdoor.pool_condition	valuation		17/300	null/str
property_valuation_data.outdoor.pool_condition_score	valuation		180/300	int/null
property_valuation_data.outdoor.pool_condition_score_confidence	valuation		1/300	float
property_valuation_data.outdoor.pool_present	valuation		180/300	bool/null
property_valuation_data.outdoor.pool_type	valuation		180/300	null/str
property_valuation_data.outdoor.water_view_quality_score	valuation		17/300	int/null
property_valuation_data.outdoor.water_view_type	valuation		17/300	null/str
property_valuation_data.outdoor.water_views	valuation		17/300	bool
property_valuation_data.overall	valuation		163/300	object
property_valuation_data.overall.confidence	valuation		1/300	float
property_valuation_data.overall.confidence_notes	valuation		1/300	object
property_valuation_data.overall.confidence_notes.general_assessment_confidence	valuation		1/300	str
property_valuation_data.overall.maintenance_level	valuation		157/300	null/str
property_valuation_data.overall.market_appeal_score	valuation		157/300	int/null
property_valuation_data.overall.market_appeal_score_confidence	valuation		1/300	float
property_valuation_data.overall.natural_water_view	valuation		77/300	bool
property_valuation_data.overall.natural_water_view_rooms	physical_attributes		2/300	array[]
property_valuation_data.overall.negative_features	valuation		157/300	array[]/array[str]
property_valuation_data.overall.property_presentation_score	valuation		157/300	int/null
property_valuation_data.overall.property_presentation_score_confidence	valuation		1/300	float
property_valuation_data.overall.unique_features	valuation		157/300	array[]/array[str]
property_valuation_data.overall.unknowns	valuation		1/300	object
property_valuation_data.overall.unknowns.exact_bed_bath_count	valuation		1/300	null
property_valuation_data.overall.unknowns.exact_floor_area	physical_attributes		1/300	null
property_valuation_data.overall.water_view	valuation		1/300	object
property_valuation_data.overall.water_view.natural_water_view	valuation		1/300	bool
property_valuation_data.overall.water_view.water_view_description	valuation		1/300	str
property_valuation_data.overall.water_view.water_view_quality_score	valuation		1/300	null
property_valuation_data.overall.water_view.water_view_type	valuation		1/300	str
property_valuation_data.overall.water_view_description	valuation		77/300	null/str
property_valuation_data.overall.water_view_quality_score	valuation		77/300	int/null
property_valuation_data.overall.water_view_rooms	physical_attributes		65/300	array[]/array[object]
property_valuation_data.overall.water_view_rooms[].description	physical_attributes		6/300	str
property_valuation_data.overall.water_view_rooms[].room_type	physical_attributes		6/300	str
property_valuation_data.overall.water_view_rooms[].view_quality_score	physical_attributes		6/300	int
property_valuation_data.overall.water_view_rooms[].water_view_type	physical_attributes		6/300	str
property_valuation_data.overall.water_view_type	valuation		77/300	str
property_valuation_data.property_metadata	valuation		17/300	object
property_valuation_data.property_metadata.air_conditioning	valuation		17/300	str
property_valuation_data.property_metadata.has_home_office	valuation		17/300	bool
property_valuation_data.property_metadata.has_professional_photography	valuation		17/300	bool
property_valuation_data.property_metadata.has_study	valuation		17/300	bool
property_valuation_data.property_metadata.image_quality	valuation		17/300	str
property_valuation_data.property_metadata.market_appeal_score	valuation		17/300	int
property_valuation_data.property_metadata.negative_features	valuation		17/300	array[]/array[str]
property_valuation_data.property_metadata.prestige_tier	valuation		10/300	str
property_valuation_data.property_metadata.property_presentation_score	valuation		17/300	int
property_valuation_data.property_metadata.smart_home_features	valuation		17/300	bool
property_valuation_data.property_metadata.solar_visible	valuation		17/300	bool
property_valuation_data.property_metadata.total_images_analyzed	valuation		17/300	int
property_valuation_data.property_metadata.unique_features	valuation		17/300	array[str]
property_valuation_data.property_overview	valuation		17/300	object
property_valuation_data.property_overview.architectural_style	valuation		17/300	str
property_valuation_data.property_overview.building_type	valuation		17/300	str
property_valuation_data.property_overview.number_of_stories	valuation		17/300	int
property_valuation_data.property_overview.overall_condition	valuation		17/300	str
property_valuation_data.property_overview.overall_condition_score	valuation		17/300	int
property_valuation_data.property_overview.roof_type	valuation		17/300	null/str
property_valuation_data.renovation	valuation		180/300	object
property_valuation_data.renovation.bathrooms_renovated	physical_attributes		17/300	bool
property_valuation_data.renovation.confidence	valuation		1/300	float
property_valuation_data.renovation.flooring_updated	valuation		17/300	bool
property_valuation_data.renovation.kitchen_renovated	valuation		17/300	bool
property_valuation_data.renovation.modern_features_score	valuation		180/300	int/null
property_valuation_data.renovation.modern_features_score_confidence	valuation		1/300	float
property_valuation_data.renovation.overall_renovation_level	valuation		17/300	str
property_valuation_data.renovation.renovation_level	valuation		163/300	null/str
property_valuation_data.renovation.renovation_level_confidence	valuation		1/300	float
property_valuation_data.renovation.renovation_recency	valuation		180/300	null/str
property_valuation_data.renovation.renovation_recency_confidence	valuation		1/300	float
property_valuation_data.structural	valuation		163/300	object
property_valuation_data.structural.architectural_style	valuation		163/300	null/str
property_valuation_data.structural.architectural_style_confidence	valuation		1/300	float
property_valuation_data.structural.building_type	valuation		163/300	null/str
property_valuation_data.structural.building_type_confidence	valuation		1/300	float
property_valuation_data.structural.confidence	valuation		1/300	float
property_valuation_data.structural.number_of_stories	valuation		163/300	int/null
property_valuation_data.structural.number_of_stories_confidence	valuation		1/300	float
property_valuation_data.structural.roof_condition_confidence	valuation		1/300	float
property_valuation_data.structural.roof_condition_score	valuation		163/300	int/null
property_valuation_data.structural.roof_condition_score_confidence	valuation		1/300	float
property_valuation_data.structural.roof_type	valuation		163/300	null/str
property_valuation_data.structural.roof_type_confidence	valuation		2/300	float
propradar_linked_at	other		5/300	str
propradar_property_id	identity_location		5/300	str
rental_estimate_fresh	other		4/300	object
rental_estimate_fresh.weekly_rent	other		4/300	int
rental_estimate_fresh.yield	other		4/300	float
sale_date	other		7/300	str
sale_method	other		6/300	str
sale_price	transactions_history		12/300	str
satellite_analysis	images_assets	satellite	10/300	object
satellite_analysis.categories	images_assets	satellite	10/300	object
satellite_analysis.categories.adjacency	images_assets	satellite	10/300	object
satellite_analysis.categories.adjacency.backs_onto	images_assets	satellite	10/300	array[str]
satellite_analysis.categories.adjacency.elevation_position	images_assets	satellite	10/300	str
satellite_analysis.categories.adjacency.frontage	images_assets	satellite	10/300	str
satellite_analysis.categories.amenity_premiums	images_assets	satellite	10/300	object
satellite_analysis.categories.amenity_premiums.green_space_proximity	images_assets	satellite	10/300	str
satellite_analysis.categories.amenity_premiums.mature_landscaping	images_assets	satellite	10/300	str
satellite_analysis.categories.amenity_premiums.outdoor_entertaining	images_assets	satellite	10/300	str
satellite_analysis.categories.amenity_premiums.pool_visible	images_assets	satellite	10/300	bool
satellite_analysis.categories.amenity_premiums.street_appeal	images_assets	satellite	10/300	str
satellite_analysis.categories.amenity_premiums.water_proximity	images_assets	satellite	10/300	str
satellite_analysis.categories.detractants	images_assets	satellite	10/300	object
satellite_analysis.categories.detractants.commercial_adjacency	images_assets	satellite	10/300	str
satellite_analysis.categories.detractants.construction_disruption	images_assets	satellite	10/300	str
satellite_analysis.categories.detractants.flight_path	images_assets	satellite	10/300	bool
satellite_analysis.categories.detractants.flood_indicator	images_assets	satellite	10/300	str
satellite_analysis.categories.detractants.overlooking_risk	images_assets	satellite	10/300	str
satellite_analysis.categories.detractants.power_line_proximity	images_assets	satellite	10/300	str
satellite_analysis.categories.detractants.traffic_noise_risk	images_assets	satellite	10/300	str
satellite_analysis.categories.lot_characteristics	images_assets	satellite	10/300	object
satellite_analysis.categories.lot_characteristics.lot_shape	images_assets	satellite	10/300	str
satellite_analysis.categories.lot_characteristics.neighbour_setback	images_assets	satellite	10/300	str
satellite_analysis.categories.lot_characteristics.parking_provision	physical_attributes		10/300	str
satellite_analysis.categories.lot_characteristics.usable_yard	images_assets	satellite	10/300	str
satellite_analysis.categories.neighbourhood	images_assets	satellite	10/300	object
satellite_analysis.categories.neighbourhood.density	images_assets	satellite	10/300	str
satellite_analysis.categories.neighbourhood.homogeneity	images_assets	satellite	10/300	str
satellite_analysis.categories.neighbourhood.neighbourhood_quality	images_assets	satellite	10/300	str
satellite_analysis.image_size	images_assets	satellite	8/300	str
satellite_analysis.model	images_assets	satellite	10/300	str
satellite_analysis.narrative	images_assets	satellite	10/300	object
satellite_analysis.narrative.buyer_highlights	images_assets	satellite	10/300	array[str]
satellite_analysis.narrative.construction_activity	images_assets	satellite	10/300	str
satellite_analysis.narrative.flood_drainage_risk	images_assets	satellite	10/300	str
satellite_analysis.narrative.green_cover	images_assets	satellite	10/300	str
satellite_analysis.narrative.lot_assessment	images_assets	satellite	10/300	str
satellite_analysis.narrative.neighbour_density	images_assets	satellite	10/300	str
satellite_analysis.narrative.overall_setting	images_assets	satellite	10/300	str
satellite_analysis.narrative.parking_access	physical_attributes		10/300	str
satellite_analysis.narrative.pool_and_outdoor	images_assets	satellite	10/300	str
satellite_analysis.narrative.road_proximity	images_assets	satellite	10/300	str
satellite_analysis.narrative.surrounding_land_use	images_assets	satellite	10/300	str
satellite_analysis.opus_verification	images_assets	satellite	3/300	object
satellite_analysis.opus_verification.corrected_fields	images_assets	satellite	3/300	array[str]
satellite_analysis.opus_verification.corrections_applied	images_assets	satellite	3/300	bool
satellite_analysis.opus_verification.notes	images_assets	satellite	3/300	str
satellite_analysis.opus_verification.verified_at	images_assets	satellite	3/300	str
satellite_analysis.opus_verified	images_assets	satellite	3/300	bool
satellite_analysis.pin_confirmed	images_assets	satellite	2/300	bool
satellite_analysis.processed_at	images_assets	satellite	10/300	datetime
satellite_analysis.processing_duration_seconds	images_assets	satellite	10/300	float
satellite_analysis.satellite_image_url	images_assets	satellite	10/300	str
satellite_analysis.zoom_level	images_assets	satellite	10/300	int
scrape_mode	other		9/300	str
scraped_at	other		242/300	datetime
scraped_at_v2	other		189/300	datetime
scraped_data	listing_scrape		246/300	object
scraped_data.address	identity_location		242/300	object/str
scraped_data.address.__typename	identity_location		4/300	str
scraped_data.address.displayAddress	identity_location		4/300	str
scraped_data.address.geolocation	identity_location		4/300	object
scraped_data.address.geolocation.__typename	identity_location		4/300	str
scraped_data.address.geolocation.latitude	identity_location		4/300	float
scraped_data.address.geolocation.longitude	identity_location		4/300	float
scraped_data.address.postcode	identity_location		4/300	str
scraped_data.address.state	identity_location		4/300	str
scraped_data.address.street	identity_location		4/300	str
scraped_data.address.streetName	identity_location		4/300	str
scraped_data.address.streetNumber	identity_location		4/300	str
scraped_data.address.streetType	identity_location		4/300	str
scraped_data.address.streetTypeLong	identity_location		4/300	str
scraped_data.address.suburb	identity_location		4/300	object
scraped_data.address.suburb.__typename	identity_location		4/300	str
scraped_data.address.suburb.area	identity_location		4/300	str
scraped_data.address.suburb.name	identity_location		4/300	str
scraped_data.address.suburb.postcode	identity_location		4/300	str
scraped_data.address.suburb.region	identity_location		4/300	str
scraped_data.address.suburb.slug	identity_location		4/300	str
scraped_data.address.suburb.state	identity_location		4/300	str
scraped_data.address.suburbName	identity_location		4/300	str
scraped_data.address.unitNumber	identity_location		4/300	null/str
scraped_data.address_pid	identity_location		242/300	int/null
scraped_data.features	listing_scrape		242/300	object
scraped_data.features.bathrooms	physical_attributes		242/300	int/null
scraped_data.features.bedrooms	physical_attributes		242/300	int/null
scraped_data.features.car_spaces	physical_attributes		242/300	int/null
scraped_data.features.land_size	physical_attributes		242/300	null
scraped_data.features.property_type	physical_attributes		242/300	str
scraped_data.images	images_assets	facade_gallery	242/300	array[]/array[object]
scraped_data.images[].date	images_assets	facade_gallery	238/300	null/str
scraped_data.images[].index	images_assets	facade_gallery	238/300	int
scraped_data.images[].url	images_assets	facade_gallery	238/300	str
scraped_data.images_updated_at	images_assets	facade_gallery	11/300	str
scraped_data.property_timeline	listing_scrape		246/300	array[]/array[object]
scraped_data.property_timeline[].agency_name	listing_scrape		236/300	null/str
scraped_data.property_timeline[].agency_url	listing_scrape		236/300	null/str
scraped_data.property_timeline[].category	listing_scrape		236/300	str
scraped_data.property_timeline[].date	listing_scrape		236/300	str
scraped_data.property_timeline[].days_on_market	market_metrics		236/300	int/null
scraped_data.property_timeline[].is_major_event	listing_scrape		236/300	bool
scraped_data.property_timeline[].is_sold	transactions_history		236/300	bool/null
scraped_data.property_timeline[].month_year	listing_scrape		236/300	str
scraped_data.property_timeline[].price	listing_scrape		236/300	int/null
scraped_data.property_timeline[].type	listing_scrape		236/300	str
scraped_data.rental_estimate	listing_scrape		242/300	object
scraped_data.rental_estimate.weekly_rent	listing_scrape		242/300	int/null
scraped_data.rental_estimate.yield	listing_scrape		242/300	float/null
scraped_data.rental_estimate_history	listing_scrape		16/300	array[]/array[object]
scraped_data.rental_estimate_history[].recorded_at	listing_scrape		15/300	str
scraped_data.rental_estimate_history[].weekly_rent	listing_scrape		15/300	int
scraped_data.rental_estimate_history[].yield	listing_scrape		15/300	float
scraped_data.scraped_at	listing_scrape		242/300	str
scraped_data.suburb	identity_location		238/300	str
scraped_data.url	listing_scrape		242/300	str
scraped_data.valuation	valuation		242/300	object
scraped_data.valuation.accuracy	valuation		242/300	null/str
scraped_data.valuation.date	valuation		242/300	null/str
scraped_data.valuation.high	valuation		242/300	int/null
scraped_data.valuation.low	valuation		242/300	int/null
scraped_data.valuation.mid	valuation		242/300	int/null
scraped_data.valuation_history	valuation		16/300	array[]/array[object]
scraped_data.valuation_history[].accuracy	valuation		14/300	str
scraped_data.valuation_history[].date	valuation		14/300	str
scraped_data.valuation_history[].high	valuation		14/300	int
scraped_data.valuation_history[].low	valuation		14/300	int
scraped_data.valuation_history[].mid	valuation		14/300	int
scraped_data.valuation_history[].recorded_at	valuation		14/300	str
scraped_data.worker_id	listing_scrape		238/300	int
scraped_data_apr01_recovered	listing_scrape		236/300	object
scraped_data_apr01_recovered.address	identity_location		236/300	str
scraped_data_apr01_recovered.address_pid	identity_location		236/300	int
scraped_data_apr01_recovered.features	listing_scrape		236/300	object
scraped_data_apr01_recovered.features.bathrooms	physical_attributes		236/300	int/null
scraped_data_apr01_recovered.features.bedrooms	physical_attributes		236/300	int/null
scraped_data_apr01_recovered.features.car_spaces	physical_attributes		236/300	int/null
scraped_data_apr01_recovered.features.land_size	physical_attributes		236/300	null
scraped_data_apr01_recovered.features.property_type	physical_attributes		236/300	str
scraped_data_apr01_recovered.images	images_assets	facade_gallery	236/300	array[object]
scraped_data_apr01_recovered.images[].date	images_assets	facade_gallery	236/300	null/str
scraped_data_apr01_recovered.images[].index	images_assets	facade_gallery	236/300	int
scraped_data_apr01_recovered.images[].url	images_assets	facade_gallery	236/300	str
scraped_data_apr01_recovered.images_updated_at	images_assets	facade_gallery	11/300	str
scraped_data_apr01_recovered.property_timeline	listing_scrape		236/300	array[]/array[object]
scraped_data_apr01_recovered.property_timeline[].agency_name	listing_scrape		227/300	null/str
scraped_data_apr01_recovered.property_timeline[].agency_url	listing_scrape		227/300	null/str
scraped_data_apr01_recovered.property_timeline[].category	listing_scrape		227/300	str
scraped_data_apr01_recovered.property_timeline[].date	listing_scrape		227/300	str
scraped_data_apr01_recovered.property_timeline[].days_on_market	market_metrics		227/300	int/null
scraped_data_apr01_recovered.property_timeline[].is_major_event	listing_scrape		227/300	bool
scraped_data_apr01_recovered.property_timeline[].is_sold	transactions_history		227/300	bool/null
scraped_data_apr01_recovered.property_timeline[].month_year	listing_scrape		227/300	str
scraped_data_apr01_recovered.property_timeline[].price	listing_scrape		227/300	int/null
scraped_data_apr01_recovered.property_timeline[].type	listing_scrape		227/300	str
scraped_data_apr01_recovered.rental_estimate	listing_scrape		236/300	object
scraped_data_apr01_recovered.rental_estimate.weekly_rent	listing_scrape		236/300	int/null
scraped_data_apr01_recovered.rental_estimate.yield	listing_scrape		236/300	float/null
scraped_data_apr01_recovered.rental_estimate_history	listing_scrape		15/300	array[]/array[object]
scraped_data_apr01_recovered.rental_estimate_history[].recorded_at	listing_scrape		14/300	str
scraped_data_apr01_recovered.rental_estimate_history[].weekly_rent	listing_scrape		14/300	int
scraped_data_apr01_recovered.rental_estimate_history[].yield	listing_scrape		14/300	float
scraped_data_apr01_recovered.scraped_at	listing_scrape		236/300	str
scraped_data_apr01_recovered.suburb	identity_location		236/300	str
scraped_data_apr01_recovered.url	listing_scrape		236/300	str
scraped_data_apr01_recovered.valuation	valuation		236/300	object
scraped_data_apr01_recovered.valuation.accuracy	valuation		236/300	null/str
scraped_data_apr01_recovered.valuation.date	valuation		236/300	null/str
scraped_data_apr01_recovered.valuation.high	valuation		236/300	int/null
scraped_data_apr01_recovered.valuation.low	valuation		236/300	int/null
scraped_data_apr01_recovered.valuation.mid	valuation		236/300	int/null
scraped_data_apr01_recovered.valuation_history	valuation		15/300	array[]/array[object]
scraped_data_apr01_recovered.valuation_history[].accuracy	valuation		13/300	str
scraped_data_apr01_recovered.valuation_history[].date	valuation		13/300	str
scraped_data_apr01_recovered.valuation_history[].high	valuation		13/300	int
scraped_data_apr01_recovered.valuation_history[].low	valuation		13/300	int
scraped_data_apr01_recovered.valuation_history[].mid	valuation		13/300	int
scraped_data_apr01_recovered.valuation_history[].recorded_at	valuation		13/300	str
scraped_data_apr01_recovered.worker_id	listing_scrape		236/300	int
scraped_data_oth	listing_scrape		3/300	object
scraped_data_oth.<dynamic>	listing_scrape		3/300	object (29 data keys)
scraped_data_v2	listing_scrape		189/300	object
scraped_data_v2.address_line	identity_location		189/300	str
scraped_data_v2.bathrooms	physical_attributes		189/300	int/null
scraped_data_v2.bedrooms	physical_attributes		189/300	int/null
scraped_data_v2.category	listing_scrape		189/300	str
scraped_data_v2.comparable_sales	valuation		189/300	array[]/array[object]
scraped_data_v2.comparable_sales[].address	identity_location		188/300	str
scraped_data_v2.comparable_sales[].bathrooms	physical_attributes		188/300	int
scraped_data_v2.comparable_sales[].bedrooms	physical_attributes		188/300	int
scraped_data_v2.comparable_sales[].car_spaces	physical_attributes		188/300	int
scraped_data_v2.comparable_sales[].last_sale_date	valuation		188/300	str
scraped_data_v2.comparable_sales[].last_sale_price	valuation		188/300	int
scraped_data_v2.domain_hpg_slug	identity_location		189/300	str
scraped_data_v2.domain_property_id	identity_location		189/300	str
scraped_data_v2.hero_image_url	images_assets	hero_facade	189/300	null/str
scraped_data_v2.image_count	images_assets	facade_gallery	189/300	int
scraped_data_v2.image_urls	images_assets	facade_gallery	189/300	array[]/array[str]
scraped_data_v2.internal_area_sqm	listing_scrape		189/300	int/null
scraped_data_v2.land_area_sqm	physical_attributes		189/300	int
scraped_data_v2.lot_number	listing_scrape		189/300	null/str
scraped_data_v2.parking_spaces	physical_attributes		189/300	int/null
scraped_data_v2.plan_number	listing_scrape		189/300	null/str
scraped_data_v2.property_type	physical_attributes		189/300	str
scraped_data_v2.rental_estimate	listing_scrape		189/300	object
scraped_data_v2.rental_estimate.confidence	valuation		189/300	null/str
scraped_data_v2.rental_estimate.date	listing_scrape		189/300	null/str
scraped_data_v2.rental_estimate.weekly_rent	listing_scrape		189/300	int/null
scraped_data_v2.rental_estimate.yield_pct	listing_scrape		189/300	float/int/null
scraped_data_v2.section_number	listing_scrape		189/300	null
scraped_data_v2.structured_address	identity_location		189/300	object
scraped_data_v2.structured_address.postcode	identity_location		189/300	str
scraped_data_v2.structured_address.state	identity_location		189/300	str
scraped_data_v2.structured_address.street_name	identity_location		189/300	str
scraped_data_v2.structured_address.street_number	identity_location		189/300	str
scraped_data_v2.structured_address.street_type	identity_location		189/300	str
scraped_data_v2.structured_address.suburb_name	identity_location		189/300	str
scraped_data_v2.timeline	listing_scrape		189/300	array[]/array[object]
scraped_data_v2.timeline[].agency	listing_scrape		180/300	null/object
scraped_data_v2.timeline[].agency.__typename	listing_scrape		113/300	str
scraped_data_v2.timeline[].agency.name	listing_scrape		113/300	str
scraped_data_v2.timeline[].agency.profileUrl	listing_scrape		113/300	null/str
scraped_data_v2.timeline[].category	listing_scrape		180/300	str
scraped_data_v2.timeline[].days_on_market	market_metrics		180/300	int/null
scraped_data_v2.timeline[].event_date	listing_scrape		180/300	str
scraped_data_v2.timeline[].event_price	listing_scrape		180/300	int/null
scraped_data_v2.timeline[].is_major_event	listing_scrape		180/300	bool
scraped_data_v2.timeline[].is_sold	transactions_history		180/300	bool/null
scraped_data_v2.timeline[].price_description	listing_scrape		180/300	str
scraped_data_v2.valuation	valuation		189/300	object
scraped_data_v2.valuation.confidence	valuation		189/300	null/str
scraped_data_v2.valuation.date	valuation		189/300	null/str
scraped_data_v2.valuation.lower	valuation		189/300	int/null
scraped_data_v2.valuation.mid	valuation		189/300	int/null
scraped_data_v2.valuation.source	valuation		189/300	null/str
scraped_data_v2.valuation.upper	valuation		189/300	int/null
scraped_floor_plans	images_assets	floor_plan	9/300	array[]/array[str]
scraped_property_images	images_assets	facade_gallery	9/300	array[str]
scraped_url_v2	other		189/300	str
scraped_v2_failed_at	other		21/300	datetime
scraped_v2_failed_reason	other		21/300	str
selling_agency	other		2/300	str
selling_agent	listing_scrape		2/300	str
solar_data	other		3/300	object
solar_data.buildings	other		3/300	array[object]
solar_data.buildings[].h	other		3/300	float
solar_data.buildings[].pts	other		3/300	array[array[int]]
solar_data.buildings[].subject	other		3/300	bool
solar_data.generated_at	other		3/300	str
solar_data.mpp	other		3/300	float
solar_data.source	other		3/300	str
sold_analysis	transactions_history		6/300	object
sold_analysis.benchmarks_used	transactions_history		6/300	object
sold_analysis.benchmarks_used.median	market_metrics		6/300	float
sold_analysis.benchmarks_used.n	transactions_history		6/300	int
sold_analysis.benchmarks_used.suburb	identity_location		6/300	str
sold_analysis.data_completeness	transactions_history		6/300	float
sold_analysis.generated_at	transactions_history		6/300	str
sold_analysis.generator	transactions_history		6/300	str
sold_analysis.headline	transactions_history		6/300	str
sold_analysis.insights	editorial_ai		6/300	array[object]
sold_analysis.insights[].evidence	editorial_ai		6/300	object
sold_analysis.insights[].evidence.delta	editorial_ai		5/300	float/int
sold_analysis.insights[].evidence.dom	editorial_ai		1/300	int
sold_analysis.insights[].evidence.dom_median	editorial_ai		1/300	int
sold_analysis.insights[].evidence.median	editorial_ai		5/300	float/int
sold_analysis.insights[].evidence.n	editorial_ai		5/300	int
sold_analysis.insights[].evidence.percentile	editorial_ai		5/300	int
sold_analysis.insights[].evidence.price	editorial_ai		5/300	int
sold_analysis.insights[].evidence.segment	editorial_ai		5/300	str
sold_analysis.insights[].text	editorial_ai		6/300	str
sold_analysis.insights[].tier	editorial_ai		6/300	int
sold_analysis.insights[].type	editorial_ai		6/300	str
sold_analysis.source_hash	transactions_history		6/300	str
sold_analysis.sources	transactions_history		6/300	array[str]
sold_analysis.status	transactions_history		6/300	str
sold_analysis.summary	transactions_history		6/300	str
sold_analysis.version	transactions_history		6/300	int
sold_date	transactions_history		12/300	str
sold_detection_date	transactions_history		2/300	str
sold_fullres_at	transactions_history		10/300	str
sold_fullres_count	transactions_history		10/300	int
sold_fullres_localized	transactions_history		10/300	bool
sold_merge_date	transactions_history		7/300	datetime
sold_scrape_source	transactions_history		4/300	str
sold_source	transactions_history		7/300	str
sold_status	transactions_history		7/300	str
sold_updated_at	transactions_history		4/300	str
source	other		16/300	str
source_for_sale_address	identity_location		2/300	str
state	other		1/300	str
street_address	identity_location		16/300	str
street_view_analysis	images_assets	street_view	4/300	object
street_view_analysis.fov	images_assets	street_view	4/300	int
street_view_analysis.method	images_assets	street_view	4/300	str
street_view_analysis.model	images_assets	street_view	4/300	null
street_view_analysis.pitch	images_assets	street_view	4/300	int
street_view_analysis.processed_at	images_assets	street_view	4/300	datetime
street_view_analysis.source	images_assets	street_view	4/300	str
street_view_analysis.street_view_image_url	images_assets	street_view	4/300	str
suburb	identity_location		17/300	str
target_market	market_metrics		103/300	bool
target_market_labeled_at	market_metrics		103/300	datetime
timeline_updated_at	pipeline_meta		91/300	datetime
total_floor_area	physical_attributes		15/300	float
transactions	transactions_history		9/300	array[object]
transactions[].date	transactions_history		9/300	str
transactions[].price	transactions_history		9/300	int
transactions[].source	transactions_history		9/300	str
transactions_source	transactions_history		1/300	str
transactions_updated	transactions_history		9/300	datetime
under_contract_detected_at	listing_scrape		4/300	str
under_contract_source_text	listing_scrape		4/300	str
unit_indexable	other		96/300	bool
unit_indexable_at	other		96/300	datetime
unit_indexable_reason	other		96/300	str
updated_at	other		16/300	datetime
url_slug	identity_location		300/300	str
valuation_data	valuation		177/300	object
valuation_data.adjusted_comparables	valuation		141/300	array[object]
valuation_data.adjusted_comparables[].address	identity_location		141/300	str
valuation_data.adjusted_comparables[].adjusted_price	valuation		141/300	int
valuation_data.adjusted_comparables[].adjustments	valuation		141/300	object
valuation_data.adjusted_comparables[].adjustments.ac_type	valuation		141/300	object
valuation_data.adjusted_comparables[].adjustments.ac_type.comp_value	valuation		141/300	int
valuation_data.adjusted_comparables[].adjustments.ac_type.diff	valuation		141/300	int
valuation_data.adjusted_comparables[].adjustments.ac_type.dollars	valuation		141/300	int
valuation_data.adjusted_comparables[].adjustments.ac_type.dollars_unshrunk	valuation		29/300	int
valuation_data.adjusted_comparables[].adjustments.ac_type.rate	valuation		141/300	int
valuation_data.adjusted_comparables[].adjustments.ac_type.subject_value	valuation		141/300	int
valuation_data.adjusted_comparables[].adjustments.bathrooms	physical_attributes		141/300	object
valuation_data.adjusted_comparables[].adjustments.bathrooms.comp_value	physical_attributes		141/300	int
valuation_data.adjusted_comparables[].adjustments.bathrooms.diff	physical_attributes		141/300	int
valuation_data.adjusted_comparables[].adjustments.bathrooms.dollars	physical_attributes		141/300	int
valuation_data.adjusted_comparables[].adjustments.bathrooms.dollars_unshrunk	physical_attributes		31/300	int
valuation_data.adjusted_comparables[].adjustments.bathrooms.rate	physical_attributes		141/300	int
valuation_data.adjusted_comparables[].adjustments.bathrooms.skipped	physical_attributes		17/300	bool
valuation_data.adjusted_comparables[].adjustments.bathrooms.subject_value	physical_attributes		141/300	int
valuation_data.adjusted_comparables[].adjustments.beach_proximity	valuation		141/300	object
valuation_data.adjusted_comparables[].adjustments.beach_proximity.comp_value	valuation		141/300	float
valuation_data.adjusted_comparables[].adjustments.beach_proximity.diff	valuation		141/300	float
valuation_data.adjusted_comparables[].adjustments.beach_proximity.dollars	valuation		141/300	int
valuation_data.adjusted_comparables[].adjustments.beach_proximity.dollars_unshrunk	valuation		140/300	int
valuation_data.adjusted_comparables[].adjustments.beach_proximity.rate	valuation		141/300	str
valuation_data.adjusted_comparables[].adjustments.beach_proximity.skipped	valuation		141/300	bool
valuation_data.adjusted_comparables[].adjustments.beach_proximity.subject_value	valuation		141/300	float
valuation_data.adjusted_comparables[].adjustments.bedrooms	physical_attributes		141/300	object
valuation_data.adjusted_comparables[].adjustments.bedrooms.comp_value	physical_attributes		141/300	int
valuation_data.adjusted_comparables[].adjustments.bedrooms.diff	physical_attributes		141/300	int
valuation_data.adjusted_comparables[].adjustments.bedrooms.dollars	physical_attributes		141/300	int
valuation_data.adjusted_comparables[].adjustments.bedrooms.dollars_unshrunk	physical_attributes		72/300	int
valuation_data.adjusted_comparables[].adjustments.bedrooms.rate	physical_attributes		141/300	int
valuation_data.adjusted_comparables[].adjustments.bedrooms.skipped	physical_attributes		9/300	bool
valuation_data.adjusted_comparables[].adjustments.bedrooms.subject_value	physical_attributes		141/300	int
valuation_data.adjusted_comparables[].adjustments.car_spaces	physical_attributes		141/300	object
valuation_data.adjusted_comparables[].adjustments.car_spaces.comp_value	physical_attributes		141/300	int
valuation_data.adjusted_comparables[].adjustments.car_spaces.diff	physical_attributes		141/300	int
valuation_data.adjusted_comparables[].adjustments.car_spaces.dollars	physical_attributes		141/300	int
valuation_data.adjusted_comparables[].adjustments.car_spaces.dollars_unshrunk	physical_attributes		49/300	int
valuation_data.adjusted_comparables[].adjustments.car_spaces.rate	physical_attributes		141/300	int
valuation_data.adjusted_comparables[].adjustments.car_spaces.skipped	physical_attributes		2/300	bool
valuation_data.adjusted_comparables[].adjustments.car_spaces.subject_value	physical_attributes		141/300	int
valuation_data.adjusted_comparables[].adjustments.cladding	valuation		141/300	object
valuation_data.adjusted_comparables[].adjustments.cladding.comp_value	valuation		141/300	int
valuation_data.adjusted_comparables[].adjustments.cladding.diff	valuation		141/300	int
valuation_data.adjusted_comparables[].adjustments.cladding.dollars	valuation		141/300	int
valuation_data.adjusted_comparables[].adjustments.cladding.dollars_unshrunk	valuation		76/300	int
valuation_data.adjusted_comparables[].adjustments.cladding.rate	valuation		141/300	int
valuation_data.adjusted_comparables[].adjustments.cladding.subject_value	valuation		141/300	int
valuation_data.adjusted_comparables[].adjustments.condition	valuation		141/300	object
valuation_data.adjusted_comparables[].adjustments.condition.comp_value	valuation		141/300	int
valuation_data.adjusted_comparables[].adjustments.condition.diff	valuation		141/300	int
valuation_data.adjusted_comparables[].adjustments.condition.dollars	valuation		141/300	int
valuation_data.adjusted_comparables[].adjustments.condition.dollars_unshrunk	valuation		49/300	int
valuation_data.adjusted_comparables[].adjustments.condition.prestige_rate	valuation		141/300	float
valuation_data.adjusted_comparables[].adjustments.condition.rate	valuation		141/300	float
valuation_data.adjusted_comparables[].adjustments.condition.subject_value	valuation		141/300	int
valuation_data.adjusted_comparables[].adjustments.floor_area	physical_attributes		141/300	object
valuation_data.adjusted_comparables[].adjustments.floor_area.comp_value	physical_attributes		141/300	float
valuation_data.adjusted_comparables[].adjustments.floor_area.diff	physical_attributes		141/300	float
valuation_data.adjusted_comparables[].adjustments.floor_area.dollars	physical_attributes		141/300	int
valuation_data.adjusted_comparables[].adjustments.floor_area.dollars_unshrunk	physical_attributes		140/300	int
valuation_data.adjusted_comparables[].adjustments.floor_area.rate	physical_attributes		141/300	int
valuation_data.adjusted_comparables[].adjustments.floor_area.subject_value	physical_attributes		141/300	float
valuation_data.adjusted_comparables[].adjustments.golf_course_backing	valuation		141/300	object
valuation_data.adjusted_comparables[].adjustments.golf_course_backing.comp_value	valuation		141/300	int
valuation_data.adjusted_comparables[].adjustments.golf_course_backing.diff	valuation		141/300	float
valuation_data.adjusted_comparables[].adjustments.golf_course_backing.dollars	valuation		141/300	int
valuation_data.adjusted_comparables[].adjustments.golf_course_backing.rate	valuation		141/300	str
valuation_data.adjusted_comparables[].adjustments.golf_course_backing.skipped	valuation		141/300	bool
valuation_data.adjusted_comparables[].adjustments.golf_course_backing.subject_value	valuation		141/300	int
valuation_data.adjusted_comparables[].adjustments.kitchen	valuation		141/300	object
valuation_data.adjusted_comparables[].adjustments.kitchen.comp_value	valuation		141/300	int
valuation_data.adjusted_comparables[].adjustments.kitchen.diff	valuation		141/300	int
valuation_data.adjusted_comparables[].adjustments.kitchen.dollars	valuation		141/300	int
valuation_data.adjusted_comparables[].adjustments.kitchen.rate	valuation		141/300	int
valuation_data.adjusted_comparables[].adjustments.kitchen.retired	valuation		141/300	bool
valuation_data.adjusted_comparables[].adjustments.kitchen.retired_reason	valuation		141/300	str
valuation_data.adjusted_comparables[].adjustments.kitchen.subject_value	valuation		141/300	int
valuation_data.adjusted_comparables[].adjustments.land_size	physical_attributes		141/300	object
valuation_data.adjusted_comparables[].adjustments.land_size.comp_value	physical_attributes		141/300	float
valuation_data.adjusted_comparables[].adjustments.land_size.diff	physical_attributes		141/300	float
valuation_data.adjusted_comparables[].adjustments.land_size.dollars	physical_attributes		141/300	int
valuation_data.adjusted_comparables[].adjustments.land_size.dollars_unshrunk	physical_attributes		137/300	int
valuation_data.adjusted_comparables[].adjustments.land_size.rate	physical_attributes		141/300	int
valuation_data.adjusted_comparables[].adjustments.land_size.subject_value	physical_attributes		141/300	float
valuation_data.adjusted_comparables[].adjustments.micro_location	valuation		141/300	object
valuation_data.adjusted_comparables[].adjustments.micro_location.comp_value	valuation		141/300	float
valuation_data.adjusted_comparables[].adjustments.micro_location.diff	valuation		141/300	float
valuation_data.adjusted_comparables[].adjustments.micro_location.dollars	valuation		141/300	int
valuation_data.adjusted_comparables[].adjustments.micro_location.dollars_unshrunk	valuation		115/300	int
valuation_data.adjusted_comparables[].adjustments.micro_location.rate	valuation		141/300	str
valuation_data.adjusted_comparables[].adjustments.micro_location.skipped	valuation		141/300	bool
valuation_data.adjusted_comparables[].adjustments.micro_location.subject_value	valuation		141/300	float
valuation_data.adjusted_comparables[].adjustments.pool	valuation		141/300	object
valuation_data.adjusted_comparables[].adjustments.pool.comp_value	valuation		141/300	bool/int
valuation_data.adjusted_comparables[].adjustments.pool.diff	valuation		141/300	int
valuation_data.adjusted_comparables[].adjustments.pool.dollars	valuation		141/300	int
valuation_data.adjusted_comparables[].adjustments.pool.dollars_unshrunk	valuation		68/300	int
valuation_data.adjusted_comparables[].adjustments.pool.rate	valuation		141/300	int
valuation_data.adjusted_comparables[].adjustments.pool.skipped	valuation		7/300	bool
valuation_data.adjusted_comparables[].adjustments.pool.subject_value	valuation		141/300	int/null
valuation_data.adjusted_comparables[].adjustments.property_age	valuation		141/300	object
valuation_data.adjusted_comparables[].adjustments.property_age.comp_value	valuation		141/300	int
valuation_data.adjusted_comparables[].adjustments.property_age.diff	valuation		141/300	int
valuation_data.adjusted_comparables[].adjustments.property_age.dollars	valuation		141/300	int
valuation_data.adjusted_comparables[].adjustments.property_age.dollars_unshrunk	valuation		133/300	int
valuation_data.adjusted_comparables[].adjustments.property_age.rate	valuation		141/300	int
valuation_data.adjusted_comparables[].adjustments.property_age.subject_value	valuation		141/300	int
valuation_data.adjusted_comparables[].adjustments.renovation	valuation		141/300	object
valuation_data.adjusted_comparables[].adjustments.renovation.comp_value	valuation		141/300	int
valuation_data.adjusted_comparables[].adjustments.renovation.diff	valuation		141/300	int
valuation_data.adjusted_comparables[].adjustments.renovation.dollars	valuation		141/300	int
valuation_data.adjusted_comparables[].adjustments.renovation.rate	valuation		141/300	int
valuation_data.adjusted_comparables[].adjustments.renovation.retired	valuation		141/300	bool
valuation_data.adjusted_comparables[].adjustments.renovation.retired_reason	valuation		141/300	str
valuation_data.adjusted_comparables[].adjustments.renovation.subject_value	valuation		141/300	int
valuation_data.adjusted_comparables[].adjustments.renovation_quality	valuation		141/300	object
valuation_data.adjusted_comparables[].adjustments.renovation_quality.comp_value	valuation		141/300	float/null
valuation_data.adjusted_comparables[].adjustments.renovation_quality.diff	valuation		141/300	float/int
valuation_data.adjusted_comparables[].adjustments.renovation_quality.dollars	valuation		141/300	int
valuation_data.adjusted_comparables[].adjustments.renovation_quality.rate	valuation		141/300	int
valuation_data.adjusted_comparables[].adjustments.renovation_quality.retired	valuation		141/300	bool
valuation_data.adjusted_comparables[].adjustments.renovation_quality.retired_reason	valuation		141/300	str
valuation_data.adjusted_comparables[].adjustments.renovation_quality.skipped	valuation		141/300	bool
valuation_data.adjusted_comparables[].adjustments.renovation_quality.subject_value	valuation		141/300	float/null
valuation_data.adjusted_comparables[].adjustments.stories	valuation		141/300	object
valuation_data.adjusted_comparables[].adjustments.stories.comp_value	valuation		141/300	int
valuation_data.adjusted_comparables[].adjustments.stories.diff	valuation		141/300	int
valuation_data.adjusted_comparables[].adjustments.stories.dollars	valuation		141/300	int
valuation_data.adjusted_comparables[].adjustments.stories.dollars_unshrunk	valuation		9/300	int
valuation_data.adjusted_comparables[].adjustments.stories.rate	valuation		141/300	int
valuation_data.adjusted_comparables[].adjustments.stories.subject_value	valuation		141/300	int
valuation_data.adjusted_comparables[].adjustments.street_premium	valuation		141/300	object
valuation_data.adjusted_comparables[].adjustments.street_premium.comp_value	valuation		141/300	float/null
valuation_data.adjusted_comparables[].adjustments.street_premium.diff	valuation		141/300	float
valuation_data.adjusted_comparables[].adjustments.street_premium.dollars	valuation		141/300	int
valuation_data.adjusted_comparables[].adjustments.street_premium.dollars_unshrunk	valuation		33/300	int
valuation_data.adjusted_comparables[].adjustments.street_premium.rate	valuation		141/300	str
valuation_data.adjusted_comparables[].adjustments.street_premium.skipped	valuation		141/300	bool
valuation_data.adjusted_comparables[].adjustments.street_premium.subject_value	valuation		141/300	float/null
valuation_data.adjusted_comparables[].adjustments.water_views	valuation		141/300	object
valuation_data.adjusted_comparables[].adjustments.water_views.comp_value	valuation		141/300	int
valuation_data.adjusted_comparables[].adjustments.water_views.diff	valuation		141/300	int
valuation_data.adjusted_comparables[].adjustments.water_views.dollars	valuation		141/300	int
valuation_data.adjusted_comparables[].adjustments.water_views.dollars_unshrunk	valuation		24/300	int
valuation_data.adjusted_comparables[].adjustments.water_views.rate	valuation		141/300	int
valuation_data.adjusted_comparables[].adjustments.water_views.subject_value	valuation		141/300	int
valuation_data.adjusted_comparables[].distance_km	valuation		141/300	float
valuation_data.adjusted_comparables[].sale_date	valuation		141/300	null/str
valuation_data.adjusted_comparables[].sale_price	valuation		141/300	float
valuation_data.adjusted_comparables[].total_adjustment	valuation		141/300	int
valuation_data.adjusted_comparables[].total_adjustment_pct	valuation		141/300	float
valuation_data.adjusted_comparables[].verification	valuation		141/300	str
valuation_data.adjusted_comparables[].weight	valuation		141/300	float
valuation_data.adjustment_rates	valuation		143/300	object
valuation_data.adjustment_rates.rates	valuation		143/300	object
valuation_data.adjustment_rates.rates.condition_pct_per_point	valuation		143/300	float
valuation_data.adjustment_rates.rates.floor_per_sqm	valuation		143/300	int
valuation_data.adjustment_rates.rates.land_per_sqm	valuation		143/300	int
valuation_data.adjustment_rates.rates.n_rates_overridden	valuation		142/300	int
valuation_data.adjustment_rates.rates.per_ac_ducted	valuation		143/300	int
valuation_data.adjustment_rates.rates.per_bathroom	physical_attributes		143/300	int
valuation_data.adjustment_rates.rates.per_bedroom	physical_attributes		143/300	int
valuation_data.adjustment_rates.rates.per_car_space	physical_attributes		143/300	int
valuation_data.adjustment_rates.rates.per_cladding_level	valuation		143/300	int
valuation_data.adjustment_rates.rates.per_kitchen_point	valuation		143/300	int
valuation_data.adjustment_rates.rates.per_pool	valuation		143/300	int
valuation_data.adjustment_rates.rates.per_renovation_level	valuation		143/300	int
valuation_data.adjustment_rates.rates.per_renovation_quality_point	valuation		1/300	int
valuation_data.adjustment_rates.rates.per_storey	valuation		143/300	int
valuation_data.adjustment_rates.rates.per_water_view	valuation		143/300	int
valuation_data.adjustment_rates.rates.per_year_age	valuation		143/300	int
valuation_data.adjustment_rates.sample_size	valuation		143/300	int
valuation_data.adjustment_rates.source	valuation		143/300	str
valuation_data.chart_points	valuation		143/300	array[object]
valuation_data.chart_points[].id	valuation		143/300	str
valuation_data.chart_points[].label	valuation		143/300	str
valuation_data.chart_points[].npui	valuation		143/300	float
valuation_data.chart_points[].price	valuation		143/300	float
valuation_data.chart_points[].series	valuation		143/300	str
valuation_data.chart_points[].type	valuation		143/300	str
valuation_data.comparables	valuation		143/300	array[]/array[object]
valuation_data.comparables[]._data_quality_pct	valuation		3/300	float
valuation_data.comparables[].address	identity_location		3/300	str
valuation_data.comparables[].adjustment_result	valuation		3/300	object
valuation_data.comparables[].adjustment_result.adjusted_price	valuation		3/300	int
valuation_data.comparables[].adjustment_result.adjustments	valuation		3/300	object
valuation_data.comparables[].adjustment_result.adjustments.ac_type	valuation		3/300	object
valuation_data.comparables[].adjustment_result.adjustments.ac_type.comp_value	valuation		3/300	int
valuation_data.comparables[].adjustment_result.adjustments.ac_type.diff	valuation		3/300	int
valuation_data.comparables[].adjustment_result.adjustments.ac_type.dollars	valuation		3/300	int
valuation_data.comparables[].adjustment_result.adjustments.ac_type.rate	valuation		3/300	int
valuation_data.comparables[].adjustment_result.adjustments.ac_type.subject_value	valuation		3/300	int
valuation_data.comparables[].adjustment_result.adjustments.bathrooms	physical_attributes		3/300	object
valuation_data.comparables[].adjustment_result.adjustments.bathrooms.comp_value	physical_attributes		3/300	int
valuation_data.comparables[].adjustment_result.adjustments.bathrooms.diff	physical_attributes		3/300	int
valuation_data.comparables[].adjustment_result.adjustments.bathrooms.dollars	physical_attributes		3/300	int
valuation_data.comparables[].adjustment_result.adjustments.bathrooms.rate	physical_attributes		3/300	int
valuation_data.comparables[].adjustment_result.adjustments.bathrooms.subject_value	physical_attributes		3/300	int
valuation_data.comparables[].adjustment_result.adjustments.beach_proximity	valuation		3/300	object
valuation_data.comparables[].adjustment_result.adjustments.beach_proximity.comp_value	valuation		3/300	float
valuation_data.comparables[].adjustment_result.adjustments.beach_proximity.diff	valuation		3/300	float
valuation_data.comparables[].adjustment_result.adjustments.beach_proximity.dollars	valuation		3/300	int
valuation_data.comparables[].adjustment_result.adjustments.beach_proximity.rate	valuation		3/300	str
valuation_data.comparables[].adjustment_result.adjustments.beach_proximity.skipped	valuation		3/300	bool
valuation_data.comparables[].adjustment_result.adjustments.beach_proximity.subject_value	valuation		3/300	float
valuation_data.comparables[].adjustment_result.adjustments.bedrooms	physical_attributes		3/300	object
valuation_data.comparables[].adjustment_result.adjustments.bedrooms.comp_value	physical_attributes		3/300	int
valuation_data.comparables[].adjustment_result.adjustments.bedrooms.diff	physical_attributes		3/300	int
valuation_data.comparables[].adjustment_result.adjustments.bedrooms.dollars	physical_attributes		3/300	int
valuation_data.comparables[].adjustment_result.adjustments.bedrooms.rate	physical_attributes		3/300	int
valuation_data.comparables[].adjustment_result.adjustments.bedrooms.subject_value	physical_attributes		3/300	int
valuation_data.comparables[].adjustment_result.adjustments.car_spaces	physical_attributes		3/300	object
valuation_data.comparables[].adjustment_result.adjustments.car_spaces.comp_value	physical_attributes		3/300	int
valuation_data.comparables[].adjustment_result.adjustments.car_spaces.diff	physical_attributes		3/300	int
valuation_data.comparables[].adjustment_result.adjustments.car_spaces.dollars	physical_attributes		3/300	int
valuation_data.comparables[].adjustment_result.adjustments.car_spaces.dollars_unshrunk	physical_attributes		1/300	int
valuation_data.comparables[].adjustment_result.adjustments.car_spaces.rate	physical_attributes		3/300	int
valuation_data.comparables[].adjustment_result.adjustments.car_spaces.subject_value	physical_attributes		3/300	int
valuation_data.comparables[].adjustment_result.adjustments.cladding	valuation		3/300	object
valuation_data.comparables[].adjustment_result.adjustments.cladding.comp_value	valuation		3/300	int
valuation_data.comparables[].adjustment_result.adjustments.cladding.diff	valuation		3/300	int
valuation_data.comparables[].adjustment_result.adjustments.cladding.dollars	valuation		3/300	int
valuation_data.comparables[].adjustment_result.adjustments.cladding.rate	valuation		3/300	int
valuation_data.comparables[].adjustment_result.adjustments.cladding.subject_value	valuation		3/300	int
valuation_data.comparables[].adjustment_result.adjustments.condition	valuation		3/300	object
valuation_data.comparables[].adjustment_result.adjustments.condition.comp_value	valuation		3/300	int
valuation_data.comparables[].adjustment_result.adjustments.condition.diff	valuation		3/300	int
valuation_data.comparables[].adjustment_result.adjustments.condition.dollars	valuation		3/300	int
valuation_data.comparables[].adjustment_result.adjustments.condition.prestige_rate	valuation		3/300	float
valuation_data.comparables[].adjustment_result.adjustments.condition.rate	valuation		3/300	float
valuation_data.comparables[].adjustment_result.adjustments.condition.subject_value	valuation		3/300	int
valuation_data.comparables[].adjustment_result.adjustments.floor_area	physical_attributes		3/300	object
valuation_data.comparables[].adjustment_result.adjustments.floor_area.comp_value	physical_attributes		3/300	float
valuation_data.comparables[].adjustment_result.adjustments.floor_area.diff	physical_attributes		3/300	float
valuation_data.comparables[].adjustment_result.adjustments.floor_area.dollars	physical_attributes		3/300	int
valuation_data.comparables[].adjustment_result.adjustments.floor_area.dollars_unshrunk	physical_attributes		1/300	int
valuation_data.comparables[].adjustment_result.adjustments.floor_area.rate	physical_attributes		3/300	int
valuation_data.comparables[].adjustment_result.adjustments.floor_area.subject_value	physical_attributes		3/300	float
valuation_data.comparables[].adjustment_result.adjustments.golf_course_backing	valuation		3/300	object
valuation_data.comparables[].adjustment_result.adjustments.golf_course_backing.comp_value	valuation		3/300	int
valuation_data.comparables[].adjustment_result.adjustments.golf_course_backing.diff	valuation		3/300	float
valuation_data.comparables[].adjustment_result.adjustments.golf_course_backing.dollars	valuation		3/300	int
valuation_data.comparables[].adjustment_result.adjustments.golf_course_backing.rate	valuation		3/300	str
valuation_data.comparables[].adjustment_result.adjustments.golf_course_backing.skipped	valuation		3/300	bool
valuation_data.comparables[].adjustment_result.adjustments.golf_course_backing.subject_value	valuation		3/300	int
valuation_data.comparables[].adjustment_result.adjustments.kitchen	valuation		3/300	object
valuation_data.comparables[].adjustment_result.adjustments.kitchen.comp_value	valuation		3/300	int
valuation_data.comparables[].adjustment_result.adjustments.kitchen.diff	valuation		3/300	int
valuation_data.comparables[].adjustment_result.adjustments.kitchen.dollars	valuation		3/300	int
valuation_data.comparables[].adjustment_result.adjustments.kitchen.rate	valuation		3/300	int
valuation_data.comparables[].adjustment_result.adjustments.kitchen.retired	valuation		1/300	bool
valuation_data.comparables[].adjustment_result.adjustments.kitchen.retired_reason	valuation		1/300	str
valuation_data.comparables[].adjustment_result.adjustments.kitchen.subject_value	valuation		3/300	int
valuation_data.comparables[].adjustment_result.adjustments.land_size	physical_attributes		3/300	object
valuation_data.comparables[].adjustment_result.adjustments.land_size.comp_value	physical_attributes		3/300	float
valuation_data.comparables[].adjustment_result.adjustments.land_size.diff	physical_attributes		3/300	float
valuation_data.comparables[].adjustment_result.adjustments.land_size.dollars	physical_attributes		3/300	int
valuation_data.comparables[].adjustment_result.adjustments.land_size.dollars_unshrunk	physical_attributes		1/300	int
valuation_data.comparables[].adjustment_result.adjustments.land_size.rate	physical_attributes		3/300	int
valuation_data.comparables[].adjustment_result.adjustments.land_size.subject_value	physical_attributes		3/300	float
valuation_data.comparables[].adjustment_result.adjustments.micro_location	valuation		3/300	object
valuation_data.comparables[].adjustment_result.adjustments.micro_location.comp_value	valuation		3/300	float/null
valuation_data.comparables[].adjustment_result.adjustments.micro_location.diff	valuation		3/300	float
valuation_data.comparables[].adjustment_result.adjustments.micro_location.dollars	valuation		3/300	int
valuation_data.comparables[].adjustment_result.adjustments.micro_location.rate	valuation		3/300	str
valuation_data.comparables[].adjustment_result.adjustments.micro_location.skipped	valuation		3/300	bool
valuation_data.comparables[].adjustment_result.adjustments.micro_location.subject_value	valuation		3/300	float/null
valuation_data.comparables[].adjustment_result.adjustments.pool	valuation		3/300	object
valuation_data.comparables[].adjustment_result.adjustments.pool.comp_value	valuation		3/300	int
valuation_data.comparables[].adjustment_result.adjustments.pool.diff	valuation		3/300	int
valuation_data.comparables[].adjustment_result.adjustments.pool.dollars	valuation		3/300	int
valuation_data.comparables[].adjustment_result.adjustments.pool.dollars_unshrunk	valuation		1/300	int
valuation_data.comparables[].adjustment_result.adjustments.pool.rate	valuation		3/300	int
valuation_data.comparables[].adjustment_result.adjustments.pool.subject_value	valuation		3/300	int
valuation_data.comparables[].adjustment_result.adjustments.property_age	valuation		3/300	object
valuation_data.comparables[].adjustment_result.adjustments.property_age.comp_value	valuation		3/300	int
valuation_data.comparables[].adjustment_result.adjustments.property_age.diff	valuation		3/300	int
valuation_data.comparables[].adjustment_result.adjustments.property_age.dollars	valuation		3/300	int
valuation_data.comparables[].adjustment_result.adjustments.property_age.dollars_unshrunk	valuation		1/300	int
valuation_data.comparables[].adjustment_result.adjustments.property_age.rate	valuation		3/300	int
valuation_data.comparables[].adjustment_result.adjustments.property_age.subject_value	valuation		3/300	int
valuation_data.comparables[].adjustment_result.adjustments.renovation	valuation		3/300	object
valuation_data.comparables[].adjustment_result.adjustments.renovation.comp_value	valuation		3/300	int
valuation_data.comparables[].adjustment_result.adjustments.renovation.diff	valuation		3/300	int
valuation_data.comparables[].adjustment_result.adjustments.renovation.dollars	valuation		3/300	int
valuation_data.comparables[].adjustment_result.adjustments.renovation.rate	valuation		3/300	int
valuation_data.comparables[].adjustment_result.adjustments.renovation.retired	valuation		1/300	bool
valuation_data.comparables[].adjustment_result.adjustments.renovation.retired_reason	valuation		1/300	str
valuation_data.comparables[].adjustment_result.adjustments.renovation.subject_value	valuation		3/300	int
valuation_data.comparables[].adjustment_result.adjustments.renovation_quality	valuation		3/300	object
valuation_data.comparables[].adjustment_result.adjustments.renovation_quality.comp_value	valuation		3/300	float
valuation_data.comparables[].adjustment_result.adjustments.renovation_quality.diff	valuation		3/300	float
valuation_data.comparables[].adjustment_result.adjustments.renovation_quality.dollars	valuation		3/300	int
valuation_data.comparables[].adjustment_result.adjustments.renovation_quality.rate	valuation		3/300	int
valuation_data.comparables[].adjustment_result.adjustments.renovation_quality.retired	valuation		1/300	bool
valuation_data.comparables[].adjustment_result.adjustments.renovation_quality.retired_reason	valuation		1/300	str
valuation_data.comparables[].adjustment_result.adjustments.renovation_quality.skipped	valuation		3/300	bool
valuation_data.comparables[].adjustment_result.adjustments.renovation_quality.subject_value	valuation		3/300	float
valuation_data.comparables[].adjustment_result.adjustments.stories	valuation		3/300	object
valuation_data.comparables[].adjustment_result.adjustments.stories.comp_value	valuation		3/300	int
valuation_data.comparables[].adjustment_result.adjustments.stories.diff	valuation		3/300	int
valuation_data.comparables[].adjustment_result.adjustments.stories.dollars	valuation		3/300	int
valuation_data.comparables[].adjustment_result.adjustments.stories.rate	valuation		3/300	int
valuation_data.comparables[].adjustment_result.adjustments.stories.subject_value	valuation		3/300	int
valuation_data.comparables[].adjustment_result.adjustments.street_premium	valuation		3/300	object
valuation_data.comparables[].adjustment_result.adjustments.street_premium.comp_value	valuation		3/300	float/null
valuation_data.comparables[].adjustment_result.adjustments.street_premium.diff	valuation		3/300	float
valuation_data.comparables[].adjustment_result.adjustments.street_premium.dollars	valuation		3/300	int
valuation_data.comparables[].adjustment_result.adjustments.street_premium.rate	valuation		3/300	str
valuation_data.comparables[].adjustment_result.adjustments.street_premium.skipped	valuation		3/300	bool
valuation_data.comparables[].adjustment_result.adjustments.street_premium.subject_value	valuation		3/300	float/null
valuation_data.comparables[].adjustment_result.adjustments.water_views	valuation		3/300	object
valuation_data.comparables[].adjustment_result.adjustments.water_views.comp_value	valuation		3/300	int
valuation_data.comparables[].adjustment_result.adjustments.water_views.diff	valuation		3/300	int
valuation_data.comparables[].adjustment_result.adjustments.water_views.dollars	valuation		3/300	int
valuation_data.comparables[].adjustment_result.adjustments.water_views.rate	valuation		3/300	int
valuation_data.comparables[].adjustment_result.adjustments.water_views.subject_value	valuation		3/300	int
valuation_data.comparables[].adjustment_result.rates_source	valuation		3/300	str
valuation_data.comparables[].adjustment_result.reliability_applied	valuation		1/300	float
valuation_data.comparables[].adjustment_result.total_adjustment	valuation		3/300	int
valuation_data.comparables[].adjustment_result.total_adjustment_pct	valuation		3/300	float
valuation_data.comparables[].adjustment_result.total_adjustment_unshrunk	valuation		1/300	int
valuation_data.comparables[].distance_km	valuation		3/300	float
valuation_data.comparables[].features	valuation		3/300	object
valuation_data.comparables[].features.basic	valuation		3/300	object
valuation_data.comparables[].features.basic.ac_ducted	valuation		3/300	bool
valuation_data.comparables[].features.basic.approximate_build_year	valuation		3/300	int
valuation_data.comparables[].features.basic.bathrooms	physical_attributes		3/300	int
valuation_data.comparables[].features.basic.beach_distance_km	valuation		3/300	float
valuation_data.comparables[].features.basic.bedrooms	physical_attributes		3/300	int
valuation_data.comparables[].features.basic.car_spaces	physical_attributes		3/300	int
valuation_data.comparables[].features.basic.cladding_level	valuation		3/300	int
valuation_data.comparables[].features.basic.cladding_raw	valuation		3/300	null/str
valuation_data.comparables[].features.basic.floor_area_sqm	physical_attributes		3/300	float
valuation_data.comparables[].features.basic.kitchen_score	valuation		3/300	int
valuation_data.comparables[].features.basic.land_size_sqm	physical_attributes		3/300	float
valuation_data.comparables[].features.basic.number_of_stories	valuation		3/300	int
valuation_data.comparables[].features.basic.pool_present	valuation		3/300	bool
valuation_data.comparables[].features.basic.renovation_level	valuation		3/300	int
valuation_data.comparables[].features.basic.renovation_level_raw	valuation		3/300	str
valuation_data.comparables[].features.basic.renovation_quality_score	valuation		3/300	float
valuation_data.comparables[].features.basic.water_views	valuation		3/300	bool
valuation_data.comparables[].features.npui_breakdown	valuation		3/300	object
valuation_data.comparables[].features.npui_breakdown.inputs	valuation		3/300	object
valuation_data.comparables[].features.npui_breakdown.inputs.bathrooms	physical_attributes		3/300	int
valuation_data.comparables[].features.npui_breakdown.inputs.bedrooms	physical_attributes		3/300	int
valuation_data.comparables[].features.npui_breakdown.inputs.carspaces	physical_attributes		3/300	int
valuation_data.comparables[].features.npui_breakdown.inputs.exterior.overall_exterior_condition_score	valuation		3/300	int
valuation_data.comparables[].features.npui_breakdown.inputs.floor_area_sqm	physical_attributes		3/300	float
valuation_data.comparables[].features.npui_breakdown.inputs.interior.bathroom_quality_score	physical_attributes		3/300	float
valuation_data.comparables[].features.npui_breakdown.inputs.interior.kitchen_quality_score	valuation		3/300	int
valuation_data.comparables[].features.npui_breakdown.inputs.interior.natural_light_score	valuation		3/300	float
valuation_data.comparables[].features.npui_breakdown.inputs.interior.overall_interior_condition_score	valuation		3/300	int
valuation_data.comparables[].features.npui_breakdown.inputs.land_size_sqm	physical_attributes		3/300	float
valuation_data.comparables[].features.npui_breakdown.inputs.layout.layout_efficiency_score	valuation		3/300	int
valuation_data.comparables[].features.npui_breakdown.inputs.layout.number_of_living_areas	valuation		3/300	int
valuation_data.comparables[].features.npui_breakdown.inputs.outdoor.fence_condition_score	valuation		2/300	int
valuation_data.comparables[].features.npui_breakdown.inputs.outdoor.landscaping_quality_score	valuation		2/300	int
valuation_data.comparables[].features.npui_breakdown.inputs.outdoor.outdoor_entertainment_score	valuation		3/300	int
valuation_data.comparables[].features.npui_breakdown.inputs.renovation.modern_features_score	valuation		3/300	int
valuation_data.comparables[].features.npui_breakdown.npui	valuation		3/300	float
valuation_data.comparables[].features.npui_breakdown.null_fields	valuation		3/300	array[]/array[str]
valuation_data.comparables[].features.npui_breakdown.raw_utility	valuation		3/300	float
valuation_data.comparables[].id	valuation		3/300	str
valuation_data.comparables[].images	valuation		3/300	array[str]
valuation_data.comparables[].included_in_valuation	valuation		3/300	bool
valuation_data.comparables[].independent_valuation	valuation		3/300	int
valuation_data.comparables[].narrative	valuation		3/300	str
valuation_data.comparables[].price	valuation		3/300	float
valuation_data.comparables[].series	valuation		3/300	str
valuation_data.comparables[].utility_index	valuation		3/300	float
valuation_data.comparables[].valuation_price	valuation		3/300	null
valuation_data.comparables[].verification	valuation		3/300	object
valuation_data.comparables[].verification.accuracy_pct	valuation		3/300	float
valuation_data.comparables[].verification.checks_passed	valuation		3/300	bool
valuation_data.comparables[].verification.data_quality_pct	valuation		3/300	float
valuation_data.comparables[].verification.is_verified	valuation		3/300	bool
valuation_data.comparables[].verification.issues	valuation		3/300	array[str]
valuation_data.comparables[].verification.npui_accuracy_pct	valuation		3/300	float
valuation_data.comparables[].verification.status	valuation		3/300	str
valuation_data.comparables[].verification.z_score	valuation		3/300	float
valuation_data.comparables[].weight	valuation		3/300	object
valuation_data.comparables[].weight.factors	valuation		3/300	object
valuation_data.comparables[].weight.factors.adjusted_accuracy	valuation		3/300	float/int
valuation_data.comparables[].weight.factors.adjustment_quality	valuation		3/300	float
valuation_data.comparables[].weight.factors.data_quality	valuation		3/300	float
valuation_data.comparables[].weight.factors.proximity	valuation		3/300	float
valuation_data.comparables[].weight.factors.recency	valuation		3/300	float
valuation_data.comparables[].weight.factors.verification	valuation		3/300	float
valuation_data.comparables[].weight.normalized	valuation		3/300	float
valuation_data.comparables[].weight.raw_weight	valuation		3/300	float
valuation_data.computed_at	valuation		177/300	datetime
valuation_data.confidence	valuation		177/300	object
valuation_data.confidence.confidence	valuation		177/300	str
valuation_data.confidence.cv	valuation		143/300	float
valuation_data.confidence.directional_only	valuation		48/300	bool
valuation_data.confidence.directional_reason	valuation		48/300	str
valuation_data.confidence.exclusion_reason	valuation		34/300	str
valuation_data.confidence.n_total	valuation		177/300	int
valuation_data.confidence.n_verified	valuation		177/300	int
valuation_data.confidence.range	valuation		177/300	null/object
valuation_data.confidence.range.high	valuation		95/300	int
valuation_data.confidence.range.low	valuation		95/300	int
valuation_data.confidence.range_basis	valuation		141/300	object
valuation_data.confidence.range_basis.half_width_pct	valuation		141/300	float
valuation_data.confidence.range_basis.kind	valuation		141/300	str
valuation_data.confidence.range_basis.measured_on	valuation		141/300	str
valuation_data.confidence.range_basis.n_sales	valuation		141/300	int
valuation_data.confidence.range_basis.note	valuation		141/300	str
valuation_data.confidence.range_basis.suburb	identity_location		141/300	str
valuation_data.confidence.reconciled_valuation	valuation		177/300	int/null
valuation_data.confidence.std_dev	valuation		143/300	int
valuation_data.confidence.suburb_calibration	identity_location		141/300	object
valuation_data.confidence.suburb_calibration.factor	identity_location		141/300	float
valuation_data.confidence.suburb_calibration.measured_on	identity_location		141/300	str
valuation_data.confidence.suburb_calibration.reason	identity_location		141/300	str
valuation_data.confidence.suburb_calibration.suburb	identity_location		141/300	str
valuation_data.location_factors	valuation		143/300	object
valuation_data.location_factors.golf_course_backing	valuation		143/300	bool
valuation_data.location_factors.golf_course_confidence	valuation		143/300	str
valuation_data.location_factors.golf_course_premium_applied	valuation		143/300	int
valuation_data.location_factors.golf_course_reason	valuation		143/300	str
valuation_data.metadata	valuation		177/300	object
valuation_data.metadata.computation_time_ms	valuation		10/300	int
valuation_data.metadata.computed_at	valuation		1/300	str
valuation_data.metadata.computed_by	valuation		1/300	str
valuation_data.metadata.directional_only	valuation		143/300	bool
valuation_data.metadata.gaps_version	valuation		177/300	int
valuation_data.metadata.generated_at	valuation		177/300	int
valuation_data.metadata.input_fingerprint	valuation		6/300	str
valuation_data.metadata.parameters	valuation		177/300	object
valuation_data.metadata.parameters.address	identity_location		177/300	str
valuation_data.recent_sales	valuation		143/300	array[object]
valuation_data.recent_sales[]._data_quality_pct	valuation		143/300	float
valuation_data.recent_sales[].address	identity_location		143/300	str
valuation_data.recent_sales[].adjustment_result	valuation		143/300	object
valuation_data.recent_sales[].adjustment_result.adjusted_price	valuation		143/300	int
valuation_data.recent_sales[].adjustment_result.adjustments	valuation		143/300	object
valuation_data.recent_sales[].adjustment_result.adjustments.ac_type	valuation		143/300	object
valuation_data.recent_sales[].adjustment_result.adjustments.ac_type.comp_value	valuation		143/300	int
valuation_data.recent_sales[].adjustment_result.adjustments.ac_type.diff	valuation		143/300	int
valuation_data.recent_sales[].adjustment_result.adjustments.ac_type.dollars	valuation		143/300	int
valuation_data.recent_sales[].adjustment_result.adjustments.ac_type.dollars_unshrunk	valuation		3/300	int
valuation_data.recent_sales[].adjustment_result.adjustments.ac_type.rate	valuation		143/300	int
valuation_data.recent_sales[].adjustment_result.adjustments.ac_type.subject_value	valuation		143/300	int
valuation_data.recent_sales[].adjustment_result.adjustments.bathrooms	physical_attributes		143/300	object
valuation_data.recent_sales[].adjustment_result.adjustments.bathrooms.comp_value	physical_attributes		143/300	int
valuation_data.recent_sales[].adjustment_result.adjustments.bathrooms.diff	physical_attributes		143/300	int
valuation_data.recent_sales[].adjustment_result.adjustments.bathrooms.dollars	physical_attributes		143/300	int
valuation_data.recent_sales[].adjustment_result.adjustments.bathrooms.dollars_unshrunk	physical_attributes		27/300	int
valuation_data.recent_sales[].adjustment_result.adjustments.bathrooms.rate	physical_attributes		143/300	int
valuation_data.recent_sales[].adjustment_result.adjustments.bathrooms.skipped	physical_attributes		17/300	bool
valuation_data.recent_sales[].adjustment_result.adjustments.bathrooms.subject_value	physical_attributes		143/300	int
valuation_data.recent_sales[].adjustment_result.adjustments.beach_proximity	valuation		143/300	object
valuation_data.recent_sales[].adjustment_result.adjustments.beach_proximity.comp_value	valuation		143/300	float
valuation_data.recent_sales[].adjustment_result.adjustments.beach_proximity.diff	valuation		143/300	float
valuation_data.recent_sales[].adjustment_result.adjustments.beach_proximity.dollars	valuation		143/300	int
valuation_data.recent_sales[].adjustment_result.adjustments.beach_proximity.dollars_unshrunk	valuation		141/300	int
valuation_data.recent_sales[].adjustment_result.adjustments.beach_proximity.rate	valuation		143/300	str
valuation_data.recent_sales[].adjustment_result.adjustments.beach_proximity.skipped	valuation		143/300	bool
valuation_data.recent_sales[].adjustment_result.adjustments.beach_proximity.subject_value	valuation		143/300	float
valuation_data.recent_sales[].adjustment_result.adjustments.bedrooms	physical_attributes		143/300	object
valuation_data.recent_sales[].adjustment_result.adjustments.bedrooms.comp_value	physical_attributes		143/300	int
valuation_data.recent_sales[].adjustment_result.adjustments.bedrooms.diff	physical_attributes		143/300	int
valuation_data.recent_sales[].adjustment_result.adjustments.bedrooms.dollars	physical_attributes		143/300	int
valuation_data.recent_sales[].adjustment_result.adjustments.bedrooms.dollars_unshrunk	physical_attributes		80/300	int
valuation_data.recent_sales[].adjustment_result.adjustments.bedrooms.rate	physical_attributes		143/300	int
valuation_data.recent_sales[].adjustment_result.adjustments.bedrooms.skipped	physical_attributes		9/300	bool
valuation_data.recent_sales[].adjustment_result.adjustments.bedrooms.subject_value	physical_attributes		143/300	int
valuation_data.recent_sales[].adjustment_result.adjustments.car_spaces	physical_attributes		143/300	object
valuation_data.recent_sales[].adjustment_result.adjustments.car_spaces.comp_value	physical_attributes		143/300	int
valuation_data.recent_sales[].adjustment_result.adjustments.car_spaces.diff	physical_attributes		143/300	int
valuation_data.recent_sales[].adjustment_result.adjustments.car_spaces.dollars	physical_attributes		143/300	int
valuation_data.recent_sales[].adjustment_result.adjustments.car_spaces.dollars_unshrunk	physical_attributes		128/300	int
valuation_data.recent_sales[].adjustment_result.adjustments.car_spaces.rate	physical_attributes		143/300	int
valuation_data.recent_sales[].adjustment_result.adjustments.car_spaces.skipped	physical_attributes		2/300	bool
valuation_data.recent_sales[].adjustment_result.adjustments.car_spaces.subject_value	physical_attributes		143/300	int
valuation_data.recent_sales[].adjustment_result.adjustments.cladding	valuation		143/300	object
valuation_data.recent_sales[].adjustment_result.adjustments.cladding.comp_value	valuation		143/300	int
valuation_data.recent_sales[].adjustment_result.adjustments.cladding.diff	valuation		143/300	int
valuation_data.recent_sales[].adjustment_result.adjustments.cladding.dollars	valuation		143/300	int
valuation_data.recent_sales[].adjustment_result.adjustments.cladding.dollars_unshrunk	valuation		83/300	int
valuation_data.recent_sales[].adjustment_result.adjustments.cladding.rate	valuation		143/300	int
valuation_data.recent_sales[].adjustment_result.adjustments.cladding.subject_value	valuation		143/300	int
valuation_data.recent_sales[].adjustment_result.adjustments.condition	valuation		143/300	object
valuation_data.recent_sales[].adjustment_result.adjustments.condition.comp_value	valuation		143/300	int
valuation_data.recent_sales[].adjustment_result.adjustments.condition.diff	valuation		143/300	int
valuation_data.recent_sales[].adjustment_result.adjustments.condition.dollars	valuation		143/300	int
valuation_data.recent_sales[].adjustment_result.adjustments.condition.dollars_unshrunk	valuation		73/300	int
valuation_data.recent_sales[].adjustment_result.adjustments.condition.prestige_rate	valuation		143/300	float
valuation_data.recent_sales[].adjustment_result.adjustments.condition.rate	valuation		143/300	float
valuation_data.recent_sales[].adjustment_result.adjustments.condition.subject_value	valuation		143/300	int
valuation_data.recent_sales[].adjustment_result.adjustments.floor_area	physical_attributes		143/300	object
valuation_data.recent_sales[].adjustment_result.adjustments.floor_area.comp_value	physical_attributes		143/300	float
valuation_data.recent_sales[].adjustment_result.adjustments.floor_area.diff	physical_attributes		143/300	float
valuation_data.recent_sales[].adjustment_result.adjustments.floor_area.dollars	physical_attributes		143/300	int
valuation_data.recent_sales[].adjustment_result.adjustments.floor_area.dollars_unshrunk	physical_attributes		141/300	int
valuation_data.recent_sales[].adjustment_result.adjustments.floor_area.rate	physical_attributes		143/300	int
valuation_data.recent_sales[].adjustment_result.adjustments.floor_area.subject_value	physical_attributes		143/300	float
valuation_data.recent_sales[].adjustment_result.adjustments.golf_course_backing	valuation		143/300	object
valuation_data.recent_sales[].adjustment_result.adjustments.golf_course_backing.comp_value	valuation		143/300	int
valuation_data.recent_sales[].adjustment_result.adjustments.golf_course_backing.diff	valuation		143/300	float
valuation_data.recent_sales[].adjustment_result.adjustments.golf_course_backing.dollars	valuation		143/300	int
valuation_data.recent_sales[].adjustment_result.adjustments.golf_course_backing.rate	valuation		143/300	str
valuation_data.recent_sales[].adjustment_result.adjustments.golf_course_backing.skipped	valuation		143/300	bool
valuation_data.recent_sales[].adjustment_result.adjustments.golf_course_backing.subject_value	valuation		143/300	int
valuation_data.recent_sales[].adjustment_result.adjustments.kitchen	valuation		143/300	object
valuation_data.recent_sales[].adjustment_result.adjustments.kitchen.comp_value	valuation		143/300	int
valuation_data.recent_sales[].adjustment_result.adjustments.kitchen.diff	valuation		143/300	int
valuation_data.recent_sales[].adjustment_result.adjustments.kitchen.dollars	valuation		143/300	int
valuation_data.recent_sales[].adjustment_result.adjustments.kitchen.rate	valuation		143/300	int
valuation_data.recent_sales[].adjustment_result.adjustments.kitchen.retired	valuation		141/300	bool
valuation_data.recent_sales[].adjustment_result.adjustments.kitchen.retired_reason	valuation		141/300	str
valuation_data.recent_sales[].adjustment_result.adjustments.kitchen.subject_value	valuation		143/300	int
valuation_data.recent_sales[].adjustment_result.adjustments.land_size	physical_attributes		143/300	object
valuation_data.recent_sales[].adjustment_result.adjustments.land_size.comp_value	physical_attributes		143/300	float
valuation_data.recent_sales[].adjustment_result.adjustments.land_size.diff	physical_attributes		143/300	float
valuation_data.recent_sales[].adjustment_result.adjustments.land_size.dollars	physical_attributes		143/300	int
valuation_data.recent_sales[].adjustment_result.adjustments.land_size.dollars_unshrunk	physical_attributes		138/300	int
valuation_data.recent_sales[].adjustment_result.adjustments.land_size.rate	physical_attributes		143/300	int
valuation_data.recent_sales[].adjustment_result.adjustments.land_size.subject_value	physical_attributes		143/300	float
valuation_data.recent_sales[].adjustment_result.adjustments.micro_location	valuation		143/300	object
valuation_data.recent_sales[].adjustment_result.adjustments.micro_location.comp_value	valuation		143/300	float/null
valuation_data.recent_sales[].adjustment_result.adjustments.micro_location.diff	valuation		143/300	float
valuation_data.recent_sales[].adjustment_result.adjustments.micro_location.dollars	valuation		143/300	int
valuation_data.recent_sales[].adjustment_result.adjustments.micro_location.dollars_unshrunk	valuation		140/300	int
valuation_data.recent_sales[].adjustment_result.adjustments.micro_location.rate	valuation		143/300	str
valuation_data.recent_sales[].adjustment_result.adjustments.micro_location.skipped	valuation		143/300	bool
valuation_data.recent_sales[].adjustment_result.adjustments.micro_location.subject_value	valuation		143/300	float/null
valuation_data.recent_sales[].adjustment_result.adjustments.pool	valuation		143/300	object
valuation_data.recent_sales[].adjustment_result.adjustments.pool.comp_value	valuation		143/300	bool/int
valuation_data.recent_sales[].adjustment_result.adjustments.pool.diff	valuation		143/300	int
valuation_data.recent_sales[].adjustment_result.adjustments.pool.dollars	valuation		143/300	int
valuation_data.recent_sales[].adjustment_result.adjustments.pool.dollars_unshrunk	valuation		57/300	int
valuation_data.recent_sales[].adjustment_result.adjustments.pool.rate	valuation		143/300	int
valuation_data.recent_sales[].adjustment_result.adjustments.pool.skipped	valuation		7/300	bool
valuation_data.recent_sales[].adjustment_result.adjustments.pool.subject_value	valuation		143/300	int/null
valuation_data.recent_sales[].adjustment_result.adjustments.property_age	valuation		143/300	object
valuation_data.recent_sales[].adjustment_result.adjustments.property_age.comp_value	valuation		143/300	int
valuation_data.recent_sales[].adjustment_result.adjustments.property_age.diff	valuation		143/300	int
valuation_data.recent_sales[].adjustment_result.adjustments.property_age.dollars	valuation		143/300	int
valuation_data.recent_sales[].adjustment_result.adjustments.property_age.dollars_unshrunk	valuation		134/300	int
valuation_data.recent_sales[].adjustment_result.adjustments.property_age.rate	valuation		143/300	int
valuation_data.recent_sales[].adjustment_result.adjustments.property_age.subject_value	valuation		143/300	int
valuation_data.recent_sales[].adjustment_result.adjustments.renovation	valuation		143/300	object
valuation_data.recent_sales[].adjustment_result.adjustments.renovation.comp_value	valuation		143/300	int
valuation_data.recent_sales[].adjustment_result.adjustments.renovation.diff	valuation		143/300	int
valuation_data.recent_sales[].adjustment_result.adjustments.renovation.dollars	valuation		143/300	int
valuation_data.recent_sales[].adjustment_result.adjustments.renovation.rate	valuation		143/300	int
valuation_data.recent_sales[].adjustment_result.adjustments.renovation.retired	valuation		141/300	bool
valuation_data.recent_sales[].adjustment_result.adjustments.renovation.retired_reason	valuation		141/300	str
valuation_data.recent_sales[].adjustment_result.adjustments.renovation.subject_value	valuation		143/300	int
valuation_data.recent_sales[].adjustment_result.adjustments.renovation_quality	valuation		143/300	object
valuation_data.recent_sales[].adjustment_result.adjustments.renovation_quality.comp_value	valuation		143/300	float
valuation_data.recent_sales[].adjustment_result.adjustments.renovation_quality.diff	valuation		143/300	float/int
valuation_data.recent_sales[].adjustment_result.adjustments.renovation_quality.dollars	valuation		143/300	int
valuation_data.recent_sales[].adjustment_result.adjustments.renovation_quality.rate	valuation		143/300	int
valuation_data.recent_sales[].adjustment_result.adjustments.renovation_quality.retired	valuation		141/300	bool
valuation_data.recent_sales[].adjustment_result.adjustments.renovation_quality.retired_reason	valuation		141/300	str
valuation_data.recent_sales[].adjustment_result.adjustments.renovation_quality.skipped	valuation		143/300	bool
valuation_data.recent_sales[].adjustment_result.adjustments.renovation_quality.subject_value	valuation		143/300	float/null
valuation_data.recent_sales[].adjustment_result.adjustments.stories	valuation		143/300	object
valuation_data.recent_sales[].adjustment_result.adjustments.stories.comp_value	valuation		143/300	int
valuation_data.recent_sales[].adjustment_result.adjustments.stories.diff	valuation		143/300	int
valuation_data.recent_sales[].adjustment_result.adjustments.stories.dollars	valuation		143/300	int
valuation_data.recent_sales[].adjustment_result.adjustments.stories.dollars_unshrunk	valuation		1/300	int
valuation_data.recent_sales[].adjustment_result.adjustments.stories.rate	valuation		143/300	int
valuation_data.recent_sales[].adjustment_result.adjustments.stories.subject_value	valuation		143/300	int
valuation_data.recent_sales[].adjustment_result.adjustments.street_premium	valuation		143/300	object
valuation_data.recent_sales[].adjustment_result.adjustments.street_premium.comp_value	valuation		143/300	float/null
valuation_data.recent_sales[].adjustment_result.adjustments.street_premium.diff	valuation		143/300	float
valuation_data.recent_sales[].adjustment_result.adjustments.street_premium.dollars	valuation		143/300	int
valuation_data.recent_sales[].adjustment_result.adjustments.street_premium.dollars_unshrunk	valuation		74/300	int
valuation_data.recent_sales[].adjustment_result.adjustments.street_premium.rate	valuation		143/300	str
valuation_data.recent_sales[].adjustment_result.adjustments.street_premium.skipped	valuation		143/300	bool
valuation_data.recent_sales[].adjustment_result.adjustments.street_premium.subject_value	valuation		143/300	float/null
valuation_data.recent_sales[].adjustment_result.adjustments.water_views	valuation		143/300	object
valuation_data.recent_sales[].adjustment_result.adjustments.water_views.comp_value	valuation		143/300	int
valuation_data.recent_sales[].adjustment_result.adjustments.water_views.diff	valuation		143/300	int
valuation_data.recent_sales[].adjustment_result.adjustments.water_views.dollars	valuation		143/300	int
valuation_data.recent_sales[].adjustment_result.adjustments.water_views.dollars_unshrunk	valuation		23/300	int
valuation_data.recent_sales[].adjustment_result.adjustments.water_views.rate	valuation		143/300	int
valuation_data.recent_sales[].adjustment_result.adjustments.water_views.subject_value	valuation		143/300	int
valuation_data.recent_sales[].adjustment_result.rates_source	valuation		143/300	str
valuation_data.recent_sales[].adjustment_result.reliability_applied	valuation		141/300	float
valuation_data.recent_sales[].adjustment_result.total_adjustment	valuation		143/300	int
valuation_data.recent_sales[].adjustment_result.total_adjustment_pct	valuation		143/300	float
valuation_data.recent_sales[].adjustment_result.total_adjustment_unshrunk	valuation		141/300	int
valuation_data.recent_sales[].distance_km	valuation		143/300	float
valuation_data.recent_sales[].features	valuation		143/300	object
valuation_data.recent_sales[].features.basic	valuation		143/300	object
valuation_data.recent_sales[].features.basic.ac_ducted	valuation		143/300	bool
valuation_data.recent_sales[].features.basic.approximate_build_year	valuation		143/300	int
valuation_data.recent_sales[].features.basic.bathrooms	physical_attributes		143/300	int
valuation_data.recent_sales[].features.basic.beach_distance_km	valuation		143/300	float
valuation_data.recent_sales[].features.basic.bedrooms	physical_attributes		143/300	int
valuation_data.recent_sales[].features.basic.car_spaces	physical_attributes		143/300	int
valuation_data.recent_sales[].features.basic.cladding_level	valuation		143/300	int
valuation_data.recent_sales[].features.basic.cladding_raw	valuation		143/300	str
valuation_data.recent_sales[].features.basic.floor_area_sqm	physical_attributes		143/300	float
valuation_data.recent_sales[].features.basic.kitchen_score	valuation		143/300	int/null
valuation_data.recent_sales[].features.basic.land_size_sqm	physical_attributes		143/300	float
valuation_data.recent_sales[].features.basic.number_of_stories	valuation		143/300	int
valuation_data.recent_sales[].features.basic.pool_present	valuation		143/300	bool
valuation_data.recent_sales[].features.basic.renovation_level	valuation		143/300	int
valuation_data.recent_sales[].features.basic.renovation_level_raw	valuation		143/300	str
valuation_data.recent_sales[].features.basic.renovation_quality_score	valuation		143/300	float
valuation_data.recent_sales[].features.basic.water_views	valuation		143/300	bool
valuation_data.recent_sales[].features.npui_breakdown	valuation		143/300	object
valuation_data.recent_sales[].features.npui_breakdown.inputs	valuation		143/300	object
valuation_data.recent_sales[].features.npui_breakdown.inputs.bathrooms	physical_attributes		143/300	int
valuation_data.recent_sales[].features.npui_breakdown.inputs.bedrooms	physical_attributes		143/300	int
valuation_data.recent_sales[].features.npui_breakdown.inputs.carspaces	physical_attributes		143/300	int
valuation_data.recent_sales[].features.npui_breakdown.inputs.exterior.overall_exterior_condition_score	valuation		143/300	int
valuation_data.recent_sales[].features.npui_breakdown.inputs.floor_area_sqm	physical_attributes		143/300	float
valuation_data.recent_sales[].features.npui_breakdown.inputs.interior.bathroom_quality_score	physical_attributes		142/300	float
valuation_data.recent_sales[].features.npui_breakdown.inputs.interior.kitchen_quality_score	valuation		142/300	int
valuation_data.recent_sales[].features.npui_breakdown.inputs.interior.natural_light_score	valuation		142/300	float
valuation_data.recent_sales[].features.npui_breakdown.inputs.interior.overall_interior_condition_score	valuation		142/300	int
valuation_data.recent_sales[].features.npui_breakdown.inputs.land_size_sqm	physical_attributes		143/300	float
valuation_data.recent_sales[].features.npui_breakdown.inputs.layout.layout_efficiency_score	valuation		143/300	int
valuation_data.recent_sales[].features.npui_breakdown.inputs.layout.number_of_living_areas	valuation		142/300	int
valuation_data.recent_sales[].features.npui_breakdown.inputs.outdoor.fence_condition_score	valuation		143/300	int
valuation_data.recent_sales[].features.npui_breakdown.inputs.outdoor.landscaping_quality_score	valuation		143/300	int
valuation_data.recent_sales[].features.npui_breakdown.inputs.outdoor.outdoor_entertainment_score	valuation		143/300	int
valuation_data.recent_sales[].features.npui_breakdown.inputs.renovation.modern_features_score	valuation		143/300	int
valuation_data.recent_sales[].features.npui_breakdown.npui	valuation		143/300	float
valuation_data.recent_sales[].features.npui_breakdown.null_fields	valuation		143/300	array[]/array[str]
valuation_data.recent_sales[].features.npui_breakdown.raw_utility	valuation		143/300	float
valuation_data.recent_sales[].id	valuation		143/300	str
valuation_data.recent_sales[].images	valuation		143/300	array[str]
valuation_data.recent_sales[].included_in_valuation	valuation		143/300	bool
valuation_data.recent_sales[].independent_valuation	valuation		143/300	int
valuation_data.recent_sales[].narrative	valuation		143/300	str
valuation_data.recent_sales[].original_sale_price	valuation		143/300	float/null
valuation_data.recent_sales[].price	valuation		143/300	float/int
valuation_data.recent_sales[].sale_date	valuation		143/300	int
valuation_data.recent_sales[].series	valuation		143/300	str
valuation_data.recent_sales[].time_adjustment	valuation		143/300	null/object
valuation_data.recent_sales[].time_adjustment.adjusted_price	valuation		4/300	int
valuation_data.recent_sales[].time_adjustment.applied	valuation		119/300	bool
valuation_data.recent_sales[].time_adjustment.current_quarter	valuation		119/300	str
valuation_data.recent_sales[].time_adjustment.current_quarter_median	valuation		4/300	int
valuation_data.recent_sales[].time_adjustment.growth_factor	valuation		4/300	float
valuation_data.recent_sales[].time_adjustment.original_price	valuation		4/300	float
valuation_data.recent_sales[].time_adjustment.reason	valuation		115/300	str
valuation_data.recent_sales[].time_adjustment.sale_quarter	valuation		119/300	str
valuation_data.recent_sales[].time_adjustment.sale_quarter_median	valuation		4/300	int
valuation_data.recent_sales[].utility_index	valuation		143/300	float
valuation_data.recent_sales[].valuation_price	valuation		143/300	null
valuation_data.recent_sales[].verification	valuation		143/300	object
valuation_data.recent_sales[].verification.accuracy_pct	valuation		143/300	float
valuation_data.recent_sales[].verification.checks_passed	valuation		143/300	bool
valuation_data.recent_sales[].verification.data_quality_pct	valuation		143/300	float
valuation_data.recent_sales[].verification.is_verified	valuation		143/300	bool
valuation_data.recent_sales[].verification.issues	valuation		143/300	array[str]
valuation_data.recent_sales[].verification.npui_accuracy_pct	valuation		143/300	float
valuation_data.recent_sales[].verification.status	valuation		143/300	str
valuation_data.recent_sales[].verification.z_score	valuation		143/300	float
valuation_data.recent_sales[].weight	valuation		143/300	object
valuation_data.recent_sales[].weight.factors	valuation		143/300	object
valuation_data.recent_sales[].weight.factors.adjusted_accuracy	valuation		143/300	float/int
valuation_data.recent_sales[].weight.factors.adjustment_quality	valuation		143/300	float/int
valuation_data.recent_sales[].weight.factors.data_quality	valuation		143/300	float
valuation_data.recent_sales[].weight.factors.proximity	valuation		143/300	float
valuation_data.recent_sales[].weight.factors.recency	valuation		143/300	float
valuation_data.recent_sales[].weight.factors.verification	valuation		143/300	float
valuation_data.recent_sales[].weight.normalized	valuation		143/300	float
valuation_data.recent_sales[].weight.raw_weight	valuation		143/300	float
valuation_data.regression_line	valuation		143/300	object
valuation_data.regression_line.intercept	valuation		143/300	float
valuation_data.regression_line.slope	valuation		143/300	float
valuation_data.subject_property	valuation		143/300	object
valuation_data.subject_property.address	identity_location		143/300	str
valuation_data.subject_property.distance_km	valuation		143/300	null
valuation_data.subject_property.features	valuation		143/300	object
valuation_data.subject_property.features.basic	valuation		143/300	object
valuation_data.subject_property.features.basic.ac_ducted	valuation		143/300	bool
valuation_data.subject_property.features.basic.approximate_build_year	valuation		143/300	int/null
valuation_data.subject_property.features.basic.bathrooms	physical_attributes		143/300	int/null
valuation_data.subject_property.features.basic.beach_distance_km	valuation		143/300	float
valuation_data.subject_property.features.basic.bedrooms	physical_attributes		143/300	int/null
valuation_data.subject_property.features.basic.car_spaces	physical_attributes		143/300	int/null
valuation_data.subject_property.features.basic.cladding_level	valuation		143/300	int
valuation_data.subject_property.features.basic.cladding_raw	valuation		143/300	null/str
valuation_data.subject_property.features.basic.floor_area_sqm	physical_attributes		143/300	float
valuation_data.subject_property.features.basic.kitchen_score	valuation		143/300	int/null
valuation_data.subject_property.features.basic.land_size_sqm	physical_attributes		143/300	float
valuation_data.subject_property.features.basic.micro_location_premium_pct	valuation		143/300	float/null
valuation_data.subject_property.features.basic.number_of_stories	valuation		143/300	int/null
valuation_data.subject_property.features.basic.pool_present	valuation		143/300	bool/null
valuation_data.subject_property.features.basic.renovation_level	valuation		143/300	int
valuation_data.subject_property.features.basic.renovation_level_raw	valuation		143/300	null/str
valuation_data.subject_property.features.basic.renovation_quality_score	valuation		143/300	float/null
valuation_data.subject_property.features.basic.street_premium_pct	valuation		143/300	float/null
valuation_data.subject_property.features.basic.water_views	valuation		143/300	bool
valuation_data.subject_property.features.npui_breakdown	valuation		143/300	object
valuation_data.subject_property.features.npui_breakdown.inputs	valuation		143/300	object
valuation_data.subject_property.features.npui_breakdown.inputs.bathrooms	physical_attributes		126/300	int
valuation_data.subject_property.features.npui_breakdown.inputs.bedrooms	physical_attributes		134/300	int
valuation_data.subject_property.features.npui_breakdown.inputs.carspaces	physical_attributes		141/300	int
valuation_data.subject_property.features.npui_breakdown.inputs.exterior.overall_exterior_condition_score	valuation		134/300	int
valuation_data.subject_property.features.npui_breakdown.inputs.floor_area_sqm	physical_attributes		143/300	float
valuation_data.subject_property.features.npui_breakdown.inputs.interior.bathroom_quality_score	physical_attributes		86/300	float/int
valuation_data.subject_property.features.npui_breakdown.inputs.interior.kitchen_quality_score	valuation		90/300	int
valuation_data.subject_property.features.npui_breakdown.inputs.interior.natural_light_score	valuation		89/300	float/int
valuation_data.subject_property.features.npui_breakdown.inputs.interior.overall_interior_condition_score	valuation		90/300	int
valuation_data.subject_property.features.npui_breakdown.inputs.land_size_sqm	physical_attributes		143/300	float
valuation_data.subject_property.features.npui_breakdown.inputs.layout.layout_efficiency_score	valuation		143/300	int
valuation_data.subject_property.features.npui_breakdown.inputs.layout.number_of_living_areas	valuation		74/300	int
valuation_data.subject_property.features.npui_breakdown.inputs.outdoor.fence_condition_score	valuation		101/300	int
valuation_data.subject_property.features.npui_breakdown.inputs.outdoor.landscaping_quality_score	valuation		129/300	int
valuation_data.subject_property.features.npui_breakdown.inputs.outdoor.outdoor_entertainment_score	valuation		126/300	int
valuation_data.subject_property.features.npui_breakdown.inputs.renovation.modern_features_score	valuation		94/300	int
valuation_data.subject_property.features.npui_breakdown.npui	valuation		143/300	float
valuation_data.subject_property.features.npui_breakdown.null_fields	valuation		143/300	array[]/array[str]
valuation_data.subject_property.features.npui_breakdown.raw_utility	valuation		143/300	float
valuation_data.subject_property.id	valuation		143/300	str
valuation_data.subject_property.images	valuation		143/300	array[]/array[str]
valuation_data.subject_property.micro_location_evidence	valuation		141/300	object
valuation_data.subject_property.micro_location_evidence.applied_pct	valuation		141/300	float
valuation_data.subject_property.micro_location_evidence.n_sales	valuation		141/300	int
valuation_data.subject_property.micro_location_evidence.radius_km	valuation		141/300	float
valuation_data.subject_property.micro_location_evidence.suburb_median	identity_location		141/300	int
valuation_data.subject_property.price	valuation		143/300	float
valuation_data.subject_property.series	valuation		143/300	str
valuation_data.subject_property.street_evidence	valuation		141/300	null/object
valuation_data.subject_property.street_evidence.applied_pct	valuation		76/300	float
valuation_data.subject_property.street_evidence.cap_pct	valuation		76/300	float
valuation_data.subject_property.street_evidence.capped	valuation		76/300	bool
valuation_data.subject_property.street_evidence.damping	valuation		76/300	float
valuation_data.subject_property.street_evidence.n_sales	valuation		76/300	int
valuation_data.subject_property.street_evidence.raw_avg_pct	valuation		76/300	float
valuation_data.subject_property.street_evidence.sample_sales	valuation		76/300	array[object]
valuation_data.subject_property.street_evidence.sample_sales[].address	identity_location		76/300	str
valuation_data.subject_property.street_evidence.sample_sales[].pct_vs_median	valuation		76/300	float
valuation_data.subject_property.street_evidence.sample_sales[].sale_price	valuation		76/300	int
valuation_data.subject_property.street_evidence.sample_sales[].sold_date	valuation		76/300	str
valuation_data.subject_property.street_evidence.street_name	valuation		76/300	str
valuation_data.subject_property.street_evidence.suburb_median	identity_location		76/300	int
valuation_data.subject_property.utility_index	valuation		143/300	float
valuation_data.subject_property.valuation_price	valuation		143/300	float/null
valuation_data.summary	valuation		177/300	object
valuation_data.summary.directional_only	valuation		48/300	bool
valuation_data.summary.exclusion_reason	valuation		34/300	str
valuation_data.summary.insufficient_data	valuation		177/300	bool
valuation_data.summary.n_comps	valuation		177/300	int
valuation_data.summary.n_current_listings	valuation		177/300	int
valuation_data.summary.n_included_in_valuation	valuation		143/300	int
valuation_data.summary.n_recent_sales	valuation		177/300	int
valuation_data.summary.n_verified_included	valuation		143/300	int
valuation_data.summary.positioning	valuation		143/300	str
valuation_data.summary.value_gap_pct	valuation		143/300	float
valuation_data.valuation_breakdown	valuation		143/300	null/object
valuation_data.valuation_breakdown.blended_valuation	valuation		138/300	float/int
valuation_data.valuation_breakdown.comparable_sales	valuation		138/300	array[object]
valuation_data.valuation_breakdown.comparable_sales[].address	identity_location		138/300	str
valuation_data.valuation_breakdown.comparable_sales[].distance_km	valuation		138/300	float
valuation_data.valuation_breakdown.comparable_sales[].npui	valuation		138/300	float
valuation_data.valuation_breakdown.comparable_sales[].sale_date	valuation		138/300	str
valuation_data.valuation_breakdown.comparable_sales[].sale_price	valuation		138/300	float/int
valuation_data.valuation_breakdown.has_listing_price	valuation		138/300	bool
valuation_data.valuation_breakdown.model_valuation	valuation		138/300	float/null
valuation_data.valuation_breakdown.npui_average	valuation		138/300	float
valuation_data.valuation_breakdown.npui_median	valuation		138/300	float/int
vendor_discount_pct	other		1/300	float
watch_article_generated	other		1/300	bool
watch_article_generated_at	other		1/300	str
watch_article_path	other		1/300	str
waterfront_meta	other		4/300	object
waterfront_meta.borderline	other		4/300	bool
waterfront_meta.detected_at	other		4/300	str
waterfront_meta.detector	other		4/300	str
waterfront_meta.policy	other		4/300	str
waterfront_meta.reason	other		4/300	str
waterfront_meta.signals	other		4/300	object
waterfront_meta.signals.listing_text	other		4/300	str
waterfront_meta.signals.photo_vision	images_assets	facade_gallery	4/300	bool
waterfront_meta.signals.satellite_water_proximity	images_assets	satellite	4/300	object
waterfront_meta.signals.satellite_water_proximity.backs_onto	images_assets	satellite	4/300	array[str]
waterfront_meta.signals.satellite_water_proximity.water_proximity	images_assets	satellite	4/300	str
withdrawn_date	listing_scrape		2/300	str
withdrawn_detected_at	listing_scrape		2/300	str
withdrawn_last_checked_at	listing_scrape		7/300	str
year_built	other		84/300	int
year_built_source	pipeline_meta		84/300	object
year_built_source.fetched_at	pipeline_meta		84/300	str
year_built_source.matched	pipeline_meta		84/300	str
year_built_source.path	pipeline_meta		84/300	str
year_built_source.script	pipeline_meta		84/300	str
year_built_source.url	pipeline_meta		84/300	str
zoning_data	other		4/300	object
zoning_data.cadastral_area_sqm	images_assets	cadastral_street	3/300	float
zoning_data.coordinates_source	pipeline_meta		3/300	str
zoning_data.enriched_at	other		4/300	str
zoning_data.flood_depth_code	other		2/300	int
zoning_data.flood_depth_description	other		2/300	str
zoning_data.flood_description	other		2/300	str
zoning_data.flood_designated_level_m	other		3/300	float
zoning_data.flood_floor_clearance_m	other		1/300	float
zoning_data.flood_floor_level_m	other		3/300	int/null
zoning_data.flood_freeboard_m	other		3/300	float
zoning_data.flood_ground_level_m	other		3/300	float
zoning_data.flood_overlay	other		3/300	bool
zoning_data.flood_risk_note	other		3/300	str
zoning_data.heritage_listed	other		3/300	bool
zoning_data.ica_flood_zones	other		3/300	object
zoning_data.ica_flood_zones.extremely_rare	other		3/300	bool
zoning_data.ica_flood_zones.frequent	other		3/300	bool
zoning_data.ica_flood_zones.infrequent_1pct	other		3/300	bool
zoning_data.ica_flood_zones.infrequent_5pct	other		3/300	bool
zoning_data.ica_flood_zones.rare	other		3/300	bool
zoning_data.ica_note	other		2/300	str
zoning_data.in_any_ica_zone	other		3/300	bool
zoning_data.latitude	identity_location		3/300	float
zoning_data.longitude	identity_location		3/300	float
zoning_data.lot_plan	other		4/300	str
zoning_data.zone	other		3/300	str
zoning_data.zone_detail	other		3/300	null
zoning_data.zone_precinct	other		3/300	str
ADDRESS_PID	identity_location		291/300	int
ADDRESS_STANDARD	identity_location		291/300	str
ADDRESS_STATUS	identity_location		291/300	str
DATUM	other		291/300	str
GEOCODE_TYPE	identity_location		291/300	str
LATITUDE	identity_location		292/300	float
LGA_CODE	other		291/300	int
LOCALITY	other		292/300	str
LOCAL_AUTHORITY	other		291/300	str
LONGITUDE	identity_location		292/300	float
LOT	other		291/300	str
LOTPLAN_STATUS	other		291/300	str
PLAN	other		291/300	str
POSTCODE	identity_location		292/300	str
POSTCODE_original_cadastral	identity_location		79/300	str
PROPERTY_NAME	other		291/300	null/str
STREET_NAME	other		291/300	str
STREET_NO_1	other		291/300	null/str
STREET_NO_1_SUFFIX	other		291/300	null/str
STREET_NO_2	other		291/300	null/str
STREET_NO_2_SUFFIX	other		291/300	null
STREET_SUFFIX	other		291/300	null
STREET_TYPE	other		291/300	str
UNIT_NUMBER	other		291/300	null/str
UNIT_SUFFIX	other		291/300	null
UNIT_TYPE	other		291/300	null/str
_id	identity_location		300/300	ObjectId
address	identity_location		205/300	str
address_fix	identity_location		3/300	object
address_fix.fixed_at	identity_location		3/300	str
address_fix.note	identity_location		3/300	str
address_fix.original	identity_location		3/300	object
address_fix.original.complete_address	identity_location		3/300	str
address_fix.reason	identity_location		3/300	str
address_fix.script	identity_location		3/300	str
aerial_boundary_at	images_assets	aerial	231/300	str
aerial_boundary_failed	images_assets	aerial	3/300	str
aerial_boundary_scope	images_assets	aerial	100/300	str
aerial_boundary_url	images_assets	aerial	232/300	str
agency	other		13/300	str
agency_name	other		4/300	str
agent_name	listing_scrape		17/300	str
agent_names	listing_scrape		13/300	array[str]
agents_description	listing_scrape		17/300	str
ai_analysis	editorial_ai		6/300	object
ai_analysis.<dynamic>	editorial_ai		2/300	object (27 data keys)
ai_analysis._agent_briefings	editorial_ai		1/300	object
ai_analysis._agent_briefings.market	editorial_ai		1/300	str
ai_analysis._agent_briefings.price	editorial_ai		1/300	str
ai_analysis._agent_briefings.property	editorial_ai		1/300	str
ai_analysis._backfill_data	editorial_ai		1/300	str
ai_analysis._draft1	editorial_ai		1/300	object
ai_analysis._draft1.headline	editorial_ai		1/300	str
ai_analysis._draft1.sub_headline	editorial_ai		1/300	str
ai_analysis._draft1.verdict	editorial_ai		1/300	str
ai_analysis._reflection	editorial_ai		1/300	object
ai_analysis._reflection.content_score	editorial_ai		1/300	str
ai_analysis._reflection.flood_position	editorial_ai		1/300	str
ai_analysis._reflection.has_data_gaps	editorial_ai		1/300	bool
ai_analysis._reflection.raw	editorial_ai		1/300	str
ai_analysis._reflection.suggested_verdict	editorial_ai		1/300	str
ai_analysis._sabri_suggested_h2s	editorial_ai		1/300	array[str]
ai_analysis._verify_outcome	editorial_ai		1/300	str
ai_analysis.alert_created_at	editorial_ai		2/300	str
ai_analysis.alerts	editorial_ai		2/300	array[str]
ai_analysis.best_for	editorial_ai		1/300	array[str]
ai_analysis.cta_market_buy	editorial_ai		1/300	object
ai_analysis.cta_market_buy.hook	editorial_ai		1/300	str
ai_analysis.cta_market_buy.label	editorial_ai		1/300	str
ai_analysis.cta_market_buy.url	editorial_ai		1/300	str
ai_analysis.cta_market_sell	editorial_ai		1/300	object
ai_analysis.cta_market_sell.hook	editorial_ai		1/300	str
ai_analysis.cta_market_sell.label	editorial_ai		1/300	str
ai_analysis.cta_market_sell.url	editorial_ai		1/300	str
ai_analysis.cta_valuation	valuation		1/300	object
ai_analysis.cta_valuation.hook	valuation		1/300	str
ai_analysis.cta_valuation.label	valuation		1/300	str
ai_analysis.cta_valuation.tab	valuation		1/300	str
ai_analysis.faqs	editorial_ai		1/300	array[object]
ai_analysis.faqs[].answer	editorial_ai		1/300	str
ai_analysis.faqs[].question	editorial_ai		1/300	str
ai_analysis.flood_section	editorial_ai		1/300	object
ai_analysis.flood_section.body	editorial_ai		1/300	str
ai_analysis.flood_section.source	editorial_ai		1/300	str
ai_analysis.flood_section.title	editorial_ai		1/300	str
ai_analysis.generated_at	editorial_ai		1/300	str
ai_analysis.headline	editorial_ai		3/300	str
ai_analysis.insights	editorial_ai		1/300	array[object]
ai_analysis.insights[].comparables	valuation		1/300	null
ai_analysis.insights[].h2	editorial_ai		1/300	str
ai_analysis.insights[].key_points	editorial_ai		1/300	array[str]
ai_analysis.insights[].key_points_label	editorial_ai		1/300	str
ai_analysis.insights[].lifestyle_hook	editorial_ai		1/300	str
ai_analysis.insights[].what_this_means	editorial_ai		1/300	array[str]
ai_analysis.meta_description	editorial_ai		1/300	str
ai_analysis.meta_title	editorial_ai		1/300	str
ai_analysis.model	editorial_ai		1/300	str
ai_analysis.next_steps	editorial_ai		1/300	array[str]
ai_analysis.not_ideal_for	editorial_ai		1/300	array[str]
ai_analysis.pre_suppression_status	editorial_ai		1/300	str
ai_analysis.published_at	editorial_ai		1/300	str
ai_analysis.quick_take	editorial_ai		1/300	object
ai_analysis.quick_take.strengths	editorial_ai		1/300	array[str]
ai_analysis.quick_take.trade_off	editorial_ai		1/300	str
ai_analysis.skipped_at	editorial_ai		1/300	str
ai_analysis.skipped_reason	editorial_ai		1/300	str
ai_analysis.status	editorial_ai		4/300	str
ai_analysis.sub_headline	editorial_ai		1/300	str
ai_analysis.suppressed_at	editorial_ai		1/300	str
ai_analysis.suppressed_reason	editorial_ai		2/300	str
ai_analysis.verdict	editorial_ai		1/300	str
apr01_recovery_at	other		161/300	datetime
apr01_recovery_source	pipeline_meta		161/300	str
article_generated	other		1/300	bool
article_generated_at	other		1/300	str
article_path	other		1/300	str
bathrooms	physical_attributes		227/300	int
bathrooms_source	physical_attributes		83/300	object
bathrooms_source.backfilled_at	physical_attributes		42/300	str
bathrooms_source.fetched_at	physical_attributes		41/300	str
bathrooms_source.matched	physical_attributes		41/300	str
bathrooms_source.path	physical_attributes		83/300	str
bathrooms_source.script	physical_attributes		83/300	str
bathrooms_source.url	physical_attributes		41/300	str
beach_distance_enriched_at	other		3/300	datetime
bedrooms	physical_attributes		234/300	int
bedrooms_source	physical_attributes		86/300	object
bedrooms_source.backfilled_at	physical_attributes		48/300	str
bedrooms_source.fetched_at	physical_attributes		38/300	str
bedrooms_source.matched	physical_attributes		38/300	str
bedrooms_source.path	physical_attributes		86/300	str
bedrooms_source.script	physical_attributes		86/300	str
bedrooms_source.url	physical_attributes		38/300	str
cadastral_accuracy	images_assets	cadastral_street	164/300	str
cadastral_enriched_at	images_assets	cadastral_street	164/300	datetime
cadastral_photo_url	images_assets	cadastral_street	173/300	str
cadastral_photos_count	images_assets	cadastral_street	186/300	int
cadastral_photos_dir	images_assets	cadastral_street	186/300	str
cadastral_photos_downloaded_at	images_assets	cadastral_street	186/300	datetime
cadastral_photos_failed	images_assets	cadastral_street	186/300	int
cadastral_photos_total_bytes	images_assets	cadastral_street	186/300	int
cadastral_polygon	images_assets	cadastral_street	285/300	object
cadastral_polygon.boundary_scope	images_assets	aerial	153/300	str
cadastral_polygon.lot_area	images_assets	cadastral_street	15/300	float
cadastral_polygon.lot_area_sqm	images_assets	cadastral_street	270/300	float
cadastral_polygon.lotplan	images_assets	cadastral_street	285/300	str
cadastral_polygon.rings	images_assets	cadastral_street	285/300	array[array[array[float]]]
car_spaces	physical_attributes		251/300	int
car_spaces_source	physical_attributes		80/300	object
car_spaces_source.fetched_at	physical_attributes		80/300	str
car_spaces_source.matched	physical_attributes		80/300	str
car_spaces_source.path	physical_attributes		80/300	str
car_spaces_source.script	physical_attributes		80/300	str
car_spaces_source.url	physical_attributes		80/300	str
carspaces	physical_attributes		17/300	int
change_count	other		9/300	int
classification_confidence	valuation		13/300	float
classification_model	other		13/300	str
classification_reasoning	other		13/300	str
classified_at	other		13/300	datetime
classified_property_type	physical_attributes		13/300	str
comparable_bedrooms	physical_attributes		4/300	int
comparable_property_type	physical_attributes		4/300	str
comparable_sales_count	valuation		4/300	int
comparable_suburb	identity_location		4/300	str
complete_address	identity_location		293/300	str
complex_cms	other		182/300	null/str
complex_lot_count	other		182/300	int
complex_name_cadastre	other		182/300	null/str
complex_plan	other		182/300	str
complex_subtype	other		182/300	str
created_at	other		2/300	datetime/str
created_by	other		1/300	str
days_on_domain	market_metrics		13/300	int
days_on_market	market_metrics		10/300	int
days_on_market_source	market_metrics		10/300	str
description	other		17/300	str
detection_method	other		9/300	str
display_postcode	identity_location		292/300	str
domain_hero_image_url	images_assets	hero_facade	196/300	null/str
domain_image_urls	images_assets	facade_gallery	196/300	array[]/array[str]
domain_says_text	market_metrics		4/300	str
domain_valuation_accuracy	valuation		3/300	object
domain_valuation_accuracy.computed_at	valuation		3/300	str
domain_valuation_accuracy.domain_high	valuation		3/300	int
domain_valuation_accuracy.domain_low	valuation		3/300	int
domain_valuation_accuracy.domain_mid	valuation		3/300	int
domain_valuation_accuracy.error_dollars	valuation		3/300	int
domain_valuation_accuracy.error_pct	valuation		3/300	float
domain_valuation_accuracy.sale_price	valuation		3/300	int
domain_valuation_accuracy.within_range	valuation		3/300	bool
domain_valuation_at_listing	valuation		4/300	object
domain_valuation_at_listing.accuracy	valuation		4/300	str
domain_valuation_at_listing.captured_at	valuation		4/300	str
domain_valuation_at_listing.date	valuation		4/300	str
domain_valuation_at_listing.high	valuation		4/300	int
domain_valuation_at_listing.low	valuation		4/300	int
domain_valuation_at_listing.mid	valuation		4/300	int
domain_valuation_at_listing.source	valuation		4/300	str
enriched	other		13/300	bool
enriched_data	other		189/300	object
enriched_data.building_area_sqm	physical_attributes		3/300	float/null
enriched_data.capital_gain	other		13/300	null/object
enriched_data.capital_gain.has_data	other		4/300	bool
enriched_data.capital_gain.note	other		4/300	str
enriched_data.capital_gain.oldest_transaction_date	transactions_history		4/300	str
enriched_data.capital_gain.oldest_transaction_price	transactions_history		4/300	float
enriched_data.capital_gain.years_held	other		4/300	float
enriched_data.floor_area_conflict	physical_attributes		3/300	bool
enriched_data.floor_area_source	physical_attributes		3/300	str
enriched_data.floor_area_sqm	physical_attributes		13/300	float/null
enriched_data.last_enriched	other		13/300	str
enriched_data.lot_size_sqm	other		117/300	float/null
enriched_data.transactions	transactions_history		186/300	array[]/array[object]
enriched_data.transactions[].date	transactions_history		176/300	str
enriched_data.transactions[].price	transactions_history		176/300	float
enriched_data.transactions[].source	transactions_history		172/300	str
enriched_data.transactions[].type	transactions_history		4/300	str
enrichment_attempted	other		13/300	bool
enrichment_data	other		13/300	null
enrichment_error	other		13/300	null
enrichment_retry_count	other		13/300	int
extraction_date	other		17/300	str
extraction_method	other		17/300	str
features	other		12/300	array[str]
feed_catch	other		2/300	str
feed_hook	other		2/300	str
feed_hook_generated_at	other		2/300	str
first_listed_date	other		13/300	str
first_listed_full	other		13/300	str
first_listed_timestamp	other		13/300	str
first_listed_year	other		13/300	int
first_seen	other		9/300	datetime
floor_area_source	physical_attributes		25/300	object
floor_area_source.fetched_at	physical_attributes		25/300	str
floor_area_source.matched	physical_attributes		25/300	str
floor_area_source.path	physical_attributes		25/300	str
floor_area_source.script	physical_attributes		25/300	str
floor_area_source.url	physical_attributes		25/300	str
floor_area_sqm	physical_attributes		220/300	float/int
floor_area_sqm_source	physical_attributes		84/300	object
floor_area_sqm_source.fetched_at	physical_attributes		84/300	str
floor_area_sqm_source.matched	physical_attributes		84/300	str
floor_area_sqm_source.path	physical_attributes		84/300	str
floor_area_sqm_source.script	physical_attributes		84/300	str
floor_area_sqm_source.url	physical_attributes		84/300	str
floor_plan_analysis	images_assets	floor_plan	7/300	object
floor_plan_analysis.additional_features	images_assets	floor_plan	7/300	array[str]
floor_plan_analysis.bathrooms	physical_attributes		7/300	object
floor_plan_analysis.bathrooms.details	physical_attributes		7/300	str
floor_plan_analysis.bathrooms.ensuites	physical_attributes		7/300	int
floor_plan_analysis.bathrooms.full_bathrooms	physical_attributes		7/300	int
floor_plan_analysis.bathrooms.powder_rooms	physical_attributes		7/300	int
floor_plan_analysis.bathrooms.total_count	physical_attributes		7/300	int
floor_plan_analysis.bedrooms	physical_attributes		7/300	object
floor_plan_analysis.bedrooms.details	physical_attributes		7/300	str
floor_plan_analysis.bedrooms.total_count	physical_attributes		7/300	int
floor_plan_analysis.buyer_insights	images_assets	floor_plan	7/300	object
floor_plan_analysis.buyer_insights.considerations	images_assets	floor_plan	7/300	array[str]
floor_plan_analysis.buyer_insights.ideal_for	images_assets	floor_plan	7/300	array[str]
floor_plan_analysis.buyer_insights.key_benefits	images_assets	floor_plan	7/300	array[str]
floor_plan_analysis.buyer_insights.lifestyle_suitability	images_assets	floor_plan	7/300	str
floor_plan_analysis.data_quality	images_assets	floor_plan	7/300	object
floor_plan_analysis.data_quality.confidence_overall	valuation		7/300	str
floor_plan_analysis.data_quality.floor_plan_clarity	images_assets	floor_plan	7/300	str
floor_plan_analysis.data_quality.measurements_available	images_assets	floor_plan	7/300	bool
floor_plan_analysis.data_quality.missing_information	images_assets	floor_plan	7/300	array[str]
floor_plan_analysis.external_floor_area	physical_attributes		7/300	object
floor_plan_analysis.external_floor_area.confidence	physical_attributes		7/300	str
floor_plan_analysis.external_floor_area.notes	physical_attributes		7/300	str
floor_plan_analysis.external_floor_area.source	physical_attributes		7/300	str
floor_plan_analysis.external_floor_area.unit	physical_attributes		7/300	str
floor_plan_analysis.external_floor_area.value	physical_attributes		7/300	int/null
floor_plan_analysis.internal_floor_area	physical_attributes		7/300	object
floor_plan_analysis.internal_floor_area.confidence	physical_attributes		7/300	str
floor_plan_analysis.internal_floor_area.notes	physical_attributes		7/300	str
floor_plan_analysis.internal_floor_area.unit	physical_attributes		7/300	str
floor_plan_analysis.internal_floor_area.value	physical_attributes		7/300	int/null
floor_plan_analysis.layout_features	images_assets	floor_plan	7/300	object
floor_plan_analysis.layout_features.flow_description	images_assets	floor_plan	7/300	str
floor_plan_analysis.layout_features.highlights	images_assets	floor_plan	7/300	array[str]
floor_plan_analysis.layout_features.open_plan	images_assets	floor_plan	7/300	bool
floor_plan_analysis.layout_features.split_level	images_assets	floor_plan	7/300	bool
floor_plan_analysis.levels	images_assets	floor_plan	7/300	object
floor_plan_analysis.levels.level_details	images_assets	floor_plan	7/300	array[object]
floor_plan_analysis.levels.level_details[].floor_area	physical_attributes		7/300	object
floor_plan_analysis.levels.level_details[].floor_area.unit	physical_attributes		7/300	null/str
floor_plan_analysis.levels.level_details[].floor_area.value	physical_attributes		7/300	int/null
floor_plan_analysis.levels.level_details[].level_name	images_assets	floor_plan	7/300	str
floor_plan_analysis.levels.total_levels	images_assets	floor_plan	7/300	int
floor_plan_analysis.outdoor_spaces	images_assets	floor_plan	7/300	array[]/array[object]
floor_plan_analysis.outdoor_spaces[].dimensions	images_assets	floor_plan	6/300	object
floor_plan_analysis.outdoor_spaces[].dimensions.area	images_assets	floor_plan	6/300	float/null
floor_plan_analysis.outdoor_spaces[].dimensions.length	images_assets	floor_plan	6/300	float/null
floor_plan_analysis.outdoor_spaces[].dimensions.unit	images_assets	floor_plan	6/300	str
floor_plan_analysis.outdoor_spaces[].dimensions.width	images_assets	floor_plan	6/300	float/null
floor_plan_analysis.outdoor_spaces[].features	images_assets	floor_plan	6/300	array[str]
floor_plan_analysis.outdoor_spaces[].level	images_assets	floor_plan	6/300	str
floor_plan_analysis.outdoor_spaces[].type	images_assets	floor_plan	6/300	str
floor_plan_analysis.parking	physical_attributes		7/300	object
floor_plan_analysis.parking.carport_spaces	physical_attributes		7/300	int
floor_plan_analysis.parking.garage_spaces	physical_attributes		7/300	int
floor_plan_analysis.parking.garage_type	physical_attributes		7/300	null/str
floor_plan_analysis.parking.notes	physical_attributes		7/300	str
floor_plan_analysis.parking.total_spaces	physical_attributes		7/300	int
floor_plan_analysis.rooms	physical_attributes		7/300	array[object]
floor_plan_analysis.rooms[].dimensions	physical_attributes		7/300	object
floor_plan_analysis.rooms[].dimensions.area	physical_attributes		7/300	float
floor_plan_analysis.rooms[].dimensions.area_unit	physical_attributes		7/300	str
floor_plan_analysis.rooms[].dimensions.length	physical_attributes		7/300	float
floor_plan_analysis.rooms[].dimensions.unit	physical_attributes		7/300	str
floor_plan_analysis.rooms[].dimensions.width	physical_attributes		7/300	float
floor_plan_analysis.rooms[].features	physical_attributes		7/300	array[str]
floor_plan_analysis.rooms[].level	physical_attributes		7/300	str
floor_plan_analysis.rooms[].notes	physical_attributes		7/300	str
floor_plan_analysis.rooms[].room_name	physical_attributes		7/300	str
floor_plan_analysis.rooms[].room_type	physical_attributes		7/300	str
floor_plan_analysis.total_floor_area	physical_attributes		7/300	object
floor_plan_analysis.total_floor_area.confidence	physical_attributes		7/300	str
floor_plan_analysis.total_floor_area.notes	physical_attributes		7/300	str
floor_plan_analysis.total_floor_area.unit	physical_attributes		7/300	str
floor_plan_analysis.total_floor_area.value	physical_attributes		7/300	int
floor_plan_analysis.total_land_area	physical_attributes		7/300	object
floor_plan_analysis.total_land_area.confidence	physical_attributes		7/300	str
floor_plan_analysis.total_land_area.notes	physical_attributes		7/300	str
floor_plan_analysis.total_land_area.unit	physical_attributes		7/300	null/str
floor_plan_analysis.total_land_area.value	physical_attributes		7/300	int/null
floor_plans	images_assets	floor_plan	20/300	array[]/array[str]
floor_plans_original	images_assets	floor_plan	20/300	array[]/array[str]
floor_plans_oth_extracted	images_assets	floor_plan	1/300	array[str]
floor_plans_oth_extracted_at	images_assets	floor_plan	1/300	datetime
floor_plans_v2_classifier	images_assets	floor_plan	216/300	object
floor_plans_v2_classifier.candidates	images_assets	floor_plan	216/300	array[object]
floor_plans_v2_classifier.candidates[].of_total	images_assets	floor_plan	216/300	int
floor_plans_v2_classifier.candidates[].position	images_assets	floor_plan	216/300	int
floor_plans_v2_classifier.candidates[].raw	images_assets	floor_plan	216/300	str
floor_plans_v2_classifier.candidates[].source	images_assets	floor_plan	11/300	str
floor_plans_v2_classifier.candidates[].url	images_assets	floor_plan	216/300	str
floor_plans_v2_classifier.candidates[].verdict	images_assets	floor_plan	216/300	str
floor_plans_v2_classifier.candidates_classified	images_assets	floor_plan	216/300	int
floor_plans_v2_classifier.model	images_assets	floor_plan	216/300	str
floor_plans_v2_classifier.tail_n	images_assets	floor_plan	216/300	str
floor_plans_v2_classifier.total_images	images_assets	floor_plan	216/300	int
floor_plans_v2_classifier.unique_images	images_assets	floor_plan	216/300	int
floor_plans_v2_classifier.version	images_assets	floor_plan	216/300	str
floor_plans_v2_extracted	images_assets	floor_plan	216/300	array[]/array[str]
floor_plans_v2_extracted_at	images_assets	floor_plan	216/300	datetime
fullres_at	other		5/300	str
fullres_count	other		5/300	int
fullres_localized	other		5/300	bool
geocoded_coordinates	identity_location		6/300	object
geocoded_coordinates.display_name	identity_location		3/300	str
geocoded_coordinates.geocoded_at	identity_location		6/300	datetime
geocoded_coordinates.latitude	identity_location		6/300	float
geocoded_coordinates.longitude	identity_location		6/300	float
geocoded_coordinates.source	identity_location		6/300	str
georeference_data	identity_location		7/300	object
georeference_data.calculation_method	identity_location		7/300	str
georeference_data.coordinates	identity_location		7/300	object
georeference_data.coordinates.latitude	identity_location		7/300	float
georeference_data.coordinates.longitude	identity_location		7/300	float
georeference_data.distances	identity_location		7/300	object
georeference_data.distances.airport	identity_location		7/300	object
georeference_data.distances.airport.coordinates	identity_location		7/300	object
georeference_data.distances.airport.coordinates.latitude	identity_location		7/300	float
georeference_data.distances.airport.coordinates.longitude	identity_location		7/300	float
georeference_data.distances.airport.distance_km	identity_location		7/300	float
georeference_data.distances.airport.distance_meters	identity_location		7/300	int
georeference_data.distances.airport.name	identity_location		7/300	str
georeference_data.distances.beaches	identity_location		7/300	array[object]
georeference_data.distances.beaches[].coordinates	identity_location		7/300	object
georeference_data.distances.beaches[].coordinates.latitude	identity_location		7/300	float
georeference_data.distances.beaches[].coordinates.longitude	identity_location		7/300	float
georeference_data.distances.beaches[].distance_km	identity_location		7/300	float
georeference_data.distances.beaches[].distance_meters	identity_location		7/300	int
georeference_data.distances.beaches[].name	identity_location		7/300	str
georeference_data.distances.childcare_centers	identity_location		6/300	array[]
georeference_data.distances.hospitals	identity_location		7/300	array[object]
georeference_data.distances.hospitals[].coordinates	identity_location		7/300	object
georeference_data.distances.hospitals[].coordinates.latitude	identity_location		7/300	float
georeference_data.distances.hospitals[].coordinates.longitude	identity_location		7/300	float
georeference_data.distances.hospitals[].distance_km	identity_location		7/300	float
georeference_data.distances.hospitals[].distance_meters	identity_location		7/300	int
georeference_data.distances.hospitals[].name	identity_location		7/300	str
georeference_data.distances.hospitals[].place_id	identity_location		6/300	str
georeference_data.distances.hospitals[].rating	identity_location		6/300	int/null
georeference_data.distances.hospitals[].user_ratings_total	identity_location		6/300	int
georeference_data.distances.medical_centers	identity_location		6/300	array[]
georeference_data.distances.parks	identity_location		7/300	array[object]
georeference_data.distances.parks[].coordinates	identity_location		7/300	object
georeference_data.distances.parks[].coordinates.latitude	identity_location		7/300	float
georeference_data.distances.parks[].coordinates.longitude	identity_location		7/300	float
georeference_data.distances.parks[].distance_km	identity_location		7/300	float
georeference_data.distances.parks[].distance_meters	identity_location		7/300	int
georeference_data.distances.parks[].name	identity_location		7/300	str
georeference_data.distances.parks[].place_id	identity_location		6/300	str
georeference_data.distances.parks[].rating	identity_location		6/300	null
georeference_data.distances.parks[].user_ratings_total	identity_location		6/300	int
georeference_data.distances.pharmacies	identity_location		6/300	array[object]
georeference_data.distances.pharmacies[].coordinates	identity_location		6/300	object
georeference_data.distances.pharmacies[].coordinates.latitude	identity_location		6/300	float
georeference_data.distances.pharmacies[].coordinates.longitude	identity_location		6/300	float
georeference_data.distances.pharmacies[].distance_km	identity_location		6/300	float
georeference_data.distances.pharmacies[].distance_meters	identity_location		6/300	int
georeference_data.distances.pharmacies[].name	identity_location		6/300	str
georeference_data.distances.pharmacies[].place_id	identity_location		6/300	str
georeference_data.distances.pharmacies[].rating	identity_location		6/300	float
georeference_data.distances.pharmacies[].user_ratings_total	identity_location		6/300	int
georeference_data.distances.primary_schools	identity_location		7/300	array[object]
georeference_data.distances.primary_schools[].coordinates	identity_location		7/300	object
georeference_data.distances.primary_schools[].coordinates.latitude	identity_location		7/300	float
georeference_data.distances.primary_schools[].coordinates.longitude	identity_location		7/300	float
georeference_data.distances.primary_schools[].distance_km	identity_location		7/300	float
georeference_data.distances.primary_schools[].distance_meters	identity_location		7/300	int
georeference_data.distances.primary_schools[].name	identity_location		7/300	str
georeference_data.distances.primary_schools[].place_id	identity_location		6/300	str
georeference_data.distances.primary_schools[].rating	identity_location		6/300	null
georeference_data.distances.primary_schools[].user_ratings_total	identity_location		6/300	int
georeference_data.distances.public_transport	identity_location		7/300	array[object]
georeference_data.distances.public_transport[].coordinates	identity_location		7/300	object
georeference_data.distances.public_transport[].coordinates.latitude	identity_location		7/300	float
georeference_data.distances.public_transport[].coordinates.longitude	identity_location		7/300	float
georeference_data.distances.public_transport[].distance_km	identity_location		7/300	float
georeference_data.distances.public_transport[].distance_meters	identity_location		7/300	int
georeference_data.distances.public_transport[].name	identity_location		7/300	str
georeference_data.distances.public_transport[].place_id	identity_location		6/300	str
georeference_data.distances.public_transport[].rating	identity_location		6/300	float
georeference_data.distances.public_transport[].user_ratings_total	identity_location		6/300	int
georeference_data.distances.secondary_schools	identity_location		7/300	array[object]
georeference_data.distances.secondary_schools[].coordinates	identity_location		7/300	object
georeference_data.distances.secondary_schools[].coordinates.latitude	identity_location		7/300	float
georeference_data.distances.secondary_schools[].coordinates.longitude	identity_location		7/300	float
georeference_data.distances.secondary_schools[].distance_km	identity_location		7/300	float
georeference_data.distances.secondary_schools[].distance_meters	identity_location		7/300	int
georeference_data.distances.secondary_schools[].name	identity_location		7/300	str
georeference_data.distances.secondary_schools[].place_id	identity_location		6/300	str
georeference_data.distances.secondary_schools[].rating	identity_location		6/300	null
georeference_data.distances.secondary_schools[].user_ratings_total	identity_location		6/300	int
georeference_data.distances.shopping_malls	identity_location		7/300	array[object]
georeference_data.distances.shopping_malls[].coordinates	identity_location		7/300	object
georeference_data.distances.shopping_malls[].coordinates.latitude	identity_location		7/300	float
georeference_data.distances.shopping_malls[].coordinates.longitude	identity_location		7/300	float
georeference_data.distances.shopping_malls[].distance_km	identity_location		7/300	float
georeference_data.distances.shopping_malls[].distance_meters	identity_location		7/300	int
georeference_data.distances.shopping_malls[].name	identity_location		7/300	str
georeference_data.distances.shopping_malls[].place_id	identity_location		6/300	str
georeference_data.distances.shopping_malls[].rating	identity_location		6/300	float
georeference_data.distances.shopping_malls[].user_ratings_total	identity_location		6/300	int
georeference_data.distances.supermarkets	identity_location		7/300	array[object]
georeference_data.distances.supermarkets[].coordinates	identity_location		7/300	object
georeference_data.distances.supermarkets[].coordinates.latitude	identity_location		7/300	float
georeference_data.distances.supermarkets[].coordinates.longitude	identity_location		7/300	float
georeference_data.distances.supermarkets[].distance_km	identity_location		7/300	float
georeference_data.distances.supermarkets[].distance_meters	identity_location		7/300	int
georeference_data.distances.supermarkets[].name	identity_location		7/300	str
georeference_data.distances.supermarkets[].place_id	identity_location		6/300	str
georeference_data.distances.supermarkets[].rating	identity_location		6/300	float
georeference_data.distances.supermarkets[].user_ratings_total	identity_location		6/300	int
georeference_data.last_updated	identity_location		7/300	datetime
georeference_data.summary_stats	identity_location		7/300	object
georeference_data.summary_stats.airport_distance_km	identity_location		7/300	float
georeference_data.summary_stats.closest_beach_km	identity_location		7/300	float
georeference_data.summary_stats.closest_childcare_km	identity_location		6/300	null
georeference_data.summary_stats.closest_hospital_km	identity_location		7/300	float
georeference_data.summary_stats.closest_primary_school_km	identity_location		7/300	float
georeference_data.summary_stats.closest_secondary_school_km	identity_location		7/300	float
georeference_data.summary_stats.closest_supermarket_km	identity_location		7/300	float
georeference_data.summary_stats.total_amenities_within_1km	identity_location		7/300	int
georeference_data.summary_stats.total_amenities_within_2km	identity_location		7/300	int
georeference_data.summary_stats.total_amenities_within_5km	identity_location		7/300	int
history	other		9/300	object
history.agents_description	listing_scrape		9/300	array[object]
history.agents_description[].recorded_at	listing_scrape		9/300	datetime
history.agents_description[].value	listing_scrape		9/300	str
history.inspection_times	other		7/300	array[object]
history.inspection_times[].recorded_at	other		7/300	datetime
history.inspection_times[].value	other		7/300	array[str]
history.price	other		8/300	array[object]
history.price[].recorded_at	other		8/300	datetime
history.price[].value	other		8/300	str
house_plan	other		44/300	object
house_plan.confidence_score	valuation		44/300	float
house_plan.floor_area_source	physical_attributes		44/300	str
house_plan.floor_area_sqm	physical_attributes		44/300	float/int/null
house_plan.number_of_levels	other		44/300	int/str
house_plan.plans_details	other		44/300	array[object]
house_plan.plans_details[].confidence_score	valuation		44/300	float
house_plan.plans_details[].dimensions	other		44/300	array[str]/null/str
house_plan.plans_details[].floor_area_source	physical_attributes		44/300	str
house_plan.plans_details[].floor_area_sqm	physical_attributes		44/300	float/int/null
house_plan.plans_details[].image_index	images_assets	floor_plan	44/300	int
house_plan.plans_details[].is_floor_plan	images_assets	floor_plan	44/300	bool
house_plan.urls	other		44/300	array[str]
image_analysis	images_assets	facade_gallery	13/300	array[]
image_derivative_widths	images_assets	facade_gallery	4/300	array[int]
image_history	images_assets	facade_gallery	13/300	array[object]
image_history[].blob_prefix	images_assets	facade_gallery	13/300	str
image_history[].captured_at	images_assets	facade_gallery	13/300	str
image_history[].floor_plan_count	images_assets	floor_plan	13/300	int
image_history[].image_count	images_assets	facade_gallery	13/300	int
image_history[].listing_url	images_assets	facade_gallery	13/300	str
image_history[].source	images_assets	facade_gallery	13/300	str
image_history[].urls	images_assets	facade_gallery	13/300	array[]/array[str]
images_blob_uploaded_at	images_assets	facade_gallery	194/300	str
images_uploaded_to_blob	images_assets	facade_gallery	194/300	bool
inspection_times	other		11/300	array[str]
internal_living_area_source	pipeline_meta		5/300	str
internal_living_area_sqm	other		6/300	float/int
is_strata_title	other		164/300	bool
is_waterfront	other		3/300	bool
land_area	physical_attributes		1/300	float
land_size	physical_attributes		1/300	str
land_size_sqm	physical_attributes		86/300	int
land_size_sqm_source	physical_attributes		81/300	object
land_size_sqm_source.fetched_at	physical_attributes		81/300	str
land_size_sqm_source.matched	physical_attributes		81/300	str
land_size_sqm_source.path	physical_attributes		81/300	str
land_size_sqm_source.script	physical_attributes		81/300	str
land_size_sqm_source.url	physical_attributes		81/300	str
land_utilization_enriched_at	other		1/300	datetime
last_enriched	other		13/300	null
last_updated	other		13/300	datetime/str
last_updated_date	other		13/300	null
last_valuation_date	valuation		8/300	datetime
listing_price	other		13/300	str
listing_status	listing_scrape		21/300	str
listing_url	other		18/300	str
living_map	images_assets	living_map	282/300	object
living_map.address	identity_location		282/300	null/str
living_map.build_notes	images_assets	living_map	282/300	object
living_map.build_notes.gaps	images_assets	living_map	282/300	array[]/array[str]
living_map.catchments	images_assets	living_map	282/300	array[object]
living_map.catchments[].level	images_assets	living_map	282/300	str
living_map.catchments[].poly	images_assets	living_map	282/300	array[array[float]]
living_map.catchments[].school	images_assets	living_map	282/300	str
living_map.center	images_assets	living_map	282/300	object
living_map.center.lat	images_assets	living_map	282/300	float
living_map.center.lon	images_assets	living_map	282/300	float
living_map.comps	valuation		282/300	array[]/array[object]
living_map.comps[].address	identity_location		102/300	str
living_map.comps[].adj_pct	valuation		102/300	float
living_map.comps[].adjusted_price	valuation		102/300	int
living_map.comps[].bearing	valuation		102/300	int
living_map.comps[].compass	valuation		102/300	str
living_map.comps[].distance_km	valuation		102/300	float
living_map.comps[].lat	valuation		102/300	float
living_map.comps[].lon	valuation		102/300	float
living_map.comps[].sale_date	valuation		102/300	str
living_map.comps[].sale_price	valuation		102/300	float
living_map.computed_at	images_assets	living_map	282/300	str
living_map.id	images_assets	living_map	282/300	str
living_map.parcel	images_assets	living_map	282/300	object
living_map.parcel.area_sqm	images_assets	living_map	282/300	float/null
living_map.parcel.lotplan	images_assets	living_map	282/300	str
living_map.parcel.rings	images_assets	living_map	282/300	array[array[array[float]]]
living_map.pois	images_assets	living_map	282/300	array[object]
living_map.pois[].cat	images_assets	living_map	282/300	str
living_map.pois[].drive_km	images_assets	living_map	282/300	float
living_map.pois[].drive_min	images_assets	living_map	282/300	int
living_map.pois[].lat	images_assets	living_map	282/300	float
living_map.pois[].lon	images_assets	living_map	282/300	float
living_map.pois[].name	images_assets	living_map	282/300	str
living_map.pois[].straight_m	images_assets	living_map	282/300	int
living_map.pois[].walk_min	images_assets	living_map	282/300	int
living_map.routes	images_assets	living_map	282/300	array[object]
living_map.routes[].color	images_assets	living_map	282/300	str
living_map.routes[].geom	identity_location		282/300	array[array[float]]
living_map.routes[].km	images_assets	living_map	282/300	float
living_map.routes[].min	images_assets	living_map	282/300	int
living_map.routes[].name	images_assets	living_map	282/300	str
living_map.subject_value	images_assets	living_map	282/300	null/object
living_map.subject_value.estimate	images_assets	living_map	97/300	int
living_map.subject_value.high	images_assets	living_map	97/300	int
living_map.subject_value.low	images_assets	living_map	97/300	int
living_map.tiles	images_assets	living_map	282/300	object
living_map.tiles.city	images_assets	living_map	282/300	str
living_map.tiles.house	images_assets	living_map	282/300	str
living_map.tiles.street	images_assets	living_map	282/300	str
living_map.tiles.suburb	identity_location		282/300	str
living_map.version	images_assets	living_map	282/300	int
living_map_built_at	images_assets	living_map	282/300	str
lot_size_calc_sqm	other		164/300	float
lot_size_sqm	other		200/300	float
lot_size_sqm_source	pipeline_meta		164/300	str
nearby_pois	other		2/300	object
nearby_pois.by_category	other		2/300	object
nearby_pois.by_category.cafe	other		2/300	array[object]
nearby_pois.by_category.cafe[].address	identity_location		2/300	str
nearby_pois.by_category.cafe[].distance_km	other		2/300	float
nearby_pois.by_category.cafe[].distance_m	other		2/300	int
nearby_pois.by_category.cafe[].latitude	identity_location		2/300	float
nearby_pois.by_category.cafe[].longitude	identity_location		2/300	float
nearby_pois.by_category.cafe[].name	other		2/300	str
nearby_pois.by_category.cafe[].place_id	other		2/300	str
nearby_pois.by_category.cafe[].rating	other		2/300	float
nearby_pois.by_category.cafe[].user_ratings_total	other		2/300	int
nearby_pois.by_category.childcare	physical_attributes		2/300	array[object]
nearby_pois.by_category.childcare[].address	identity_location		2/300	str
nearby_pois.by_category.childcare[].distance_km	physical_attributes		2/300	float
nearby_pois.by_category.childcare[].distance_m	physical_attributes		2/300	int
nearby_pois.by_category.childcare[].latitude	identity_location		2/300	float
nearby_pois.by_category.childcare[].longitude	identity_location		2/300	float
nearby_pois.by_category.childcare[].name	physical_attributes		2/300	str
nearby_pois.by_category.childcare[].place_id	physical_attributes		2/300	str
nearby_pois.by_category.childcare[].rating	physical_attributes		2/300	float
nearby_pois.by_category.childcare[].user_ratings_total	physical_attributes		2/300	int
nearby_pois.by_category.park	other		2/300	array[object]
nearby_pois.by_category.park[].address	identity_location		2/300	str
nearby_pois.by_category.park[].distance_km	other		2/300	float
nearby_pois.by_category.park[].distance_m	other		2/300	int
nearby_pois.by_category.park[].latitude	identity_location		2/300	float
nearby_pois.by_category.park[].longitude	identity_location		2/300	float
nearby_pois.by_category.park[].name	other		2/300	str
nearby_pois.by_category.park[].place_id	other		2/300	str
nearby_pois.by_category.park[].rating	other		2/300	float/null
nearby_pois.by_category.park[].user_ratings_total	other		2/300	int
nearby_pois.by_category.primary_school	other		2/300	array[object]
nearby_pois.by_category.primary_school[].address	identity_location		2/300	str
nearby_pois.by_category.primary_school[].distance_km	other		2/300	float
nearby_pois.by_category.primary_school[].distance_m	other		2/300	int
nearby_pois.by_category.primary_school[].latitude	identity_location		2/300	float
nearby_pois.by_category.primary_school[].longitude	identity_location		2/300	float
nearby_pois.by_category.primary_school[].name	other		2/300	str
nearby_pois.by_category.primary_school[].place_id	other		2/300	str
nearby_pois.by_category.primary_school[].rating	other		2/300	null
nearby_pois.by_category.primary_school[].user_ratings_total	other		2/300	int
nearby_pois.by_category.secondary_school	other		2/300	array[object]
nearby_pois.by_category.secondary_school[].address	identity_location		2/300	str
nearby_pois.by_category.secondary_school[].distance_km	other		2/300	float
nearby_pois.by_category.secondary_school[].distance_m	other		2/300	int
nearby_pois.by_category.secondary_school[].latitude	identity_location		2/300	float
nearby_pois.by_category.secondary_school[].longitude	identity_location		2/300	float
nearby_pois.by_category.secondary_school[].name	other		2/300	str
nearby_pois.by_category.secondary_school[].place_id	other		2/300	str
nearby_pois.by_category.secondary_school[].rating	other		2/300	null
nearby_pois.by_category.secondary_school[].user_ratings_total	other		2/300	int
nearby_pois.by_category.supermarket	market_metrics		2/300	array[object]
nearby_pois.by_category.supermarket[].address	identity_location		2/300	str
nearby_pois.by_category.supermarket[].distance_km	market_metrics		2/300	float
nearby_pois.by_category.supermarket[].distance_m	market_metrics		2/300	int
nearby_pois.by_category.supermarket[].latitude	identity_location		2/300	float
nearby_pois.by_category.supermarket[].longitude	identity_location		2/300	float
nearby_pois.by_category.supermarket[].name	market_metrics		2/300	str
nearby_pois.by_category.supermarket[].place_id	market_metrics		2/300	str
nearby_pois.by_category.supermarket[].rating	market_metrics		2/300	float
nearby_pois.by_category.supermarket[].user_ratings_total	market_metrics		2/300	int
nearby_pois.enriched_at	other		2/300	datetime
nearby_pois.nearby	other		2/300	array[]
nearby_pois.short_drive	other		2/300	array[object]
nearby_pois.short_drive[].category	other		2/300	str
nearby_pois.short_drive[].distance_km	other		2/300	float
nearby_pois.short_drive[].distance_m	other		2/300	int
nearby_pois.short_drive[].name	other		2/300	str
nearby_pois.short_drive[].rating	other		2/300	float/null
nearby_pois.summary	other		2/300	object
nearby_pois.summary.closest_cafe_km	other		2/300	float
nearby_pois.summary.closest_childcare_km	physical_attributes		2/300	float
nearby_pois.summary.closest_park_km	other		2/300	float
nearby_pois.summary.closest_school_km	other		2/300	float
nearby_pois.summary.closest_supermarket_km	market_metrics		2/300	float
nearby_pois.summary.total_within_1km	other		2/300	int
nearby_pois.summary.total_within_2km	other		2/300	int
nearby_pois.walkable	other		2/300	array[object]
nearby_pois.walkable[].category	other		2/300	str
nearby_pois.walkable[].distance_km	other		2/300	float
nearby_pois.walkable[].distance_m	other		2/300	int
nearby_pois.walkable[].name	other		2/300	str
nearby_pois.walkable[].rating	other		2/300	float
nearest_beach_distance_km	other		3/300	float
nearest_beach_name	other		3/300	str
next_nearest_beach_distance_km	other		3/300	float
next_nearest_beach_name	other		3/300	str
occupancy_timeline	offmarket_report		1/300	array[object]
occupancy_timeline[].agency	offmarket_report		1/300	str
occupancy_timeline[].category	offmarket_report		1/300	str
occupancy_timeline[].date	offmarket_report		1/300	str
occupancy_timeline[].days_on_market	market_metrics		1/300	int
occupancy_timeline[].is_major_event	offmarket_report		1/300	bool
occupancy_timeline[].is_sold	transactions_history		1/300	null
occupancy_timeline[].price	offmarket_report		1/300	null
occupancy_timeline_refreshed_at	offmarket_report		1/300	datetime
offmarket_entity_unresolved	market_metrics		1/300	bool
og_title	other		17/300	str
ollama_analysis	other		13/300	object
ollama_analysis.engine	other		10/300	str
ollama_analysis.images_analyzed	images_assets	facade_gallery	10/300	int
ollama_analysis.model	other		10/300	str
ollama_analysis.model_used	other		3/300	str
ollama_analysis.processed	other		13/300	bool
ollama_analysis.processed_at	other		13/300	datetime
ollama_analysis.processing_duration_seconds	other		10/300	float
ollama_analysis.total_images_analyzed	images_assets	facade_gallery	3/300	int
ollama_analysis.worker_id	other		10/300	str
ollama_floor_plan_analysis	images_assets	floor_plan	11/300	object
ollama_floor_plan_analysis.analysis_engine	images_assets	floor_plan	7/300	str
ollama_floor_plan_analysis.analyzed_at	images_assets	floor_plan	7/300	float
ollama_floor_plan_analysis.floor_plan_data	images_assets	floor_plan	7/300	object
ollama_floor_plan_analysis.floor_plan_data.analysis_engine	images_assets	floor_plan	7/300	str
ollama_floor_plan_analysis.floor_plan_data.bathrooms	physical_attributes		7/300	object
ollama_floor_plan_analysis.floor_plan_data.bathrooms.ensuites	physical_attributes		7/300	int
ollama_floor_plan_analysis.floor_plan_data.bathrooms.full_bathrooms	physical_attributes		7/300	int
ollama_floor_plan_analysis.floor_plan_data.bathrooms.powder_rooms	physical_attributes		7/300	int
ollama_floor_plan_analysis.floor_plan_data.bathrooms.total_count	physical_attributes		7/300	int
ollama_floor_plan_analysis.floor_plan_data.bedrooms	physical_attributes		7/300	object
ollama_floor_plan_analysis.floor_plan_data.bedrooms.list	physical_attributes		7/300	array[str]
ollama_floor_plan_analysis.floor_plan_data.bedrooms.total_count	physical_attributes		7/300	int
ollama_floor_plan_analysis.floor_plan_data.floor_plan_index	images_assets	floor_plan	7/300	int
ollama_floor_plan_analysis.floor_plan_data.floor_plan_url	images_assets	floor_plan	7/300	str
ollama_floor_plan_analysis.floor_plan_data.internal_floor_area	physical_attributes		7/300	object
ollama_floor_plan_analysis.floor_plan_data.internal_floor_area.notes	physical_attributes		7/300	str
ollama_floor_plan_analysis.floor_plan_data.internal_floor_area.unit	physical_attributes		7/300	str
ollama_floor_plan_analysis.floor_plan_data.internal_floor_area.value	physical_attributes		7/300	int/null
ollama_floor_plan_analysis.floor_plan_data.levels	images_assets	floor_plan	7/300	object
ollama_floor_plan_analysis.floor_plan_data.levels.level_names	images_assets	floor_plan	7/300	array[str]
ollama_floor_plan_analysis.floor_plan_data.levels.total_levels	images_assets	floor_plan	7/300	int
ollama_floor_plan_analysis.floor_plan_data.model_used	images_assets	floor_plan	7/300	str
ollama_floor_plan_analysis.floor_plan_data.parking	physical_attributes		7/300	object
ollama_floor_plan_analysis.floor_plan_data.parking.carport_spaces	physical_attributes		7/300	int
ollama_floor_plan_analysis.floor_plan_data.parking.garage_spaces	physical_attributes		7/300	int
ollama_floor_plan_analysis.floor_plan_data.parking.garage_type	physical_attributes		7/300	null/str
ollama_floor_plan_analysis.floor_plan_data.rooms	physical_attributes		7/300	array[object]
ollama_floor_plan_analysis.floor_plan_data.rooms[].dimensions	physical_attributes		7/300	object
ollama_floor_plan_analysis.floor_plan_data.rooms[].dimensions.area	physical_attributes		7/300	float/null
ollama_floor_plan_analysis.floor_plan_data.rooms[].dimensions.length	physical_attributes		7/300	float/null
ollama_floor_plan_analysis.floor_plan_data.rooms[].dimensions.unit	physical_attributes		7/300	str
ollama_floor_plan_analysis.floor_plan_data.rooms[].dimensions.width	physical_attributes		7/300	float/null
ollama_floor_plan_analysis.floor_plan_data.rooms[].level	physical_attributes		7/300	str
ollama_floor_plan_analysis.floor_plan_data.rooms[].room_name	physical_attributes		7/300	str
ollama_floor_plan_analysis.floor_plan_data.rooms[].room_type	physical_attributes		7/300	str
ollama_floor_plan_analysis.floor_plan_data.total_floor_area	physical_attributes		7/300	object
ollama_floor_plan_analysis.floor_plan_data.total_floor_area.notes	physical_attributes		7/300	str
ollama_floor_plan_analysis.floor_plan_data.total_floor_area.unit	physical_attributes		7/300	str
ollama_floor_plan_analysis.floor_plan_data.total_floor_area.value	physical_attributes		7/300	int/null
ollama_floor_plan_analysis.floor_plan_data.total_land_area	physical_attributes		7/300	null/object
ollama_floor_plan_analysis.floor_plan_data.total_land_area.unit	physical_attributes		6/300	str
ollama_floor_plan_analysis.floor_plan_data.total_land_area.value	physical_attributes		6/300	int/null
ollama_floor_plan_analysis.floor_plans_analyzed	images_assets	floor_plan	9/300	int
ollama_floor_plan_analysis.has_floor_plan	images_assets	floor_plan	11/300	bool
ollama_floor_plan_analysis.message	images_assets	floor_plan	2/300	str
ollama_floor_plan_analysis.model_used	images_assets	floor_plan	7/300	str
ollama_floor_plan_analysis.ollama_attempts	images_assets	floor_plan	7/300	int
ollama_floor_plan_analysis.primary_engine	images_assets	floor_plan	7/300	str
ollama_floor_plan_analysis.processed_at	images_assets	floor_plan	11/300	datetime
ollama_floor_plan_analysis.processing_duration_seconds	images_assets	floor_plan	11/300	float/null
ollama_floor_plan_analysis.skip_reason	images_assets	floor_plan	2/300	str
ollama_image_analysis	images_assets	facade_gallery	13/300	array[]/array[object]
ollama_image_analysis[].description	images_assets	facade_gallery	11/300	str
ollama_image_analysis[].features_visible	images_assets	facade_gallery	11/300	array[str]
ollama_image_analysis[].image_index	images_assets	facade_gallery	11/300	int
ollama_image_analysis[].image_type	images_assets	facade_gallery	11/300	str
ollama_image_analysis[].marketing_value	images_assets	facade_gallery	11/300	str
ollama_image_analysis[].quality_score	images_assets	facade_gallery	11/300	int
ollama_image_analysis[].url	images_assets	facade_gallery	11/300	str
ollama_image_analysis[].usefulness_score	images_assets	facade_gallery	11/300	int
ollama_property_data	other		13/300	object
ollama_property_data.exterior	other		13/300	object
ollama_property_data.interior	other		13/300	object
ollama_property_data.layout	other		13/300	object
ollama_property_data.metadata	other		13/300	object
ollama_property_data.metadata.analysis_engine	other		13/300	str
ollama_property_data.metadata.analysis_method	other		13/300	str
ollama_property_data.metadata.extracted_at	other		13/300	float
ollama_property_data.metadata.model_used	other		13/300	str
ollama_property_data.metadata.total_images_analyzed	images_assets	facade_gallery	13/300	int
ollama_property_data.outdoor	other		13/300	object
ollama_property_data.overall	other		13/300	object
ollama_property_data.overall.unique_features	other		13/300	array[]/array[str]
ollama_property_data.renovation	other		13/300	object
ollama_property_data.structural	other		13/300	object
on_demand_valuation	valuation		1/300	bool
onthehouse_data	listing_scrape		154/300	object
onthehouse_data.bathrooms	physical_attributes		154/300	int/null
onthehouse_data.bedrooms	physical_attributes		154/300	int/null
onthehouse_data.car_spaces	physical_attributes		154/300	int/null
onthehouse_data.fetched_at	listing_scrape		154/300	str
onthehouse_data.floor_area_sqm	physical_attributes		154/300	int/null
onthehouse_data.formatted_address	identity_location		154/300	str
onthehouse_data.key	listing_scrape		154/300	array[str]
onthehouse_data.land_size_sqm	physical_attributes		154/300	int/null
onthehouse_data.latitude	identity_location		154/300	float/null
onthehouse_data.longitude	identity_location		154/300	float/null
onthehouse_data.url	listing_scrape		154/300	str
onthehouse_data.year_built	listing_scrape		154/300	int/null
orchestrator	other		10/300	object
orchestrator.change_history	other		10/300	array[object]
orchestrator.change_history[].at	other		10/300	datetime
orchestrator.change_history[].changes	other		10/300	object
orchestrator.change_history[].changes.description	other		1/300	object
orchestrator.change_history[].changes.description.new	other		1/300	str
orchestrator.change_history[].changes.description.old	other		1/300	str
orchestrator.change_history[].changes.inspection_times	other		5/300	object
orchestrator.change_history[].changes.inspection_times.new	other		5/300	array[str]
orchestrator.change_history[].changes.inspection_times.old	other		5/300	array[str]
orchestrator.change_history[].changes.price	other		5/300	object
orchestrator.change_history[].changes.price.new	other		5/300	str
orchestrator.change_history[].changes.price.old	other		5/300	str
orchestrator.change_history[].run_id	other		10/300	str
osm_location_features	other		291/300	object
osm_location_features.metadata	other		291/300	object
osm_location_features.metadata.api_source	pipeline_meta		33/300	str
osm_location_features.metadata.osm_data_version	other		33/300	str
osm_location_features.metadata.osm_elements_found	other		33/300	int
osm_location_features.metadata.processed_at	other		33/300	str
osm_location_features.metadata.water_backfilled_at	pipeline_meta		258/300	str
osm_location_features.metadata.water_source	pipeline_meta		258/300	str
osm_location_features.road_classification	other		33/300	object
osm_location_features.road_classification.distance_to_motorway_m	other		33/300	float/null
osm_location_features.road_classification.distance_to_nearest_road_m	other		33/300	float
osm_location_features.road_classification.distance_to_primary_road_m	other		33/300	float/null
osm_location_features.road_classification.distance_to_secondary_road_m	other		33/300	float/null
osm_location_features.road_classification.faces_major_road	other		33/300	bool
osm_location_features.road_classification.is_corner_lot	other		33/300	bool
osm_location_features.road_classification.is_cul_de_sac	other		33/300	bool
osm_location_features.road_classification.nearby_road_count	other		33/300	int
osm_location_features.road_classification.nearest_road_type	other		33/300	str
osm_location_features.road_classification.traffic_exposure_score	other		33/300	float/int
osm_location_features.water_features	other		291/300	object
osm_location_features.water_features.canal_adjacent	other		291/300	bool
osm_location_features.water_features.canal_frontage	other		291/300	bool
osm_location_features.water_features.distance_to_canal_m	other		291/300	null
osm_location_features.water_features.distance_to_water_m	other		291/300	float
osm_location_features.water_features.nearest_water_type	other		291/300	str
osm_location_features.water_features.waterfront_premium_eligible	other		291/300	bool
osm_location_features.water_features.waterfront_type	other		291/300	str
oth_floorplan_urls	images_assets	floor_plan	1/300	array[str]
oth_image_urls	images_assets	facade_gallery	11/300	array[str]
oth_not_found	other		21/300	bool
oth_scraped_at	other		21/300	datetime
parcel_state	other		164/300	str
parking	physical_attributes		1/300	int
parsed_rooms	physical_attributes		12/300	object
parsed_rooms.alfresco	physical_attributes		2/300	object
parsed_rooms.alfresco.area	physical_attributes		2/300	float
parsed_rooms.alfresco.length	physical_attributes		2/300	float
parsed_rooms.alfresco.room_name	physical_attributes		2/300	str
parsed_rooms.alfresco.source	physical_attributes		2/300	null
parsed_rooms.alfresco.width	physical_attributes		2/300	float
parsed_rooms.balcony	physical_attributes		2/300	object
parsed_rooms.balcony.area	physical_attributes		2/300	float
parsed_rooms.balcony.length	physical_attributes		2/300	float
parsed_rooms.balcony.room_name	physical_attributes		2/300	str
parsed_rooms.balcony.source	physical_attributes		2/300	null
parsed_rooms.balcony.width	physical_attributes		2/300	float
parsed_rooms.bathroom	physical_attributes		2/300	object
parsed_rooms.bathroom.area	physical_attributes		2/300	float
parsed_rooms.bathroom.length	physical_attributes		2/300	float
parsed_rooms.bathroom.room_name	physical_attributes		2/300	str
parsed_rooms.bathroom.source	physical_attributes		2/300	null
parsed_rooms.bathroom.width	physical_attributes		2/300	float
parsed_rooms.bathroom_2	physical_attributes		1/300	object
parsed_rooms.bathroom_2.area	physical_attributes		1/300	float
parsed_rooms.bathroom_2.length	physical_attributes		1/300	float
parsed_rooms.bathroom_2.room_name	physical_attributes		1/300	str
parsed_rooms.bathroom_2.source	physical_attributes		1/300	null
parsed_rooms.bathroom_2.width	physical_attributes		1/300	float
parsed_rooms.bedroom	physical_attributes		12/300	object
parsed_rooms.bedroom.area	physical_attributes		12/300	float
parsed_rooms.bedroom.length	physical_attributes		12/300	float/int
parsed_rooms.bedroom.room_name	physical_attributes		12/300	str
parsed_rooms.bedroom.source	physical_attributes		12/300	null
parsed_rooms.bedroom.width	physical_attributes		12/300	float
parsed_rooms.bedroom_2	physical_attributes		12/300	object
parsed_rooms.bedroom_2.area	physical_attributes		12/300	float
parsed_rooms.bedroom_2.length	physical_attributes		12/300	float/int
parsed_rooms.bedroom_2.room_name	physical_attributes		12/300	str
parsed_rooms.bedroom_2.source	physical_attributes		12/300	null
parsed_rooms.bedroom_2.width	physical_attributes		12/300	float
parsed_rooms.bedroom_3	physical_attributes		12/300	object
parsed_rooms.bedroom_3.area	physical_attributes		12/300	float
parsed_rooms.bedroom_3.length	physical_attributes		12/300	float
parsed_rooms.bedroom_3.room_name	physical_attributes		12/300	str
parsed_rooms.bedroom_3.source	physical_attributes		12/300	null
parsed_rooms.bedroom_3.width	physical_attributes		12/300	float/int
parsed_rooms.bedroom_4	physical_attributes		3/300	object
parsed_rooms.bedroom_4.area	physical_attributes		3/300	float
parsed_rooms.bedroom_4.length	physical_attributes		3/300	float
parsed_rooms.bedroom_4.room_name	physical_attributes		3/300	str
parsed_rooms.bedroom_4.source	physical_attributes		3/300	null
parsed_rooms.bedroom_4.width	physical_attributes		3/300	float
parsed_rooms.bedroom_5	physical_attributes		3/300	object
parsed_rooms.bedroom_5.area	physical_attributes		3/300	float
parsed_rooms.bedroom_5.length	physical_attributes		3/300	float
parsed_rooms.bedroom_5.room_name	physical_attributes		3/300	str
parsed_rooms.bedroom_5.source	physical_attributes		3/300	null
parsed_rooms.bedroom_5.width	physical_attributes		3/300	float
parsed_rooms.carport	physical_attributes		1/300	object
parsed_rooms.carport.area	physical_attributes		1/300	float
parsed_rooms.carport.length	physical_attributes		1/300	float
parsed_rooms.carport.room_name	physical_attributes		1/300	str
parsed_rooms.carport.source	physical_attributes		1/300	null
parsed_rooms.carport.width	physical_attributes		1/300	float
parsed_rooms.courtyard	physical_attributes		1/300	object
parsed_rooms.courtyard.area	physical_attributes		1/300	float
parsed_rooms.courtyard.length	physical_attributes		1/300	float
parsed_rooms.courtyard.room_name	physical_attributes		1/300	str
parsed_rooms.courtyard.source	physical_attributes		1/300	null
parsed_rooms.courtyard.width	physical_attributes		1/300	float
parsed_rooms.courtyard_2	physical_attributes		1/300	object
parsed_rooms.courtyard_2.area	physical_attributes		1/300	float
parsed_rooms.courtyard_2.length	physical_attributes		1/300	float
parsed_rooms.courtyard_2.room_name	physical_attributes		1/300	str
parsed_rooms.courtyard_2.source	physical_attributes		1/300	null
parsed_rooms.courtyard_2.width	physical_attributes		1/300	float
parsed_rooms.dining	physical_attributes		1/300	object
parsed_rooms.dining.area	physical_attributes		1/300	float
parsed_rooms.dining.length	physical_attributes		1/300	float
parsed_rooms.dining.room_name	physical_attributes		1/300	str
parsed_rooms.dining.source	physical_attributes		1/300	null
parsed_rooms.dining.width	physical_attributes		1/300	float
parsed_rooms.dining_room	physical_attributes		7/300	object
parsed_rooms.dining_room.area	physical_attributes		7/300	float
parsed_rooms.dining_room.length	physical_attributes		7/300	float
parsed_rooms.dining_room.room_name	physical_attributes		7/300	str
parsed_rooms.dining_room.source	physical_attributes		7/300	null
parsed_rooms.dining_room.width	physical_attributes		7/300	float
parsed_rooms.ensuite	physical_attributes		2/300	object
parsed_rooms.ensuite.area	physical_attributes		2/300	float
parsed_rooms.ensuite.length	physical_attributes		2/300	float
parsed_rooms.ensuite.room_name	physical_attributes		2/300	str
parsed_rooms.ensuite.source	physical_attributes		2/300	null
parsed_rooms.ensuite.width	physical_attributes		2/300	float
parsed_rooms.entry	physical_attributes		2/300	object
parsed_rooms.entry.area	physical_attributes		2/300	float
parsed_rooms.entry.length	physical_attributes		2/300	float
parsed_rooms.entry.room_name	physical_attributes		2/300	str
parsed_rooms.entry.source	physical_attributes		2/300	null
parsed_rooms.entry.width	physical_attributes		2/300	float
parsed_rooms.family	physical_attributes		1/300	object
parsed_rooms.family.area	physical_attributes		1/300	float
parsed_rooms.family.length	physical_attributes		1/300	float
parsed_rooms.family.room_name	physical_attributes		1/300	str
parsed_rooms.family.source	physical_attributes		1/300	null
parsed_rooms.family.width	physical_attributes		1/300	float
parsed_rooms.family_room	physical_attributes		4/300	object
parsed_rooms.family_room.area	physical_attributes		4/300	float
parsed_rooms.family_room.length	physical_attributes		4/300	float
parsed_rooms.family_room.room_name	physical_attributes		4/300	str
parsed_rooms.family_room.source	physical_attributes		4/300	null
parsed_rooms.family_room.width	physical_attributes		4/300	float
parsed_rooms.garage	physical_attributes		10/300	object
parsed_rooms.garage.area	physical_attributes		10/300	float
parsed_rooms.garage.length	physical_attributes		10/300	float
parsed_rooms.garage.room_name	physical_attributes		10/300	str
parsed_rooms.garage.source	physical_attributes		10/300	null
parsed_rooms.garage.width	physical_attributes		10/300	float
parsed_rooms.hall	physical_attributes		1/300	object
parsed_rooms.hall.area	physical_attributes		1/300	float
parsed_rooms.hall.length	physical_attributes		1/300	float
parsed_rooms.hall.room_name	physical_attributes		1/300	str
parsed_rooms.hall.source	physical_attributes		1/300	null
parsed_rooms.hall.width	physical_attributes		1/300	float
parsed_rooms.hallway	physical_attributes		2/300	object
parsed_rooms.hallway.area	physical_attributes		2/300	float
parsed_rooms.hallway.length	physical_attributes		2/300	float
parsed_rooms.hallway.room_name	physical_attributes		2/300	str
parsed_rooms.hallway.source	physical_attributes		2/300	null
parsed_rooms.hallway.width	physical_attributes		2/300	float
parsed_rooms.hallway_2	physical_attributes		1/300	object
parsed_rooms.hallway_2.area	physical_attributes		1/300	float
parsed_rooms.hallway_2.length	physical_attributes		1/300	float
parsed_rooms.hallway_2.room_name	physical_attributes		1/300	str
parsed_rooms.hallway_2.source	physical_attributes		1/300	null
parsed_rooms.hallway_2.width	physical_attributes		1/300	float
parsed_rooms.kitchen	physical_attributes		9/300	object
parsed_rooms.kitchen.area	physical_attributes		9/300	float
parsed_rooms.kitchen.length	physical_attributes		9/300	float
parsed_rooms.kitchen.room_name	physical_attributes		9/300	str
parsed_rooms.kitchen.source	physical_attributes		9/300	null
parsed_rooms.kitchen.width	physical_attributes		9/300	float
parsed_rooms.laundry	physical_attributes		2/300	object
parsed_rooms.laundry.area	physical_attributes		2/300	float
parsed_rooms.laundry.length	physical_attributes		2/300	float
parsed_rooms.laundry.room_name	physical_attributes		2/300	str
parsed_rooms.laundry.source	physical_attributes		2/300	null
parsed_rooms.laundry.width	physical_attributes		2/300	float
parsed_rooms.living	physical_attributes		1/300	object
parsed_rooms.living.area	physical_attributes		1/300	float
parsed_rooms.living.length	physical_attributes		1/300	float
parsed_rooms.living.room_name	physical_attributes		1/300	str
parsed_rooms.living.source	physical_attributes		1/300	null
parsed_rooms.living.width	physical_attributes		1/300	float
parsed_rooms.living_room	physical_attributes		11/300	object
parsed_rooms.living_room.area	physical_attributes		11/300	float
parsed_rooms.living_room.length	physical_attributes		11/300	float
parsed_rooms.living_room.room_name	physical_attributes		11/300	str
parsed_rooms.living_room.source	physical_attributes		11/300	null
parsed_rooms.living_room.width	physical_attributes		11/300	float
parsed_rooms.living_room_2	physical_attributes		1/300	object
parsed_rooms.living_room_2.area	physical_attributes		1/300	float
parsed_rooms.living_room_2.length	physical_attributes		1/300	float
parsed_rooms.living_room_2.room_name	physical_attributes		1/300	str
parsed_rooms.living_room_2.source	physical_attributes		1/300	null
parsed_rooms.living_room_2.width	physical_attributes		1/300	float
parsed_rooms.office	physical_attributes		1/300	object
parsed_rooms.office.area	physical_attributes		1/300	float
parsed_rooms.office.length	physical_attributes		1/300	float
parsed_rooms.office.room_name	physical_attributes		1/300	str
parsed_rooms.office.source	physical_attributes		1/300	null
parsed_rooms.office.width	physical_attributes		1/300	float
parsed_rooms.other	physical_attributes		3/300	object
parsed_rooms.other.area	physical_attributes		3/300	float
parsed_rooms.other.length	physical_attributes		3/300	float
parsed_rooms.other.room_name	physical_attributes		3/300	str
parsed_rooms.other.source	physical_attributes		3/300	null
parsed_rooms.other.width	physical_attributes		3/300	float
parsed_rooms.outdoor	physical_attributes		1/300	object
parsed_rooms.outdoor.area	physical_attributes		1/300	float
parsed_rooms.outdoor.length	physical_attributes		1/300	float
parsed_rooms.outdoor.room_name	physical_attributes		1/300	str
parsed_rooms.outdoor.source	physical_attributes		1/300	null
parsed_rooms.outdoor.width	physical_attributes		1/300	float
parsed_rooms.outdoor_2	physical_attributes		1/300	object
parsed_rooms.outdoor_2.area	physical_attributes		1/300	float
parsed_rooms.outdoor_2.length	physical_attributes		1/300	float
parsed_rooms.outdoor_2.room_name	physical_attributes		1/300	str
parsed_rooms.outdoor_2.source	physical_attributes		1/300	null
parsed_rooms.outdoor_2.width	physical_attributes		1/300	float
parsed_rooms.outdoor_3	physical_attributes		1/300	object
parsed_rooms.outdoor_3.area	physical_attributes		1/300	float
parsed_rooms.outdoor_3.length	physical_attributes		1/300	float
parsed_rooms.outdoor_3.room_name	physical_attributes		1/300	str
parsed_rooms.outdoor_3.source	physical_attributes		1/300	null
parsed_rooms.outdoor_3.width	physical_attributes		1/300	float
parsed_rooms.patio	physical_attributes		6/300	object
parsed_rooms.patio.area	physical_attributes		6/300	float
parsed_rooms.patio.length	physical_attributes		6/300	float
parsed_rooms.patio.room_name	physical_attributes		6/300	str
parsed_rooms.patio.source	physical_attributes		6/300	null
parsed_rooms.patio.width	physical_attributes		6/300	float
parsed_rooms.patio_2	physical_attributes		3/300	object
parsed_rooms.patio_2.area	physical_attributes		3/300	float
parsed_rooms.patio_2.length	physical_attributes		3/300	float/int
parsed_rooms.patio_2.room_name	physical_attributes		3/300	str
parsed_rooms.patio_2.source	physical_attributes		3/300	null
parsed_rooms.patio_2.width	physical_attributes		3/300	float
parsed_rooms.patio_3	physical_attributes		1/300	object
parsed_rooms.patio_3.area	physical_attributes		1/300	float
parsed_rooms.patio_3.length	physical_attributes		1/300	float
parsed_rooms.patio_3.room_name	physical_attributes		1/300	str
parsed_rooms.patio_3.source	physical_attributes		1/300	null
parsed_rooms.patio_3.width	physical_attributes		1/300	float
parsed_rooms.patio_4	physical_attributes		1/300	object
parsed_rooms.patio_4.area	physical_attributes		1/300	float
parsed_rooms.patio_4.length	physical_attributes		1/300	float
parsed_rooms.patio_4.room_name	physical_attributes		1/300	str
parsed_rooms.patio_4.source	physical_attributes		1/300	null
parsed_rooms.patio_4.width	physical_attributes		1/300	float
parsed_rooms.patio_5	physical_attributes		1/300	object
parsed_rooms.patio_5.area	physical_attributes		1/300	float
parsed_rooms.patio_5.length	physical_attributes		1/300	float
parsed_rooms.patio_5.room_name	physical_attributes		1/300	str
parsed_rooms.patio_5.source	physical_attributes		1/300	null
parsed_rooms.patio_5.width	physical_attributes		1/300	float
parsed_rooms.porch	physical_attributes		1/300	object
parsed_rooms.porch.area	physical_attributes		1/300	float
parsed_rooms.porch.length	physical_attributes		1/300	float
parsed_rooms.porch.room_name	physical_attributes		1/300	str
parsed_rooms.porch.source	physical_attributes		1/300	null
parsed_rooms.porch.width	physical_attributes		1/300	float
parsed_rooms.powder_room	physical_attributes		1/300	object
parsed_rooms.powder_room.area	physical_attributes		1/300	float
parsed_rooms.powder_room.length	physical_attributes		1/300	float
parsed_rooms.powder_room.room_name	physical_attributes		1/300	str
parsed_rooms.powder_room.source	physical_attributes		1/300	null
parsed_rooms.powder_room.width	physical_attributes		1/300	float
parsed_rooms.room	physical_attributes		1/300	object
parsed_rooms.room.area	physical_attributes		1/300	float
parsed_rooms.room.length	physical_attributes		1/300	float
parsed_rooms.room.room_name	physical_attributes		1/300	str
parsed_rooms.room.source	physical_attributes		1/300	null
parsed_rooms.room.width	physical_attributes		1/300	float
parsed_rooms.room_2	physical_attributes		1/300	object
parsed_rooms.room_2.area	physical_attributes		1/300	float
parsed_rooms.room_2.length	physical_attributes		1/300	float
parsed_rooms.room_2.room_name	physical_attributes		1/300	str
parsed_rooms.room_2.source	physical_attributes		1/300	null
parsed_rooms.room_2.width	physical_attributes		1/300	float
parsed_rooms.storage	physical_attributes		3/300	object
parsed_rooms.storage.area	physical_attributes		3/300	float
parsed_rooms.storage.length	physical_attributes		3/300	float
parsed_rooms.storage.room_name	physical_attributes		3/300	str
parsed_rooms.storage.source	physical_attributes		3/300	null
parsed_rooms.storage.width	physical_attributes		3/300	float
parsed_rooms.storage_2	physical_attributes		2/300	object
parsed_rooms.storage_2.area	physical_attributes		2/300	float
parsed_rooms.storage_2.length	physical_attributes		2/300	float
parsed_rooms.storage_2.room_name	physical_attributes		2/300	str
parsed_rooms.storage_2.source	physical_attributes		2/300	null
parsed_rooms.storage_2.width	physical_attributes		2/300	float
parsed_rooms.store	physical_attributes		1/300	object
parsed_rooms.store.area	physical_attributes		1/300	float
parsed_rooms.store.length	physical_attributes		1/300	float
parsed_rooms.store.room_name	physical_attributes		1/300	str
parsed_rooms.store.source	physical_attributes		1/300	null
parsed_rooms.store.width	physical_attributes		1/300	float
parsed_rooms.study	physical_attributes		1/300	object
parsed_rooms.study.area	physical_attributes		1/300	float
parsed_rooms.study.length	physical_attributes		1/300	float
parsed_rooms.study.room_name	physical_attributes		1/300	str
parsed_rooms.study.source	physical_attributes		1/300	null
parsed_rooms.study.width	physical_attributes		1/300	float
parsed_rooms.walk-in-robe	physical_attributes		1/300	object
parsed_rooms.walk-in-robe.area	physical_attributes		1/300	float
parsed_rooms.walk-in-robe.length	physical_attributes		1/300	float
parsed_rooms.walk-in-robe.room_name	physical_attributes		1/300	str
parsed_rooms.walk-in-robe.source	physical_attributes		1/300	null
parsed_rooms.walk-in-robe.width	physical_attributes		1/300	float
parsed_rooms.walk_in_robe	physical_attributes		1/300	object
parsed_rooms.walk_in_robe.area	physical_attributes		1/300	float
parsed_rooms.walk_in_robe.length	physical_attributes		1/300	float
parsed_rooms.walk_in_robe.room_name	physical_attributes		1/300	str
parsed_rooms.walk_in_robe.source	physical_attributes		1/300	null
parsed_rooms.walk_in_robe.width	physical_attributes		1/300	float
parsed_rooms_updated	physical_attributes		12/300	datetime
photo_tour_order	images_assets	facade_gallery	11/300	array[object]
photo_tour_order[].description	images_assets	facade_gallery	11/300	str
photo_tour_order[].image_index	images_assets	facade_gallery	11/300	int
photo_tour_order[].reorder_position	images_assets	facade_gallery	11/300	int
photo_tour_order[].selection_reason	images_assets	facade_gallery	11/300	str
photo_tour_order[].tour_metadata	images_assets	facade_gallery	11/300	object
photo_tour_order[].tour_metadata.average_usefulness_score	images_assets	facade_gallery	11/300	float
photo_tour_order[].tour_metadata.created_at	images_assets	facade_gallery	11/300	float
photo_tour_order[].tour_metadata.model_used	images_assets	facade_gallery	11/300	str
photo_tour_order[].tour_metadata.sections_included	images_assets	facade_gallery	11/300	array[str]
photo_tour_order[].tour_metadata.sections_missing	images_assets	facade_gallery	11/300	array[str]
photo_tour_order[].tour_metadata.total_photos_selected	images_assets	facade_gallery	11/300	int
photo_tour_order[].tour_metadata.tour_completeness_score	images_assets	facade_gallery	11/300	float/int
photo_tour_order[].tour_section	images_assets	facade_gallery	11/300	str
photo_tour_order[].url	images_assets	facade_gallery	11/300	str
photo_tour_order[].usefulness_score	images_assets	facade_gallery	11/300	int
photo_tour_order_updated	images_assets	facade_gallery	11/300	str
postcode	identity_location		18/300	str
postcode_distance_km	identity_location		291/300	float
postcode_enriched_at	identity_location		291/300	datetime
postcode_normalised_at	identity_location		79/300	datetime
postcode_normalised_reason	identity_location		79/300	str
previous_sale_year	other		4/300	int
price	other		13/300	str
price_history	transactions_history		13/300	array[object]
price_history[].event	transactions_history		13/300	str
price_history[].price_numeric	transactions_history		13/300	int/null
price_history[].price_text	transactions_history		13/300	str
price_history[].recorded_at	transactions_history		13/300	str
price_history[].run_id	transactions_history		13/300	str
processing_status	pipeline_meta		121/300	object
processing_status.external_floor_area_sqm	physical_attributes		13/300	int/null
processing_status.floor_plan_analysed	images_assets	floor_plan	17/300	bool
processing_status.floor_plans_analysed	images_assets	floor_plan	17/300	int
processing_status.floor_size_extracted	pipeline_meta		30/300	bool
processing_status.house_plans_found	pipeline_meta		104/300	bool
processing_status.images_processed	images_assets	facade_gallery	121/300	bool
processing_status.internal_floor_area_sqm	physical_attributes		13/300	int/null
processing_status.model_used	pipeline_meta		17/300	str
processing_status.photos_analysed	images_assets	facade_gallery	17/300	int
processing_status.processed_at	pipeline_meta		121/300	datetime
processing_status.processing_duration_seconds	pipeline_meta		104/300	float
processing_status.total_floor_area_sqm	physical_attributes		13/300	int/null
processing_status.worker_id	pipeline_meta		104/300	int
property_images	images_assets	facade_gallery	20/300	array[str]
property_images_original	images_assets	facade_gallery	20/300	array[str]
property_images_refreshed	images_assets	facade_gallery	1/300	array[str]
property_images_refreshed_at	images_assets	facade_gallery	1/300	datetime
property_insights	editorial_ai		14/300	object
property_insights.bathrooms	physical_attributes		13/300	object
property_insights.bathrooms.rarity_insights	physical_attributes		13/300	array[]
property_insights.bathrooms.suburbComparison	identity_location		13/300	object
property_insights.bathrooms.suburbComparison.narrative	identity_location		13/300	str
property_insights.bathrooms.suburbComparison.percentile	identity_location		13/300	int
property_insights.bathrooms.suburbComparison.sampleSize	identity_location		13/300	int
property_insights.bathrooms.suburbComparison.suburbMedian	identity_location		13/300	float/int
property_insights.bathrooms.suburbComparison.suburbName	identity_location		13/300	str
property_insights.bathrooms.value	physical_attributes		13/300	int
property_insights.bedrooms	physical_attributes		13/300	object
property_insights.bedrooms.rarity_insights	physical_attributes		13/300	array[]/array[object]
property_insights.bedrooms.rarity_insights[].feature	physical_attributes		1/300	str
property_insights.bedrooms.rarity_insights[].label	physical_attributes		1/300	str
property_insights.bedrooms.rarity_insights[].percentile	physical_attributes		1/300	int
property_insights.bedrooms.rarity_insights[].type	physical_attributes		1/300	str
property_insights.bedrooms.rarity_insights[].urgencyLevel	physical_attributes		1/300	str
property_insights.bedrooms.suburbComparison	identity_location		13/300	object
property_insights.bedrooms.suburbComparison.narrative	identity_location		13/300	str
property_insights.bedrooms.suburbComparison.percentile	identity_location		13/300	int
property_insights.bedrooms.suburbComparison.sampleSize	identity_location		13/300	int
property_insights.bedrooms.suburbComparison.suburbMedian	identity_location		13/300	int
property_insights.bedrooms.suburbComparison.suburbName	identity_location		13/300	str
property_insights.bedrooms.value	physical_attributes		13/300	int
property_insights.floor_area	physical_attributes		13/300	object
property_insights.floor_area.rarity_insights	physical_attributes		13/300	array[]
property_insights.floor_area.suburbComparison	identity_location		10/300	object
property_insights.floor_area.suburbComparison.narrative	identity_location		10/300	str
property_insights.floor_area.suburbComparison.percentile	identity_location		10/300	int
property_insights.floor_area.suburbComparison.sampleSize	identity_location		10/300	int
property_insights.floor_area.suburbComparison.suburbMedian	identity_location		10/300	float
property_insights.floor_area.suburbComparison.suburbName	identity_location		10/300	str
property_insights.floor_area.value	physical_attributes		13/300	float/null
property_insights.lot_size	editorial_ai		13/300	object
property_insights.lot_size.landUtilization	editorial_ai		1/300	object
property_insights.lot_size.landUtilization.buildingFootprint	editorial_ai		1/300	float
property_insights.lot_size.landUtilization.buildingFootprintPercent	editorial_ai		1/300	float
property_insights.lot_size.landUtilization.usableYard	editorial_ai		1/300	float
property_insights.lot_size.landUtilization.usableYardPercent	editorial_ai		1/300	float
property_insights.lot_size.rarity_insights	editorial_ai		13/300	array[]
property_insights.lot_size.value	editorial_ai		13/300	float/null
property_insights.parking	physical_attributes		13/300	object
property_insights.parking.rarity_insights	physical_attributes		13/300	array[]
property_insights.parking.suburbComparison	identity_location		13/300	object
property_insights.parking.suburbComparison.narrative	identity_location		13/300	str
property_insights.parking.suburbComparison.percentile	identity_location		13/300	int
property_insights.parking.suburbComparison.sampleSize	identity_location		13/300	int
property_insights.parking.suburbComparison.suburbMedian	identity_location		13/300	int
property_insights.parking.suburbComparison.suburbName	identity_location		13/300	str
property_insights.parking.value	physical_attributes		13/300	int
property_insights_updated	editorial_ai		14/300	datetime/str
property_tenure	other		164/300	str
property_tenure_desc	other		164/300	str
property_type	physical_attributes		205/300	str
property_type_correction	physical_attributes		2/300	object
property_type_correction.at	physical_attributes		2/300	datetime
property_type_correction.from	physical_attributes		2/300	str
property_type_correction.reason	physical_attributes		2/300	str
property_type_correction.rule	physical_attributes		2/300	str
property_type_correction.to	physical_attributes		2/300	str
property_type_correction.trusted_source	physical_attributes		2/300	str
property_valuation_data	valuation		121/300	object
property_valuation_data.bathrooms	physical_attributes		17/300	array[]/array[object]
property_valuation_data.bathrooms[].bath_present	physical_attributes		13/300	bool
property_valuation_data.bathrooms[].bathroom_label	physical_attributes		13/300	str
property_valuation_data.bathrooms[].condition_score	physical_attributes		13/300	int
property_valuation_data.bathrooms[].fixtures_quality	physical_attributes		13/300	str
property_valuation_data.bathrooms[].natural_light	physical_attributes		13/300	str
property_valuation_data.bathrooms[].quality_score	physical_attributes		13/300	int
property_valuation_data.bathrooms[].shower_type	physical_attributes		13/300	str
property_valuation_data.bathrooms[].tile_condition	physical_attributes		13/300	str
property_valuation_data.bathrooms[].vanity_style	physical_attributes		13/300	str
property_valuation_data.bathrooms[].visible	physical_attributes		13/300	bool
property_valuation_data.bedrooms	physical_attributes		17/300	array[]/array[object]
property_valuation_data.bedrooms[].bedroom_label	physical_attributes		16/300	str
property_valuation_data.bedrooms[].built_in_wardrobe	physical_attributes		16/300	bool/null
property_valuation_data.bedrooms[].ceiling_height	physical_attributes		16/300	str
property_valuation_data.bedrooms[].condition_score	physical_attributes		16/300	int
property_valuation_data.bedrooms[].ensuite	physical_attributes		16/300	bool/null
property_valuation_data.bedrooms[].flooring_condition	physical_attributes		16/300	str
property_valuation_data.bedrooms[].flooring_type	physical_attributes		16/300	str
property_valuation_data.bedrooms[].natural_light	physical_attributes		16/300	str
property_valuation_data.bedrooms[].paint_condition	physical_attributes		16/300	str
property_valuation_data.bedrooms[].quality_score	physical_attributes		16/300	int
property_valuation_data.bedrooms[].visible	physical_attributes		16/300	bool
property_valuation_data.bedrooms[].walk_in_robe	physical_attributes		16/300	bool/null
property_valuation_data.condition_summary	valuation		17/300	object
property_valuation_data.condition_summary.bathroom_score	physical_attributes		17/300	int/null
property_valuation_data.condition_summary.exterior_score	valuation		17/300	int
property_valuation_data.condition_summary.interior_score	valuation		17/300	int
property_valuation_data.condition_summary.kitchen_score	valuation		17/300	int
property_valuation_data.condition_summary.maintenance_level	valuation		17/300	str
property_valuation_data.condition_summary.outdoor_score	valuation		17/300	int
property_valuation_data.condition_summary.overall_score	valuation		17/300	int
property_valuation_data.exterior	valuation		121/300	object
property_valuation_data.exterior.cladding_condition	valuation		17/300	str
property_valuation_data.exterior.cladding_condition_confidence	valuation		1/300	float
property_valuation_data.exterior.cladding_condition_score	valuation		104/300	int/null
property_valuation_data.exterior.cladding_condition_score_confidence	valuation		3/300	float
property_valuation_data.exterior.cladding_material	valuation		121/300	null/str
property_valuation_data.exterior.cladding_material_confidence	valuation		1/300	float
property_valuation_data.exterior.condition_score	valuation		17/300	int
property_valuation_data.exterior.confidence_overall_exterior	valuation		1/300	float
property_valuation_data.exterior.door_quality_score	valuation		104/300	int/null
property_valuation_data.exterior.door_quality_score_confidence	valuation		1/300	float
property_valuation_data.exterior.driveway_type	valuation		17/300	null/str
property_valuation_data.exterior.fence_type	valuation		17/300	str
property_valuation_data.exterior.garage_condition	valuation		17/300	null/str
property_valuation_data.exterior.garage_condition_score	valuation		104/300	int/null
property_valuation_data.exterior.garage_condition_score_confidence	valuation		3/300	float/null
property_valuation_data.exterior.garage_type	valuation		121/300	null/str
property_valuation_data.exterior.overall_exterior_condition_confidence	valuation		1/300	float
property_valuation_data.exterior.overall_exterior_condition_score	valuation		104/300	int/null
property_valuation_data.exterior.overall_exterior_condition_score_confidence	valuation		3/300	float
property_valuation_data.exterior.paint_condition	valuation		121/300	null/str
property_valuation_data.exterior.paint_condition_confidence	valuation		2/300	float
property_valuation_data.exterior.paint_condition_score	valuation		1/300	int
property_valuation_data.exterior.paint_quality_score	valuation		104/300	int/null
property_valuation_data.exterior.paint_quality_score_confidence	valuation		2/300	float
property_valuation_data.exterior.window_condition_score	valuation		104/300	int/null
property_valuation_data.exterior.window_condition_score_confidence	valuation		4/300	float
property_valuation_data.exterior.window_type	valuation		121/300	null/str
property_valuation_data.interior	valuation		104/300	object
property_valuation_data.interior. Flooring_type	valuation		1/300	str
property_valuation_data.interior. flooring_type	valuation		2/300	str
property_valuation_data.interior.appliances_quality_score	valuation		104/300	int/null
property_valuation_data.interior.appliances_quality_score_confidence	valuation		1/300	null
property_valuation_data.interior.bathroom_condition	physical_attributes		104/300	null/str
property_valuation_data.interior.bathroom_condition_confidence	physical_attributes		1/300	null
property_valuation_data.interior.bathroom_quality_score	physical_attributes		104/300	int/null
property_valuation_data.interior.bathroom_quality_score_confidence	physical_attributes		1/300	null
property_valuation_data.interior.ceiling_height	valuation		104/300	null/str
property_valuation_data.interior.ceiling_height_confidence	valuation		1/300	null
property_valuation_data.interior.confidence_overall_interior	valuation		1/300	float
property_valuation_data.interior.fixtures_quality_score	valuation		104/300	int/null
property_valuation_data.interior.fixtures_quality_score_confidence	valuation		1/300	null
property_valuation_data.interior.flooring_condition_score	valuation		104/300	int/null
property_valuation_data.interior.flooring_condition_score_confidence	valuation		1/300	null
property_valuation_data.interior.flooring_quality_score	valuation		104/300	int/null
property_valuation_data.interior.flooring_quality_score_confidence	valuation		1/300	null
property_valuation_data.interior.flooring_type	valuation		102/300	array[str]/null/str
property_valuation_data.interior.flooring_type_confidence	valuation		1/300	null
property_valuation_data.interior.kitchen_condition	valuation		104/300	null/str
property_valuation_data.interior.kitchen_condition_confidence	valuation		1/300	null
property_valuation_data.interior.kitchen_quality_score	valuation		104/300	int/null
property_valuation_data.interior.kitchen_quality_score_confidence	valuation		1/300	null
property_valuation_data.interior.natural_light_score	valuation		104/300	int/null
property_valuation_data.interior.natural_light_score_confidence	valuation		1/300	null
property_valuation_data.interior.overall_interior_condition_score	valuation		104/300	int/null
property_valuation_data.interior.overall_interior_condition_score_confidence	valuation		2/300	float/null
property_valuation_data.kitchen	valuation		17/300	object
property_valuation_data.kitchen.appliances_quality	valuation		17/300	str
property_valuation_data.kitchen.benchtop_material	valuation		17/300	str
property_valuation_data.kitchen.butler_pantry	valuation		17/300	bool
property_valuation_data.kitchen.cabinet_condition	valuation		17/300	str
property_valuation_data.kitchen.cabinet_style	valuation		17/300	str
property_valuation_data.kitchen.condition_score	valuation		17/300	int
property_valuation_data.kitchen.island_bench	valuation		17/300	bool
property_valuation_data.kitchen.natural_light	valuation		17/300	str
property_valuation_data.kitchen.quality_score	valuation		17/300	int
property_valuation_data.kitchen.splashback_type	valuation		17/300	str
property_valuation_data.kitchen.visible	valuation		17/300	bool
property_valuation_data.layout	valuation		104/300	object
property_valuation_data.layout.confidence_layout	valuation		1/300	float
property_valuation_data.layout.floor_area_confidence	physical_attributes		1/300	null
property_valuation_data.layout.floor_area_sqm	physical_attributes		104/300	float/int/null
property_valuation_data.layout.layout_efficiency_score	valuation		104/300	int/null
property_valuation_data.layout.layout_efficiency_score_confidence	valuation		1/300	null
property_valuation_data.layout.natural_water_view	valuation		6/300	bool
property_valuation_data.layout.number_of_bathrooms	physical_attributes		104/300	float/int/null
property_valuation_data.layout.number_of_bathrooms_confidence	physical_attributes		1/300	null
property_valuation_data.layout.number_of_bedrooms	physical_attributes		104/300	int/null
property_valuation_data.layout.number_of_bedrooms_confidence	physical_attributes		1/300	null
property_valuation_data.layout.number_of_living_areas	valuation		104/300	int/null
property_valuation_data.layout.number_of_living_areas_confidence	valuation		1/300	null
property_valuation_data.layout.open_plan_layout	valuation		104/300	bool/null
property_valuation_data.layout.open_plan_layout_confidence	valuation		1/300	null
property_valuation_data.layout.study_present	valuation		104/300	bool/null
property_valuation_data.layout.study_present_confidence	valuation		1/300	null
property_valuation_data.layout.water_view_description	valuation		6/300	str
property_valuation_data.layout.water_view_quality_score	valuation		6/300	null
property_valuation_data.layout.water_view_rooms	physical_attributes		6/300	array[]
property_valuation_data.layout.water_view_type	valuation		6/300	str
property_valuation_data.living_areas	valuation		17/300	array[object]
property_valuation_data.living_areas[].area_label	valuation		17/300	str
property_valuation_data.living_areas[].ceiling_height	valuation		17/300	str
property_valuation_data.living_areas[].condition_score	valuation		17/300	int
property_valuation_data.living_areas[].flooring_condition	valuation		17/300	str
property_valuation_data.living_areas[].flooring_type	valuation		17/300	str
property_valuation_data.living_areas[].natural_light	valuation		17/300	str
property_valuation_data.living_areas[].open_plan_with_kitchen	valuation		17/300	bool
property_valuation_data.living_areas[].quality_score	valuation		17/300	int
property_valuation_data.living_areas[].visible	valuation		17/300	bool
property_valuation_data.metadata	valuation		104/300	object
property_valuation_data.metadata.confidence_notes	valuation		1/300	array[str]
property_valuation_data.metadata.extracted_at	valuation		104/300	float
property_valuation_data.metadata.has_professional_photography	valuation		102/300	bool
property_valuation_data.metadata.has_professional_photography_confidence	valuation		1/300	float
property_valuation_data.metadata.image_quality	valuation		102/300	str
property_valuation_data.metadata.image_quality_confidence	valuation		1/300	float
property_valuation_data.metadata.model_used	valuation		104/300	str
property_valuation_data.metadata.total_images_analyzed	valuation		102/300	int/null
property_valuation_data.outdoor	valuation		121/300	object
property_valuation_data.outdoor.alfresco_covered	valuation		17/300	bool/null
property_valuation_data.outdoor.alfresco_present	valuation		17/300	bool
property_valuation_data.outdoor.alfresco_size	valuation		17/300	null/str
property_valuation_data.outdoor.confidence_outdoor	valuation		1/300	float
property_valuation_data.outdoor.driveway_condition_score	valuation		104/300	int/null
property_valuation_data.outdoor.driveway_condition_score_confidence	valuation		2/300	float/null
property_valuation_data.outdoor.driveway_type	valuation		104/300	null/str
property_valuation_data.outdoor.driveway_type_confidence	valuation		1/300	null
property_valuation_data.outdoor.fence_condition_score	valuation		104/300	int/null
property_valuation_data.outdoor.fence_condition_score_confidence	valuation		1/300	null
property_valuation_data.outdoor.fence_type	valuation		104/300	null/str
property_valuation_data.outdoor.fence_type_confidence	valuation		1/300	float
property_valuation_data.outdoor.landscaping_quality	valuation		17/300	str
property_valuation_data.outdoor.landscaping_quality_confidence	valuation		1/300	float
property_valuation_data.outdoor.landscaping_quality_score	valuation		104/300	int/null
property_valuation_data.outdoor.landscaping_quality_score_confidence	valuation		1/300	float
property_valuation_data.outdoor.landscaping_score	valuation		17/300	int
property_valuation_data.outdoor.outdoor_entertainment_score	valuation		121/300	int/null
property_valuation_data.outdoor.outdoor_entertainment_score_confidence	valuation		2/300	float
property_valuation_data.outdoor.outdoor_kitchen_bbq	valuation		17/300	bool
property_valuation_data.outdoor.pool_condition	valuation		17/300	null/str
property_valuation_data.outdoor.pool_condition_score	valuation		121/300	int/null
property_valuation_data.outdoor.pool_condition_score_confidence	valuation		2/300	float/null
property_valuation_data.outdoor.pool_present	valuation		121/300	bool/null
property_valuation_data.outdoor.pool_present_confidence	valuation		1/300	float
property_valuation_data.outdoor.pool_type	valuation		121/300	null/str
property_valuation_data.outdoor.water_view_quality_score	valuation		16/300	int/null
property_valuation_data.outdoor.water_view_type	valuation		17/300	str
property_valuation_data.outdoor.water_views	valuation		17/300	bool
property_valuation_data.overall	valuation		104/300	object
property_valuation_data.overall.confidence_overall	valuation		1/300	float
property_valuation_data.overall.maintenance_level	valuation		101/300	null/str
property_valuation_data.overall.maintenance_level_confidence	valuation		1/300	float
property_valuation_data.overall.market_appeal_score	valuation		101/300	int/null
property_valuation_data.overall.market_appeal_score_confidence	valuation		1/300	float
property_valuation_data.overall.natural_water_view	valuation		48/300	bool/object
property_valuation_data.overall.natural_water_view.exists	valuation		2/300	bool
property_valuation_data.overall.natural_water_view.water_view_description	valuation		2/300	str
property_valuation_data.overall.natural_water_view.water_view_quality_score	valuation		2/300	null
property_valuation_data.overall.natural_water_view.water_view_rooms	physical_attributes		1/300	array[]
property_valuation_data.overall.natural_water_view.water_view_type	valuation		2/300	str
property_valuation_data.overall.negative_features	valuation		100/300	array[]/array[str]
property_valuation_data.overall.negative_features_confidence	valuation		1/300	float
property_valuation_data.overall.notes	valuation		1/300	str
property_valuation_data.overall.property_presentation_score	valuation		101/300	int/null
property_valuation_data.overall.property_presentation_score_confidence	valuation		1/300	float
property_valuation_data.overall.unique_features	valuation		100/300	array[]/array[str]
property_valuation_data.overall.unique_features_confidence	valuation		1/300	float
property_valuation_data.overall.water_view_description	valuation		46/300	null/str
property_valuation_data.overall.water_view_quality_score	valuation		46/300	int/null
property_valuation_data.overall.water_view_rooms	physical_attributes		38/300	array[]/array[object]
property_valuation_data.overall.water_view_rooms[].description	physical_attributes		1/300	str
property_valuation_data.overall.water_view_rooms[].room_type	physical_attributes		1/300	str
property_valuation_data.overall.water_view_rooms[].view_quality_score	physical_attributes		1/300	int
property_valuation_data.overall.water_view_rooms[].water_view_type	physical_attributes		1/300	str
property_valuation_data.overall.water_view_type	valuation		46/300	null/str
property_valuation_data.property_metadata	valuation		17/300	object
property_valuation_data.property_metadata.air_conditioning	valuation		17/300	str
property_valuation_data.property_metadata.has_home_office	valuation		17/300	bool
property_valuation_data.property_metadata.has_professional_photography	valuation		17/300	bool
property_valuation_data.property_metadata.has_study	valuation		17/300	bool
property_valuation_data.property_metadata.image_quality	valuation		17/300	str
property_valuation_data.property_metadata.market_appeal_score	valuation		17/300	int
property_valuation_data.property_metadata.negative_features	valuation		17/300	array[]/array[str]
property_valuation_data.property_metadata.prestige_tier	valuation		13/300	str
property_valuation_data.property_metadata.property_presentation_score	valuation		17/300	int
property_valuation_data.property_metadata.smart_home_features	valuation		17/300	bool
property_valuation_data.property_metadata.solar_visible	valuation		17/300	bool
property_valuation_data.property_metadata.total_images_analyzed	valuation		17/300	int
property_valuation_data.property_metadata.unique_features	valuation		17/300	array[]/array[str]
property_valuation_data.property_overview	valuation		17/300	object
property_valuation_data.property_overview.architectural_style	valuation		17/300	str
property_valuation_data.property_overview.building_type	valuation		17/300	str
property_valuation_data.property_overview.number_of_stories	valuation		17/300	int
property_valuation_data.property_overview.overall_condition	valuation		17/300	str
property_valuation_data.property_overview.overall_condition_score	valuation		17/300	int
property_valuation_data.property_overview.roof_type	valuation		17/300	null/str
property_valuation_data.renovation	valuation		121/300	object
property_valuation_data.renovation.bathrooms_renovated	physical_attributes		17/300	bool/null
property_valuation_data.renovation.confidence_renovation	valuation		1/300	float
property_valuation_data.renovation.flooring_updated	valuation		17/300	bool
property_valuation_data.renovation.kitchen_renovated	valuation		17/300	bool
property_valuation_data.renovation.modern_features_score	valuation		121/300	int/null
property_valuation_data.renovation.modern_features_score_confidence	valuation		1/300	null
property_valuation_data.renovation.overall_renovation_level	valuation		17/300	str
property_valuation_data.renovation.renovation_level	valuation		104/300	null/str
property_valuation_data.renovation.renovation_level_confidence	valuation		1/300	float
property_valuation_data.renovation.renovation_recency	valuation		121/300	null/str
property_valuation_data.renovation.renovation_recency_confidence	valuation		1/300	null
property_valuation_data.structural	valuation		104/300	object
property_valuation_data.structural.architectural_style	valuation		104/300	null/str
property_valuation_data.structural.architectural_style_confidence	valuation		2/300	float
property_valuation_data.structural.building_type	valuation		104/300	null/str
property_valuation_data.structural.building_type_confidence	valuation		1/300	float
property_valuation_data.structural.confidence_architectural_style	valuation		1/300	float
property_valuation_data.structural.confidence_number_of_stories	valuation		1/300	float
property_valuation_data.structural.number_of_stories	valuation		104/300	int/null
property_valuation_data.structural.number_of_stories_confidence	valuation		3/300	float
property_valuation_data.structural.roof_condition_confidence	valuation		1/300	float
property_valuation_data.structural.roof_condition_score	valuation		104/300	int/null
property_valuation_data.structural.roof_condition_score_confidence	valuation		3/300	float
property_valuation_data.structural.roof_type	valuation		104/300	null/str
property_valuation_data.structural.roof_type_confidence	valuation		2/300	float
propradar_linked_at	other		11/300	str
propradar_property_id	identity_location		11/300	str
qscf_feature_name	other		4/300	str
rental_estimate_fresh	other		1/300	object
rental_estimate_fresh.weekly_rent	other		1/300	int
rental_estimate_fresh.yield	other		1/300	float
sale_date	other		4/300	str
sale_method	other		13/300	str
sale_price	transactions_history		13/300	str
satellite_analysis	images_assets	satellite	23/300	object
satellite_analysis.annotated_image_url	images_assets	satellite	2/300	str
satellite_analysis.boundary_polygon	images_assets	aerial	1/300	array[array[int]]
satellite_analysis.categories	images_assets	satellite	23/300	object
satellite_analysis.categories.adjacency	images_assets	satellite	23/300	object
satellite_analysis.categories.adjacency.backs_onto	images_assets	satellite	23/300	array[str]
satellite_analysis.categories.adjacency.elevation_position	images_assets	satellite	23/300	str
satellite_analysis.categories.adjacency.frontage	images_assets	satellite	23/300	str
satellite_analysis.categories.amenity_premiums	images_assets	satellite	23/300	object
satellite_analysis.categories.amenity_premiums.green_space_proximity	images_assets	satellite	23/300	str
satellite_analysis.categories.amenity_premiums.mature_landscaping	images_assets	satellite	23/300	str
satellite_analysis.categories.amenity_premiums.outdoor_entertaining	images_assets	satellite	23/300	str
satellite_analysis.categories.amenity_premiums.pool_visible	images_assets	satellite	23/300	bool
satellite_analysis.categories.amenity_premiums.street_appeal	images_assets	satellite	23/300	str
satellite_analysis.categories.amenity_premiums.water_proximity	images_assets	satellite	23/300	str
satellite_analysis.categories.detractants	images_assets	satellite	23/300	object
satellite_analysis.categories.detractants.commercial_adjacency	images_assets	satellite	23/300	str
satellite_analysis.categories.detractants.construction_disruption	images_assets	satellite	23/300	str
satellite_analysis.categories.detractants.flight_path	images_assets	satellite	23/300	bool
satellite_analysis.categories.detractants.flood_indicator	images_assets	satellite	23/300	str
satellite_analysis.categories.detractants.overlooking_risk	images_assets	satellite	23/300	str
satellite_analysis.categories.detractants.power_line_proximity	images_assets	satellite	23/300	str
satellite_analysis.categories.detractants.traffic_noise_risk	images_assets	satellite	23/300	str
satellite_analysis.categories.lot_characteristics	images_assets	satellite	23/300	object
satellite_analysis.categories.lot_characteristics.lot_shape	images_assets	satellite	23/300	str
satellite_analysis.categories.lot_characteristics.neighbour_setback	images_assets	satellite	23/300	str
satellite_analysis.categories.lot_characteristics.parking_provision	physical_attributes		23/300	str
satellite_analysis.categories.lot_characteristics.usable_yard	images_assets	satellite	23/300	str
satellite_analysis.categories.neighbourhood	images_assets	satellite	23/300	object
satellite_analysis.categories.neighbourhood.density	images_assets	satellite	23/300	str
satellite_analysis.categories.neighbourhood.homogeneity	images_assets	satellite	23/300	str
satellite_analysis.categories.neighbourhood.neighbourhood_quality	images_assets	satellite	23/300	str
satellite_analysis.features	images_assets	satellite	2/300	array[]/array[object]
satellite_analysis.features[].bbox	images_assets	satellite	1/300	array[int]
satellite_analysis.features[].category	images_assets	satellite	1/300	str
satellite_analysis.features[].confidence	valuation		1/300	str
satellite_analysis.features[].label	images_assets	satellite	1/300	str
satellite_analysis.features[].number	images_assets	satellite	1/300	int
satellite_analysis.image_size	images_assets	satellite	15/300	str
satellite_analysis.model	images_assets	satellite	23/300	str
satellite_analysis.narrative	images_assets	satellite	23/300	object
satellite_analysis.narrative.buyer_highlights	images_assets	satellite	23/300	array[str]
satellite_analysis.narrative.construction_activity	images_assets	satellite	23/300	str
satellite_analysis.narrative.flood_drainage_risk	images_assets	satellite	23/300	str
satellite_analysis.narrative.green_cover	images_assets	satellite	23/300	str
satellite_analysis.narrative.lot_assessment	images_assets	satellite	23/300	str
satellite_analysis.narrative.neighbour_density	images_assets	satellite	23/300	str
satellite_analysis.narrative.overall_setting	images_assets	satellite	23/300	str
satellite_analysis.narrative.parking_access	physical_attributes		23/300	str
satellite_analysis.narrative.pool_and_outdoor	images_assets	satellite	23/300	str
satellite_analysis.narrative.road_proximity	images_assets	satellite	23/300	str
satellite_analysis.narrative.surrounding_land_use	images_assets	satellite	23/300	str
satellite_analysis.opus_verification	images_assets	satellite	3/300	object
satellite_analysis.opus_verification.corrected_fields	images_assets	satellite	3/300	array[str]
satellite_analysis.opus_verification.corrections_applied	images_assets	satellite	3/300	bool
satellite_analysis.opus_verification.notes	images_assets	satellite	3/300	str
satellite_analysis.opus_verification.verified_at	images_assets	satellite	3/300	str
satellite_analysis.opus_verified	images_assets	satellite	3/300	bool
satellite_analysis.pin_confirmed	images_assets	satellite	2/300	bool
satellite_analysis.processed_at	images_assets	satellite	23/300	datetime
satellite_analysis.processing_duration_seconds	images_assets	satellite	21/300	float
satellite_analysis.satellite_image_url	images_assets	satellite	23/300	str
satellite_analysis.source	images_assets	satellite	2/300	str
satellite_analysis.zoom_level	images_assets	satellite	23/300	int
scrape_mode	other		13/300	str
scraped_at	other		184/300	datetime
scraped_at_v2	other		196/300	datetime
scraped_data	listing_scrape		201/300	object
scraped_data.address	identity_location		184/300	object/str
scraped_data.address.__typename	identity_location		1/300	str
scraped_data.address.displayAddress	identity_location		1/300	str
scraped_data.address.geolocation	identity_location		1/300	object
scraped_data.address.geolocation.__typename	identity_location		1/300	str
scraped_data.address.geolocation.latitude	identity_location		1/300	float
scraped_data.address.geolocation.longitude	identity_location		1/300	float
scraped_data.address.postcode	identity_location		1/300	str
scraped_data.address.state	identity_location		1/300	str
scraped_data.address.street	identity_location		1/300	str
scraped_data.address.streetName	identity_location		1/300	str
scraped_data.address.streetNumber	identity_location		1/300	str
scraped_data.address.streetType	identity_location		1/300	str
scraped_data.address.streetTypeLong	identity_location		1/300	str
scraped_data.address.suburb	identity_location		1/300	object
scraped_data.address.suburb.__typename	identity_location		1/300	str
scraped_data.address.suburb.area	identity_location		1/300	str
scraped_data.address.suburb.name	identity_location		1/300	str
scraped_data.address.suburb.postcode	identity_location		1/300	str
scraped_data.address.suburb.region	identity_location		1/300	str
scraped_data.address.suburb.slug	identity_location		1/300	str
scraped_data.address.suburb.state	identity_location		1/300	str
scraped_data.address.suburbName	identity_location		1/300	str
scraped_data.address.unitNumber	identity_location		1/300	null
scraped_data.address_pid	identity_location		184/300	int/null
scraped_data.features	listing_scrape		184/300	object
scraped_data.features.bathrooms	physical_attributes		184/300	int/null
scraped_data.features.bedrooms	physical_attributes		184/300	int/null
scraped_data.features.car_spaces	physical_attributes		184/300	int/null
scraped_data.features.land_size	physical_attributes		184/300	null
scraped_data.features.property_type	physical_attributes		184/300	str
scraped_data.images	images_assets	facade_gallery	184/300	array[]/array[object]
scraped_data.images[].date	images_assets	facade_gallery	162/300	null/str
scraped_data.images[].index	images_assets	facade_gallery	162/300	int
scraped_data.images[].url	images_assets	facade_gallery	162/300	str
scraped_data.images_updated_at	images_assets	facade_gallery	158/300	str
scraped_data.property_timeline	listing_scrape		201/300	array[]/array[object]
scraped_data.property_timeline[].agency_name	listing_scrape		195/300	null/str
scraped_data.property_timeline[].agency_url	listing_scrape		195/300	null/str
scraped_data.property_timeline[].category	listing_scrape		195/300	str
scraped_data.property_timeline[].date	listing_scrape		195/300	str
scraped_data.property_timeline[].days_on_market	market_metrics		195/300	int/null
scraped_data.property_timeline[].is_major_event	listing_scrape		195/300	bool
scraped_data.property_timeline[].is_sold	transactions_history		195/300	bool/null
scraped_data.property_timeline[].month_year	listing_scrape		195/300	str
scraped_data.property_timeline[].price	listing_scrape		195/300	int/null
scraped_data.property_timeline[].type	listing_scrape		195/300	str
scraped_data.rental_estimate	listing_scrape		184/300	object
scraped_data.rental_estimate.weekly_rent	listing_scrape		184/300	int/null
scraped_data.rental_estimate.yield	listing_scrape		184/300	float/null
scraped_data.rental_estimate_history	listing_scrape		25/300	array[object]
scraped_data.rental_estimate_history[].recorded_at	listing_scrape		25/300	str
scraped_data.rental_estimate_history[].weekly_rent	listing_scrape		25/300	int
scraped_data.rental_estimate_history[].yield	listing_scrape		25/300	float
scraped_data.scraped_at	listing_scrape		184/300	str
scraped_data.suburb	identity_location		183/300	str
scraped_data.url	listing_scrape		184/300	str
scraped_data.valuation	valuation		184/300	object
scraped_data.valuation.accuracy	valuation		184/300	null/str
scraped_data.valuation.date	valuation		184/300	null/str
scraped_data.valuation.high	valuation		184/300	int/null
scraped_data.valuation.low	valuation		184/300	int/null
scraped_data.valuation.mid	valuation		184/300	int/null
scraped_data.valuation_history	valuation		25/300	array[]/array[object]
scraped_data.valuation_history[].accuracy	valuation		19/300	str
scraped_data.valuation_history[].date	valuation		19/300	str
scraped_data.valuation_history[].high	valuation		19/300	int
scraped_data.valuation_history[].low	valuation		19/300	int
scraped_data.valuation_history[].mid	valuation		19/300	int
scraped_data.valuation_history[].recorded_at	valuation		19/300	str
scraped_data.worker_id	listing_scrape		183/300	int
scraped_data_apr01_recovered	listing_scrape		161/300	object
scraped_data_apr01_recovered.address	identity_location		161/300	str
scraped_data_apr01_recovered.address_pid	identity_location		161/300	int
scraped_data_apr01_recovered.features	listing_scrape		161/300	object
scraped_data_apr01_recovered.features.bathrooms	physical_attributes		161/300	int/null
scraped_data_apr01_recovered.features.bedrooms	physical_attributes		161/300	int/null
scraped_data_apr01_recovered.features.car_spaces	physical_attributes		161/300	int/null
scraped_data_apr01_recovered.features.land_size	physical_attributes		161/300	null
scraped_data_apr01_recovered.features.property_type	physical_attributes		161/300	str
scraped_data_apr01_recovered.images	images_assets	facade_gallery	161/300	array[object]
scraped_data_apr01_recovered.images[].date	images_assets	facade_gallery	161/300	null/str
scraped_data_apr01_recovered.images[].index	images_assets	facade_gallery	161/300	int
scraped_data_apr01_recovered.images[].url	images_assets	facade_gallery	161/300	str
scraped_data_apr01_recovered.images_updated_at	images_assets	facade_gallery	143/300	str
scraped_data_apr01_recovered.property_timeline	listing_scrape		161/300	array[]/array[object]
scraped_data_apr01_recovered.property_timeline[].agency_name	listing_scrape		157/300	null/str
scraped_data_apr01_recovered.property_timeline[].agency_url	listing_scrape		157/300	null/str
scraped_data_apr01_recovered.property_timeline[].category	listing_scrape		157/300	str
scraped_data_apr01_recovered.property_timeline[].date	listing_scrape		157/300	str
scraped_data_apr01_recovered.property_timeline[].days_on_market	market_metrics		157/300	int/null
scraped_data_apr01_recovered.property_timeline[].is_major_event	listing_scrape		157/300	bool
scraped_data_apr01_recovered.property_timeline[].is_sold	transactions_history		157/300	bool/null
scraped_data_apr01_recovered.property_timeline[].month_year	listing_scrape		157/300	str
scraped_data_apr01_recovered.property_timeline[].price	listing_scrape		157/300	int/null
scraped_data_apr01_recovered.property_timeline[].type	listing_scrape		157/300	str
scraped_data_apr01_recovered.rental_estimate	listing_scrape		161/300	object
scraped_data_apr01_recovered.rental_estimate.weekly_rent	listing_scrape		161/300	int/null
scraped_data_apr01_recovered.rental_estimate.yield	listing_scrape		161/300	float/null
scraped_data_apr01_recovered.rental_estimate_history	listing_scrape		18/300	array[object]
scraped_data_apr01_recovered.rental_estimate_history[].recorded_at	listing_scrape		18/300	str
scraped_data_apr01_recovered.rental_estimate_history[].weekly_rent	listing_scrape		18/300	int
scraped_data_apr01_recovered.rental_estimate_history[].yield	listing_scrape		18/300	float
scraped_data_apr01_recovered.scraped_at	listing_scrape		161/300	str
scraped_data_apr01_recovered.suburb	identity_location		161/300	str
scraped_data_apr01_recovered.url	listing_scrape		161/300	str
scraped_data_apr01_recovered.valuation	valuation		161/300	object
scraped_data_apr01_recovered.valuation.accuracy	valuation		161/300	null/str
scraped_data_apr01_recovered.valuation.date	valuation		161/300	null/str
scraped_data_apr01_recovered.valuation.high	valuation		161/300	int/null
scraped_data_apr01_recovered.valuation.low	valuation		161/300	int/null
scraped_data_apr01_recovered.valuation.mid	valuation		161/300	int/null
scraped_data_apr01_recovered.valuation_history	valuation		18/300	array[]/array[object]
scraped_data_apr01_recovered.valuation_history[].accuracy	valuation		14/300	str
scraped_data_apr01_recovered.valuation_history[].date	valuation		14/300	str
scraped_data_apr01_recovered.valuation_history[].high	valuation		14/300	int
scraped_data_apr01_recovered.valuation_history[].low	valuation		14/300	int
scraped_data_apr01_recovered.valuation_history[].mid	valuation		14/300	int
scraped_data_apr01_recovered.valuation_history[].recorded_at	valuation		14/300	str
scraped_data_apr01_recovered.worker_id	listing_scrape		161/300	int
scraped_data_oth	listing_scrape		11/300	object
scraped_data_oth.<dynamic>	listing_scrape		11/300	object (29 data keys)
scraped_data_v2	listing_scrape		196/300	object
scraped_data_v2.address_line	identity_location		196/300	str
scraped_data_v2.bathrooms	physical_attributes		196/300	int/null
scraped_data_v2.bedrooms	physical_attributes		196/300	int/null
scraped_data_v2.category	listing_scrape		196/300	str
scraped_data_v2.comparable_sales	valuation		196/300	array[]/array[object]
scraped_data_v2.comparable_sales[].address	identity_location		195/300	str
scraped_data_v2.comparable_sales[].bathrooms	physical_attributes		195/300	int
scraped_data_v2.comparable_sales[].bedrooms	physical_attributes		195/300	int
scraped_data_v2.comparable_sales[].car_spaces	physical_attributes		195/300	int
scraped_data_v2.comparable_sales[].last_sale_date	valuation		195/300	null/str
scraped_data_v2.comparable_sales[].last_sale_price	valuation		195/300	int/null
scraped_data_v2.domain_hpg_slug	identity_location		196/300	str
scraped_data_v2.domain_property_id	identity_location		196/300	str
scraped_data_v2.hero_image_url	images_assets	hero_facade	196/300	null/str
scraped_data_v2.image_count	images_assets	facade_gallery	196/300	int
scraped_data_v2.image_urls	images_assets	facade_gallery	196/300	array[]/array[str]
scraped_data_v2.internal_area_sqm	listing_scrape		196/300	int/null
scraped_data_v2.land_area_sqm	physical_attributes		196/300	int/null
scraped_data_v2.lot_number	listing_scrape		196/300	null/str
scraped_data_v2.parking_spaces	physical_attributes		196/300	int/null
scraped_data_v2.plan_number	listing_scrape		196/300	null/str
scraped_data_v2.property_type	physical_attributes		196/300	str
scraped_data_v2.rental_estimate	listing_scrape		196/300	object
scraped_data_v2.rental_estimate.confidence	valuation		196/300	null/str
scraped_data_v2.rental_estimate.date	listing_scrape		196/300	null/str
scraped_data_v2.rental_estimate.weekly_rent	listing_scrape		196/300	int/null
scraped_data_v2.rental_estimate.yield_pct	listing_scrape		196/300	float/int/null
scraped_data_v2.section_number	listing_scrape		196/300	null
scraped_data_v2.structured_address	identity_location		196/300	object
scraped_data_v2.structured_address.postcode	identity_location		196/300	str
scraped_data_v2.structured_address.state	identity_location		196/300	str
scraped_data_v2.structured_address.street_name	identity_location		196/300	str
scraped_data_v2.structured_address.street_number	identity_location		196/300	str
scraped_data_v2.structured_address.street_type	identity_location		196/300	str
scraped_data_v2.structured_address.suburb_name	identity_location		196/300	str
scraped_data_v2.timeline	listing_scrape		196/300	array[]/array[object]
scraped_data_v2.timeline[].agency	listing_scrape		188/300	null/object
scraped_data_v2.timeline[].agency.__typename	listing_scrape		124/300	str
scraped_data_v2.timeline[].agency.name	listing_scrape		124/300	str
scraped_data_v2.timeline[].agency.profileUrl	listing_scrape		124/300	null/str
scraped_data_v2.timeline[].category	listing_scrape		188/300	str
scraped_data_v2.timeline[].days_on_market	market_metrics		188/300	int/null
scraped_data_v2.timeline[].event_date	listing_scrape		188/300	str
scraped_data_v2.timeline[].event_price	listing_scrape		188/300	int/null
scraped_data_v2.timeline[].is_major_event	listing_scrape		188/300	bool
scraped_data_v2.timeline[].is_sold	transactions_history		188/300	bool/null
scraped_data_v2.timeline[].price_description	listing_scrape		188/300	str
scraped_data_v2.valuation	valuation		196/300	object
scraped_data_v2.valuation.confidence	valuation		196/300	null/str
scraped_data_v2.valuation.date	valuation		196/300	null/str
scraped_data_v2.valuation.lower	valuation		196/300	int/null
scraped_data_v2.valuation.mid	valuation		196/300	int/null
scraped_data_v2.valuation.source	valuation		196/300	null/str
scraped_data_v2.valuation.upper	valuation		196/300	int/null
scraped_floor_plans	images_assets	floor_plan	11/300	array[]/array[str]
scraped_property_images	images_assets	facade_gallery	11/300	array[str]
scraped_url_v2	other		196/300	str
scraped_v2_failed_at	other		34/300	datetime
scraped_v2_failed_reason	other		94/300	str
selling_agency	other		5/300	str
selling_agent	listing_scrape		5/300	str
solar_data	other		2/300	object
solar_data.buildings	other		2/300	array[object]
solar_data.buildings[].h	other		2/300	float
solar_data.buildings[].pts	other		2/300	array[array[int]]
solar_data.buildings[].subject	other		2/300	bool
solar_data.generated_at	other		2/300	str
solar_data.mpp	other		2/300	float
solar_data.source	other		2/300	str
sold_analysis	transactions_history		7/300	object
sold_analysis.benchmarks_used	transactions_history		7/300	object
sold_analysis.benchmarks_used.median	market_metrics		7/300	int
sold_analysis.benchmarks_used.n	transactions_history		7/300	int
sold_analysis.benchmarks_used.suburb	identity_location		7/300	str
sold_analysis.data_completeness	transactions_history		7/300	float
sold_analysis.generated_at	transactions_history		7/300	str
sold_analysis.generator	transactions_history		7/300	str
sold_analysis.headline	transactions_history		7/300	str
sold_analysis.insights	editorial_ai		7/300	array[object]
sold_analysis.insights[].evidence	editorial_ai		7/300	object
sold_analysis.insights[].evidence.delta	editorial_ai		4/300	float/int
sold_analysis.insights[].evidence.dom	editorial_ai		3/300	int
sold_analysis.insights[].evidence.dom_median	editorial_ai		3/300	float
sold_analysis.insights[].evidence.median	editorial_ai		4/300	float/int
sold_analysis.insights[].evidence.n	editorial_ai		4/300	int
sold_analysis.insights[].evidence.percentile	editorial_ai		4/300	int
sold_analysis.insights[].evidence.price	editorial_ai		4/300	int
sold_analysis.insights[].evidence.segment	editorial_ai		4/300	str
sold_analysis.insights[].text	editorial_ai		7/300	str
sold_analysis.insights[].tier	editorial_ai		7/300	int
sold_analysis.insights[].type	editorial_ai		7/300	str
sold_analysis.source_hash	transactions_history		7/300	str
sold_analysis.sources	transactions_history		7/300	array[str]
sold_analysis.status	transactions_history		7/300	str
sold_analysis.summary	transactions_history		7/300	str
sold_analysis.version	transactions_history		7/300	int
sold_date	transactions_history		16/300	str
sold_detection_date	transactions_history		5/300	str
sold_fullres_at	transactions_history		7/300	str
sold_fullres_count	transactions_history		7/300	int
sold_fullres_localized	transactions_history		7/300	bool
sold_merge_date	transactions_history		4/300	datetime
sold_scrape_source	transactions_history		8/300	str
sold_source	transactions_history		4/300	str
sold_status	transactions_history		4/300	str
sold_updated_at	transactions_history		8/300	str
source	other		17/300	str
source_for_sale_address	identity_location		1/300	str
state	other		1/300	str
street_address	identity_location		17/300	str
street_view_analysis	images_assets	street_view	1/300	object
street_view_analysis.categories	images_assets	street_view	1/300	object
street_view_analysis.categories.dwelling	images_assets	street_view	1/300	object
street_view_analysis.categories.dwelling.approximate_build_era	images_assets	street_view	1/300	str
street_view_analysis.categories.dwelling.condition_impression	images_assets	street_view	1/300	str
street_view_analysis.categories.dwelling.estimated_bedrooms	physical_attributes		1/300	str
street_view_analysis.categories.dwelling.storeys	images_assets	street_view	1/300	int
street_view_analysis.categories.dwelling.style	images_assets	street_view	1/300	str
street_view_analysis.categories.exterior	images_assets	street_view	1/300	object
street_view_analysis.categories.exterior.primary_cladding	images_assets	street_view	1/300	str
street_view_analysis.categories.exterior.roof_condition	images_assets	street_view	1/300	str
street_view_analysis.categories.exterior.roof_type	images_assets	street_view	1/300	str
street_view_analysis.categories.frontage	images_assets	street_view	1/300	object
street_view_analysis.categories.frontage.entry	images_assets	street_view	1/300	str
street_view_analysis.categories.frontage.fencing	images_assets	street_view	1/300	str
street_view_analysis.categories.frontage.front_yard	images_assets	street_view	1/300	str
street_view_analysis.categories.frontage.porch_or_verandah	images_assets	street_view	1/300	str
street_view_analysis.categories.parking	physical_attributes		1/300	object
street_view_analysis.categories.parking.driveway	physical_attributes		1/300	str
street_view_analysis.categories.parking.garage	physical_attributes		1/300	str
street_view_analysis.categories.street_context	images_assets	street_view	1/300	object
street_view_analysis.categories.street_context.kerb_appeal_relative_to_street	images_assets	street_view	1/300	str
street_view_analysis.categories.street_context.street_appeal	images_assets	street_view	1/300	str
street_view_analysis.categories.street_context.street_type	images_assets	street_view	1/300	str
street_view_analysis.fov	images_assets	street_view	1/300	int
street_view_analysis.model	images_assets	street_view	1/300	str
street_view_analysis.narrative	images_assets	street_view	1/300	object
street_view_analysis.narrative.buyer_appeal	images_assets	street_view	1/300	array[str]
street_view_analysis.narrative.frontage_description	images_assets	street_view	1/300	str
street_view_analysis.narrative.kerb_summary	images_assets	street_view	1/300	str
street_view_analysis.narrative.street_setting	images_assets	street_view	1/300	str
street_view_analysis.narrative.visible_trade_offs	images_assets	street_view	1/300	array[str]
street_view_analysis.pitch	images_assets	street_view	1/300	int
street_view_analysis.processed_at	images_assets	street_view	1/300	datetime
street_view_analysis.source	images_assets	street_view	1/300	str
street_view_analysis.street_view_image_url	images_assets	street_view	1/300	str
suburb	identity_location		18/300	str
target_market	market_metrics		101/300	bool
target_market_labeled_at	market_metrics		101/300	datetime
timeline_updated_at	pipeline_meta		54/300	datetime
total_floor_area	physical_attributes		12/300	float
transactions	transactions_history		7/300	array[object]
transactions[].date	transactions_history		7/300	str
transactions[].price	transactions_history		7/300	int
transactions[].source	transactions_history		7/300	str
transactions_source	transactions_history		1/300	str
transactions_updated	transactions_history		7/300	datetime
under_contract_detected_at	listing_scrape		3/300	str
under_contract_source_text	listing_scrape		3/300	str
unit_indexable	other		121/300	bool
unit_indexable_at	other		121/300	datetime
unit_indexable_reason	other		121/300	str
updated_at	other		25/300	datetime
url_slug	identity_location		300/300	str
valuation_data	valuation		150/300	object
valuation_data.adjusted_comparables	valuation		103/300	array[object]
valuation_data.adjusted_comparables[].address	identity_location		103/300	str
valuation_data.adjusted_comparables[].adjusted_price	valuation		103/300	int
valuation_data.adjusted_comparables[].adjustments	valuation		103/300	object
valuation_data.adjusted_comparables[].adjustments.ac_type	valuation		103/300	object
valuation_data.adjusted_comparables[].adjustments.ac_type.comp_value	valuation		103/300	int
valuation_data.adjusted_comparables[].adjustments.ac_type.diff	valuation		103/300	int
valuation_data.adjusted_comparables[].adjustments.ac_type.dollars	valuation		103/300	int
valuation_data.adjusted_comparables[].adjustments.ac_type.dollars_unshrunk	valuation		1/300	int
valuation_data.adjusted_comparables[].adjustments.ac_type.rate	valuation		103/300	int
valuation_data.adjusted_comparables[].adjustments.ac_type.subject_value	valuation		103/300	int
valuation_data.adjusted_comparables[].adjustments.bathrooms	physical_attributes		103/300	object
valuation_data.adjusted_comparables[].adjustments.bathrooms.comp_value	physical_attributes		103/300	int
valuation_data.adjusted_comparables[].adjustments.bathrooms.diff	physical_attributes		103/300	int
valuation_data.adjusted_comparables[].adjustments.bathrooms.dollars	physical_attributes		103/300	int
valuation_data.adjusted_comparables[].adjustments.bathrooms.dollars_unshrunk	physical_attributes		62/300	int
valuation_data.adjusted_comparables[].adjustments.bathrooms.rate	physical_attributes		103/300	int
valuation_data.adjusted_comparables[].adjustments.bathrooms.skipped	physical_attributes		14/300	bool
valuation_data.adjusted_comparables[].adjustments.bathrooms.subject_value	physical_attributes		103/300	int
valuation_data.adjusted_comparables[].adjustments.beach_proximity	valuation		103/300	object
valuation_data.adjusted_comparables[].adjustments.beach_proximity.comp_value	valuation		103/300	float
valuation_data.adjusted_comparables[].adjustments.beach_proximity.diff	valuation		103/300	float
valuation_data.adjusted_comparables[].adjustments.beach_proximity.dollars	valuation		103/300	int
valuation_data.adjusted_comparables[].adjustments.beach_proximity.dollars_unshrunk	valuation		103/300	int
valuation_data.adjusted_comparables[].adjustments.beach_proximity.rate	valuation		103/300	str
valuation_data.adjusted_comparables[].adjustments.beach_proximity.skipped	valuation		103/300	bool
valuation_data.adjusted_comparables[].adjustments.beach_proximity.subject_value	valuation		103/300	float
valuation_data.adjusted_comparables[].adjustments.bedrooms	physical_attributes		103/300	object
valuation_data.adjusted_comparables[].adjustments.bedrooms.comp_value	physical_attributes		103/300	int
valuation_data.adjusted_comparables[].adjustments.bedrooms.diff	physical_attributes		103/300	int
valuation_data.adjusted_comparables[].adjustments.bedrooms.dollars	physical_attributes		103/300	int
valuation_data.adjusted_comparables[].adjustments.bedrooms.dollars_unshrunk	physical_attributes		37/300	int
valuation_data.adjusted_comparables[].adjustments.bedrooms.rate	physical_attributes		103/300	int
valuation_data.adjusted_comparables[].adjustments.bedrooms.skipped	physical_attributes		9/300	bool
valuation_data.adjusted_comparables[].adjustments.bedrooms.subject_value	physical_attributes		103/300	int
valuation_data.adjusted_comparables[].adjustments.car_spaces	physical_attributes		103/300	object
valuation_data.adjusted_comparables[].adjustments.car_spaces.comp_value	physical_attributes		103/300	int
valuation_data.adjusted_comparables[].adjustments.car_spaces.diff	physical_attributes		103/300	int
valuation_data.adjusted_comparables[].adjustments.car_spaces.dollars	physical_attributes		103/300	int
valuation_data.adjusted_comparables[].adjustments.car_spaces.dollars_unshrunk	physical_attributes		22/300	int
valuation_data.adjusted_comparables[].adjustments.car_spaces.rate	physical_attributes		103/300	int
valuation_data.adjusted_comparables[].adjustments.car_spaces.skipped	physical_attributes		1/300	bool
valuation_data.adjusted_comparables[].adjustments.car_spaces.subject_value	physical_attributes		103/300	int
valuation_data.adjusted_comparables[].adjustments.cladding	valuation		103/300	object
valuation_data.adjusted_comparables[].adjustments.cladding.comp_value	valuation		103/300	int
valuation_data.adjusted_comparables[].adjustments.cladding.diff	valuation		103/300	int
valuation_data.adjusted_comparables[].adjustments.cladding.dollars	valuation		103/300	int
valuation_data.adjusted_comparables[].adjustments.cladding.dollars_unshrunk	valuation		48/300	int
valuation_data.adjusted_comparables[].adjustments.cladding.rate	valuation		103/300	int
valuation_data.adjusted_comparables[].adjustments.cladding.subject_value	valuation		103/300	int
valuation_data.adjusted_comparables[].adjustments.condition	valuation		103/300	object
valuation_data.adjusted_comparables[].adjustments.condition.comp_value	valuation		103/300	int
valuation_data.adjusted_comparables[].adjustments.condition.diff	valuation		103/300	int
valuation_data.adjusted_comparables[].adjustments.condition.dollars	valuation		103/300	int
valuation_data.adjusted_comparables[].adjustments.condition.dollars_unshrunk	valuation		39/300	int
valuation_data.adjusted_comparables[].adjustments.condition.prestige_rate	valuation		103/300	float
valuation_data.adjusted_comparables[].adjustments.condition.rate	valuation		103/300	float
valuation_data.adjusted_comparables[].adjustments.condition.subject_value	valuation		103/300	int
valuation_data.adjusted_comparables[].adjustments.floor_area	physical_attributes		103/300	object
valuation_data.adjusted_comparables[].adjustments.floor_area.comp_value	physical_attributes		103/300	float
valuation_data.adjusted_comparables[].adjustments.floor_area.diff	physical_attributes		103/300	float
valuation_data.adjusted_comparables[].adjustments.floor_area.dollars	physical_attributes		103/300	int
valuation_data.adjusted_comparables[].adjustments.floor_area.dollars_unshrunk	physical_attributes		102/300	int
valuation_data.adjusted_comparables[].adjustments.floor_area.rate	physical_attributes		103/300	int
valuation_data.adjusted_comparables[].adjustments.floor_area.subject_value	physical_attributes		103/300	float
valuation_data.adjusted_comparables[].adjustments.golf_course_backing	valuation		103/300	object
valuation_data.adjusted_comparables[].adjustments.golf_course_backing.comp_value	valuation		103/300	int
valuation_data.adjusted_comparables[].adjustments.golf_course_backing.diff	valuation		103/300	float
valuation_data.adjusted_comparables[].adjustments.golf_course_backing.dollars	valuation		103/300	int
valuation_data.adjusted_comparables[].adjustments.golf_course_backing.dollars_unshrunk	valuation		1/300	int
valuation_data.adjusted_comparables[].adjustments.golf_course_backing.rate	valuation		103/300	str
valuation_data.adjusted_comparables[].adjustments.golf_course_backing.skipped	valuation		103/300	bool
valuation_data.adjusted_comparables[].adjustments.golf_course_backing.subject_value	valuation		103/300	int
valuation_data.adjusted_comparables[].adjustments.kitchen	valuation		103/300	object
valuation_data.adjusted_comparables[].adjustments.kitchen.comp_value	valuation		103/300	int
valuation_data.adjusted_comparables[].adjustments.kitchen.diff	valuation		103/300	int
valuation_data.adjusted_comparables[].adjustments.kitchen.dollars	valuation		103/300	int
valuation_data.adjusted_comparables[].adjustments.kitchen.rate	valuation		103/300	int
valuation_data.adjusted_comparables[].adjustments.kitchen.retired	valuation		103/300	bool
valuation_data.adjusted_comparables[].adjustments.kitchen.retired_reason	valuation		103/300	str
valuation_data.adjusted_comparables[].adjustments.kitchen.subject_value	valuation		103/300	int
valuation_data.adjusted_comparables[].adjustments.land_size	physical_attributes		103/300	object
valuation_data.adjusted_comparables[].adjustments.land_size.comp_value	physical_attributes		103/300	float
valuation_data.adjusted_comparables[].adjustments.land_size.diff	physical_attributes		103/300	float/int
valuation_data.adjusted_comparables[].adjustments.land_size.dollars	physical_attributes		103/300	int
valuation_data.adjusted_comparables[].adjustments.land_size.dollars_unshrunk	physical_attributes		102/300	int
valuation_data.adjusted_comparables[].adjustments.land_size.rate	physical_attributes		103/300	int
valuation_data.adjusted_comparables[].adjustments.land_size.skipped	physical_attributes		1/300	bool
valuation_data.adjusted_comparables[].adjustments.land_size.subject_value	physical_attributes		103/300	float/int
valuation_data.adjusted_comparables[].adjustments.micro_location	valuation		103/300	object
valuation_data.adjusted_comparables[].adjustments.micro_location.comp_value	valuation		103/300	float
valuation_data.adjusted_comparables[].adjustments.micro_location.diff	valuation		103/300	float
valuation_data.adjusted_comparables[].adjustments.micro_location.dollars	valuation		103/300	int
valuation_data.adjusted_comparables[].adjustments.micro_location.dollars_unshrunk	valuation		103/300	int
valuation_data.adjusted_comparables[].adjustments.micro_location.rate	valuation		103/300	str
valuation_data.adjusted_comparables[].adjustments.micro_location.skipped	valuation		103/300	bool
valuation_data.adjusted_comparables[].adjustments.micro_location.subject_value	valuation		103/300	float
valuation_data.adjusted_comparables[].adjustments.pool	valuation		103/300	object
valuation_data.adjusted_comparables[].adjustments.pool.comp_value	valuation		103/300	bool/int
valuation_data.adjusted_comparables[].adjustments.pool.diff	valuation		103/300	int
valuation_data.adjusted_comparables[].adjustments.pool.dollars	valuation		103/300	int
valuation_data.adjusted_comparables[].adjustments.pool.dollars_unshrunk	valuation		24/300	int
valuation_data.adjusted_comparables[].adjustments.pool.rate	valuation		103/300	int
valuation_data.adjusted_comparables[].adjustments.pool.skipped	valuation		26/300	bool
valuation_data.adjusted_comparables[].adjustments.pool.subject_value	valuation		103/300	int/null
valuation_data.adjusted_comparables[].adjustments.property_age	valuation		103/300	object
valuation_data.adjusted_comparables[].adjustments.property_age.comp_value	valuation		103/300	int
valuation_data.adjusted_comparables[].adjustments.property_age.diff	valuation		103/300	int
valuation_data.adjusted_comparables[].adjustments.property_age.dollars	valuation		103/300	int
valuation_data.adjusted_comparables[].adjustments.property_age.dollars_unshrunk	valuation		72/300	int
valuation_data.adjusted_comparables[].adjustments.property_age.rate	valuation		103/300	int
valuation_data.adjusted_comparables[].adjustments.property_age.subject_value	valuation		103/300	int
valuation_data.adjusted_comparables[].adjustments.renovation	valuation		103/300	object
valuation_data.adjusted_comparables[].adjustments.renovation.comp_value	valuation		103/300	int
valuation_data.adjusted_comparables[].adjustments.renovation.diff	valuation		103/300	int
valuation_data.adjusted_comparables[].adjustments.renovation.dollars	valuation		103/300	int
valuation_data.adjusted_comparables[].adjustments.renovation.rate	valuation		103/300	int
valuation_data.adjusted_comparables[].adjustments.renovation.retired	valuation		103/300	bool
valuation_data.adjusted_comparables[].adjustments.renovation.retired_reason	valuation		103/300	str
valuation_data.adjusted_comparables[].adjustments.renovation.subject_value	valuation		103/300	int
valuation_data.adjusted_comparables[].adjustments.renovation_quality	valuation		103/300	object
valuation_data.adjusted_comparables[].adjustments.renovation_quality.comp_value	valuation		103/300	float/null
valuation_data.adjusted_comparables[].adjustments.renovation_quality.diff	valuation		103/300	float/int
valuation_data.adjusted_comparables[].adjustments.renovation_quality.dollars	valuation		103/300	int
valuation_data.adjusted_comparables[].adjustments.renovation_quality.rate	valuation		103/300	int
valuation_data.adjusted_comparables[].adjustments.renovation_quality.retired	valuation		103/300	bool
valuation_data.adjusted_comparables[].adjustments.renovation_quality.retired_reason	valuation		103/300	str
valuation_data.adjusted_comparables[].adjustments.renovation_quality.skipped	valuation		103/300	bool
valuation_data.adjusted_comparables[].adjustments.renovation_quality.subject_value	valuation		103/300	float/null
valuation_data.adjusted_comparables[].adjustments.stories	valuation		103/300	object
valuation_data.adjusted_comparables[].adjustments.stories.comp_value	valuation		103/300	int
valuation_data.adjusted_comparables[].adjustments.stories.diff	valuation		103/300	int
valuation_data.adjusted_comparables[].adjustments.stories.dollars	valuation		103/300	int
valuation_data.adjusted_comparables[].adjustments.stories.dollars_unshrunk	valuation		4/300	int
valuation_data.adjusted_comparables[].adjustments.stories.rate	valuation		103/300	int
valuation_data.adjusted_comparables[].adjustments.stories.subject_value	valuation		103/300	int
valuation_data.adjusted_comparables[].adjustments.street_premium	valuation		103/300	object
valuation_data.adjusted_comparables[].adjustments.street_premium.comp_value	valuation		103/300	float/null
valuation_data.adjusted_comparables[].adjustments.street_premium.diff	valuation		103/300	float
valuation_data.adjusted_comparables[].adjustments.street_premium.dollars	valuation		103/300	int
valuation_data.adjusted_comparables[].adjustments.street_premium.dollars_unshrunk	valuation		12/300	int
valuation_data.adjusted_comparables[].adjustments.street_premium.rate	valuation		103/300	str
valuation_data.adjusted_comparables[].adjustments.street_premium.skipped	valuation		103/300	bool
valuation_data.adjusted_comparables[].adjustments.street_premium.subject_value	valuation		103/300	float/null
valuation_data.adjusted_comparables[].adjustments.water_views	valuation		103/300	object
valuation_data.adjusted_comparables[].adjustments.water_views.comp_value	valuation		103/300	int
valuation_data.adjusted_comparables[].adjustments.water_views.diff	valuation		103/300	int
valuation_data.adjusted_comparables[].adjustments.water_views.dollars	valuation		103/300	int
valuation_data.adjusted_comparables[].adjustments.water_views.rate	valuation		103/300	int
valuation_data.adjusted_comparables[].adjustments.water_views.subject_value	valuation		103/300	int
valuation_data.adjusted_comparables[].distance_km	valuation		103/300	float
valuation_data.adjusted_comparables[].sale_date	valuation		103/300	str
valuation_data.adjusted_comparables[].sale_price	valuation		103/300	float
valuation_data.adjusted_comparables[].total_adjustment	valuation		103/300	int
valuation_data.adjusted_comparables[].total_adjustment_pct	valuation		103/300	float
valuation_data.adjusted_comparables[].verification	valuation		103/300	str
valuation_data.adjusted_comparables[].weight	valuation		103/300	float
valuation_data.adjustment_rates	valuation		108/300	object
valuation_data.adjustment_rates.rates	valuation		108/300	object
valuation_data.adjustment_rates.rates.condition_pct_per_point	valuation		108/300	float
valuation_data.adjustment_rates.rates.floor_per_sqm	valuation		108/300	int
valuation_data.adjustment_rates.rates.land_per_sqm	valuation		108/300	int
valuation_data.adjustment_rates.rates.n_rates_overridden	valuation		105/300	int
valuation_data.adjustment_rates.rates.per_ac_ducted	valuation		108/300	int
valuation_data.adjustment_rates.rates.per_bathroom	physical_attributes		108/300	int
valuation_data.adjustment_rates.rates.per_bedroom	physical_attributes		108/300	int
valuation_data.adjustment_rates.rates.per_car_space	physical_attributes		108/300	int
valuation_data.adjustment_rates.rates.per_cladding_level	valuation		108/300	int
valuation_data.adjustment_rates.rates.per_kitchen_point	valuation		108/300	int
valuation_data.adjustment_rates.rates.per_pool	valuation		108/300	int
valuation_data.adjustment_rates.rates.per_renovation_level	valuation		108/300	int
valuation_data.adjustment_rates.rates.per_renovation_quality_point	valuation		3/300	int
valuation_data.adjustment_rates.rates.per_storey	valuation		108/300	int
valuation_data.adjustment_rates.rates.per_water_view	valuation		108/300	int
valuation_data.adjustment_rates.rates.per_year_age	valuation		108/300	int
valuation_data.adjustment_rates.sample_size	valuation		108/300	int
valuation_data.adjustment_rates.source	valuation		108/300	str
valuation_data.chart_points	valuation		108/300	array[object]
valuation_data.chart_points[].id	valuation		108/300	str
valuation_data.chart_points[].label	valuation		108/300	str
valuation_data.chart_points[].npui	valuation		108/300	float
valuation_data.chart_points[].price	valuation		108/300	float
valuation_data.chart_points[].series	valuation		108/300	str
valuation_data.chart_points[].type	valuation		108/300	str
valuation_data.comparables	valuation		108/300	array[]/array[object]
valuation_data.comparables[]._data_quality_pct	valuation		1/300	float
valuation_data.comparables[].address	identity_location		1/300	str
valuation_data.comparables[].adjustment_result	valuation		1/300	object
valuation_data.comparables[].adjustment_result.adjusted_price	valuation		1/300	int
valuation_data.comparables[].adjustment_result.adjustments	valuation		1/300	object
valuation_data.comparables[].adjustment_result.adjustments.ac_type	valuation		1/300	object
valuation_data.comparables[].adjustment_result.adjustments.ac_type.comp_value	valuation		1/300	int
valuation_data.comparables[].adjustment_result.adjustments.ac_type.diff	valuation		1/300	int
valuation_data.comparables[].adjustment_result.adjustments.ac_type.dollars	valuation		1/300	int
valuation_data.comparables[].adjustment_result.adjustments.ac_type.rate	valuation		1/300	int
valuation_data.comparables[].adjustment_result.adjustments.ac_type.subject_value	valuation		1/300	int
valuation_data.comparables[].adjustment_result.adjustments.bathrooms	physical_attributes		1/300	object
valuation_data.comparables[].adjustment_result.adjustments.bathrooms.comp_value	physical_attributes		1/300	int
valuation_data.comparables[].adjustment_result.adjustments.bathrooms.diff	physical_attributes		1/300	int
valuation_data.comparables[].adjustment_result.adjustments.bathrooms.dollars	physical_attributes		1/300	int
valuation_data.comparables[].adjustment_result.adjustments.bathrooms.rate	physical_attributes		1/300	int
valuation_data.comparables[].adjustment_result.adjustments.bathrooms.subject_value	physical_attributes		1/300	int
valuation_data.comparables[].adjustment_result.adjustments.beach_proximity	valuation		1/300	object
valuation_data.comparables[].adjustment_result.adjustments.beach_proximity.comp_value	valuation		1/300	float
valuation_data.comparables[].adjustment_result.adjustments.beach_proximity.diff	valuation		1/300	float
valuation_data.comparables[].adjustment_result.adjustments.beach_proximity.dollars	valuation		1/300	int
valuation_data.comparables[].adjustment_result.adjustments.beach_proximity.rate	valuation		1/300	str
valuation_data.comparables[].adjustment_result.adjustments.beach_proximity.skipped	valuation		1/300	bool
valuation_data.comparables[].adjustment_result.adjustments.beach_proximity.subject_value	valuation		1/300	float
valuation_data.comparables[].adjustment_result.adjustments.bedrooms	physical_attributes		1/300	object
valuation_data.comparables[].adjustment_result.adjustments.bedrooms.comp_value	physical_attributes		1/300	int
valuation_data.comparables[].adjustment_result.adjustments.bedrooms.diff	physical_attributes		1/300	int
valuation_data.comparables[].adjustment_result.adjustments.bedrooms.dollars	physical_attributes		1/300	int
valuation_data.comparables[].adjustment_result.adjustments.bedrooms.rate	physical_attributes		1/300	int
valuation_data.comparables[].adjustment_result.adjustments.bedrooms.subject_value	physical_attributes		1/300	int
valuation_data.comparables[].adjustment_result.adjustments.car_spaces	physical_attributes		1/300	object
valuation_data.comparables[].adjustment_result.adjustments.car_spaces.comp_value	physical_attributes		1/300	int
valuation_data.comparables[].adjustment_result.adjustments.car_spaces.diff	physical_attributes		1/300	int
valuation_data.comparables[].adjustment_result.adjustments.car_spaces.dollars	physical_attributes		1/300	int
valuation_data.comparables[].adjustment_result.adjustments.car_spaces.rate	physical_attributes		1/300	int
valuation_data.comparables[].adjustment_result.adjustments.car_spaces.subject_value	physical_attributes		1/300	int
valuation_data.comparables[].adjustment_result.adjustments.cladding	valuation		1/300	object
valuation_data.comparables[].adjustment_result.adjustments.cladding.comp_value	valuation		1/300	int
valuation_data.comparables[].adjustment_result.adjustments.cladding.diff	valuation		1/300	int
valuation_data.comparables[].adjustment_result.adjustments.cladding.dollars	valuation		1/300	int
valuation_data.comparables[].adjustment_result.adjustments.cladding.rate	valuation		1/300	int
valuation_data.comparables[].adjustment_result.adjustments.cladding.subject_value	valuation		1/300	int
valuation_data.comparables[].adjustment_result.adjustments.condition	valuation		1/300	object
valuation_data.comparables[].adjustment_result.adjustments.condition.comp_value	valuation		1/300	int
valuation_data.comparables[].adjustment_result.adjustments.condition.diff	valuation		1/300	int
valuation_data.comparables[].adjustment_result.adjustments.condition.dollars	valuation		1/300	int
valuation_data.comparables[].adjustment_result.adjustments.condition.prestige_rate	valuation		1/300	float
valuation_data.comparables[].adjustment_result.adjustments.condition.rate	valuation		1/300	float
valuation_data.comparables[].adjustment_result.adjustments.condition.subject_value	valuation		1/300	int
valuation_data.comparables[].adjustment_result.adjustments.floor_area	physical_attributes		1/300	object
valuation_data.comparables[].adjustment_result.adjustments.floor_area.comp_value	physical_attributes		1/300	float
valuation_data.comparables[].adjustment_result.adjustments.floor_area.diff	physical_attributes		1/300	float
valuation_data.comparables[].adjustment_result.adjustments.floor_area.dollars	physical_attributes		1/300	int
valuation_data.comparables[].adjustment_result.adjustments.floor_area.rate	physical_attributes		1/300	int
valuation_data.comparables[].adjustment_result.adjustments.floor_area.subject_value	physical_attributes		1/300	float
valuation_data.comparables[].adjustment_result.adjustments.golf_course_backing	valuation		1/300	object
valuation_data.comparables[].adjustment_result.adjustments.golf_course_backing.comp_value	valuation		1/300	int
valuation_data.comparables[].adjustment_result.adjustments.golf_course_backing.diff	valuation		1/300	float
valuation_data.comparables[].adjustment_result.adjustments.golf_course_backing.dollars	valuation		1/300	int
valuation_data.comparables[].adjustment_result.adjustments.golf_course_backing.rate	valuation		1/300	str
valuation_data.comparables[].adjustment_result.adjustments.golf_course_backing.skipped	valuation		1/300	bool
valuation_data.comparables[].adjustment_result.adjustments.golf_course_backing.subject_value	valuation		1/300	int
valuation_data.comparables[].adjustment_result.adjustments.kitchen	valuation		1/300	object
valuation_data.comparables[].adjustment_result.adjustments.kitchen.comp_value	valuation		1/300	int
valuation_data.comparables[].adjustment_result.adjustments.kitchen.diff	valuation		1/300	int
valuation_data.comparables[].adjustment_result.adjustments.kitchen.dollars	valuation		1/300	int
valuation_data.comparables[].adjustment_result.adjustments.kitchen.rate	valuation		1/300	int
valuation_data.comparables[].adjustment_result.adjustments.kitchen.subject_value	valuation		1/300	int
valuation_data.comparables[].adjustment_result.adjustments.land_size	physical_attributes		1/300	object
valuation_data.comparables[].adjustment_result.adjustments.land_size.comp_value	physical_attributes		1/300	float
valuation_data.comparables[].adjustment_result.adjustments.land_size.diff	physical_attributes		1/300	float
valuation_data.comparables[].adjustment_result.adjustments.land_size.dollars	physical_attributes		1/300	int
valuation_data.comparables[].adjustment_result.adjustments.land_size.rate	physical_attributes		1/300	int
valuation_data.comparables[].adjustment_result.adjustments.land_size.subject_value	physical_attributes		1/300	float
valuation_data.comparables[].adjustment_result.adjustments.micro_location	valuation		1/300	object
valuation_data.comparables[].adjustment_result.adjustments.micro_location.comp_value	valuation		1/300	float
valuation_data.comparables[].adjustment_result.adjustments.micro_location.diff	valuation		1/300	float
valuation_data.comparables[].adjustment_result.adjustments.micro_location.dollars	valuation		1/300	int
valuation_data.comparables[].adjustment_result.adjustments.micro_location.rate	valuation		1/300	str
valuation_data.comparables[].adjustment_result.adjustments.micro_location.skipped	valuation		1/300	bool
valuation_data.comparables[].adjustment_result.adjustments.micro_location.subject_value	valuation		1/300	float
valuation_data.comparables[].adjustment_result.adjustments.pool	valuation		1/300	object
valuation_data.comparables[].adjustment_result.adjustments.pool.comp_value	valuation		1/300	int
valuation_data.comparables[].adjustment_result.adjustments.pool.diff	valuation		1/300	int
valuation_data.comparables[].adjustment_result.adjustments.pool.dollars	valuation		1/300	int
valuation_data.comparables[].adjustment_result.adjustments.pool.rate	valuation		1/300	int
valuation_data.comparables[].adjustment_result.adjustments.pool.subject_value	valuation		1/300	int
valuation_data.comparables[].adjustment_result.adjustments.property_age	valuation		1/300	object
valuation_data.comparables[].adjustment_result.adjustments.property_age.comp_value	valuation		1/300	int
valuation_data.comparables[].adjustment_result.adjustments.property_age.diff	valuation		1/300	int
valuation_data.comparables[].adjustment_result.adjustments.property_age.dollars	valuation		1/300	int
valuation_data.comparables[].adjustment_result.adjustments.property_age.rate	valuation		1/300	int
valuation_data.comparables[].adjustment_result.adjustments.property_age.subject_value	valuation		1/300	int
valuation_data.comparables[].adjustment_result.adjustments.renovation	valuation		1/300	object
valuation_data.comparables[].adjustment_result.adjustments.renovation.comp_value	valuation		1/300	int
valuation_data.comparables[].adjustment_result.adjustments.renovation.diff	valuation		1/300	int
valuation_data.comparables[].adjustment_result.adjustments.renovation.dollars	valuation		1/300	int
valuation_data.comparables[].adjustment_result.adjustments.renovation.rate	valuation		1/300	int
valuation_data.comparables[].adjustment_result.adjustments.renovation.subject_value	valuation		1/300	int
valuation_data.comparables[].adjustment_result.adjustments.renovation_quality	valuation		1/300	object
valuation_data.comparables[].adjustment_result.adjustments.renovation_quality.comp_value	valuation		1/300	float
valuation_data.comparables[].adjustment_result.adjustments.renovation_quality.diff	valuation		1/300	float
valuation_data.comparables[].adjustment_result.adjustments.renovation_quality.dollars	valuation		1/300	int
valuation_data.comparables[].adjustment_result.adjustments.renovation_quality.rate	valuation		1/300	int
valuation_data.comparables[].adjustment_result.adjustments.renovation_quality.skipped	valuation		1/300	bool
valuation_data.comparables[].adjustment_result.adjustments.renovation_quality.subject_value	valuation		1/300	float
valuation_data.comparables[].adjustment_result.adjustments.stories	valuation		1/300	object
valuation_data.comparables[].adjustment_result.adjustments.stories.comp_value	valuation		1/300	int
valuation_data.comparables[].adjustment_result.adjustments.stories.diff	valuation		1/300	int
valuation_data.comparables[].adjustment_result.adjustments.stories.dollars	valuation		1/300	int
valuation_data.comparables[].adjustment_result.adjustments.stories.rate	valuation		1/300	int
valuation_data.comparables[].adjustment_result.adjustments.stories.subject_value	valuation		1/300	int
valuation_data.comparables[].adjustment_result.adjustments.street_premium	valuation		1/300	object
valuation_data.comparables[].adjustment_result.adjustments.street_premium.comp_value	valuation		1/300	null
valuation_data.comparables[].adjustment_result.adjustments.street_premium.diff	valuation		1/300	float
valuation_data.comparables[].adjustment_result.adjustments.street_premium.dollars	valuation		1/300	int
valuation_data.comparables[].adjustment_result.adjustments.street_premium.rate	valuation		1/300	str
valuation_data.comparables[].adjustment_result.adjustments.street_premium.skipped	valuation		1/300	bool
valuation_data.comparables[].adjustment_result.adjustments.street_premium.subject_value	valuation		1/300	null
valuation_data.comparables[].adjustment_result.adjustments.water_views	valuation		1/300	object
valuation_data.comparables[].adjustment_result.adjustments.water_views.comp_value	valuation		1/300	int
valuation_data.comparables[].adjustment_result.adjustments.water_views.diff	valuation		1/300	int
valuation_data.comparables[].adjustment_result.adjustments.water_views.dollars	valuation		1/300	int
valuation_data.comparables[].adjustment_result.adjustments.water_views.rate	valuation		1/300	int
valuation_data.comparables[].adjustment_result.adjustments.water_views.subject_value	valuation		1/300	int
valuation_data.comparables[].adjustment_result.rates_source	valuation		1/300	str
valuation_data.comparables[].adjustment_result.total_adjustment	valuation		1/300	int
valuation_data.comparables[].adjustment_result.total_adjustment_pct	valuation		1/300	float
valuation_data.comparables[].distance_km	valuation		1/300	float
valuation_data.comparables[].features	valuation		1/300	object
valuation_data.comparables[].features.basic	valuation		1/300	object
valuation_data.comparables[].features.basic.ac_ducted	valuation		1/300	bool
valuation_data.comparables[].features.basic.approximate_build_year	valuation		1/300	int
valuation_data.comparables[].features.basic.bathrooms	physical_attributes		1/300	int
valuation_data.comparables[].features.basic.beach_distance_km	valuation		1/300	float
valuation_data.comparables[].features.basic.bedrooms	physical_attributes		1/300	int
valuation_data.comparables[].features.basic.car_spaces	physical_attributes		1/300	int
valuation_data.comparables[].features.basic.cladding_level	valuation		1/300	int
valuation_data.comparables[].features.basic.cladding_raw	valuation		1/300	str
valuation_data.comparables[].features.basic.floor_area_sqm	physical_attributes		1/300	float
valuation_data.comparables[].features.basic.kitchen_score	valuation		1/300	int
valuation_data.comparables[].features.basic.land_size_sqm	physical_attributes		1/300	float
valuation_data.comparables[].features.basic.number_of_stories	valuation		1/300	int
valuation_data.comparables[].features.basic.pool_present	valuation		1/300	bool
valuation_data.comparables[].features.basic.renovation_level	valuation		1/300	int
valuation_data.comparables[].features.basic.renovation_level_raw	valuation		1/300	str
valuation_data.comparables[].features.basic.renovation_quality_score	valuation		1/300	float
valuation_data.comparables[].features.basic.water_views	valuation		1/300	bool
valuation_data.comparables[].features.npui_breakdown	valuation		1/300	object
valuation_data.comparables[].features.npui_breakdown.inputs	valuation		1/300	object
valuation_data.comparables[].features.npui_breakdown.inputs.bathrooms	physical_attributes		1/300	int
valuation_data.comparables[].features.npui_breakdown.inputs.bedrooms	physical_attributes		1/300	int
valuation_data.comparables[].features.npui_breakdown.inputs.carspaces	physical_attributes		1/300	int
valuation_data.comparables[].features.npui_breakdown.inputs.exterior.overall_exterior_condition_score	valuation		1/300	int
valuation_data.comparables[].features.npui_breakdown.inputs.floor_area_sqm	physical_attributes		1/300	float
valuation_data.comparables[].features.npui_breakdown.inputs.interior.bathroom_quality_score	physical_attributes		1/300	float
valuation_data.comparables[].features.npui_breakdown.inputs.interior.kitchen_quality_score	valuation		1/300	int
valuation_data.comparables[].features.npui_breakdown.inputs.interior.natural_light_score	valuation		1/300	float
valuation_data.comparables[].features.npui_breakdown.inputs.interior.overall_interior_condition_score	valuation		1/300	int
valuation_data.comparables[].features.npui_breakdown.inputs.land_size_sqm	physical_attributes		1/300	float
valuation_data.comparables[].features.npui_breakdown.inputs.layout.layout_efficiency_score	valuation		1/300	int
valuation_data.comparables[].features.npui_breakdown.inputs.layout.number_of_living_areas	valuation		1/300	int
valuation_data.comparables[].features.npui_breakdown.inputs.outdoor.fence_condition_score	valuation		1/300	int
valuation_data.comparables[].features.npui_breakdown.inputs.outdoor.landscaping_quality_score	valuation		1/300	int
valuation_data.comparables[].features.npui_breakdown.inputs.outdoor.outdoor_entertainment_score	valuation		1/300	int
valuation_data.comparables[].features.npui_breakdown.inputs.renovation.modern_features_score	valuation		1/300	int
valuation_data.comparables[].features.npui_breakdown.npui	valuation		1/300	float
valuation_data.comparables[].features.npui_breakdown.null_fields	valuation		1/300	array[]
valuation_data.comparables[].features.npui_breakdown.raw_utility	valuation		1/300	float
valuation_data.comparables[].id	valuation		1/300	str
valuation_data.comparables[].images	valuation		1/300	array[str]
valuation_data.comparables[].included_in_valuation	valuation		1/300	bool
valuation_data.comparables[].independent_valuation	valuation		1/300	int
valuation_data.comparables[].narrative	valuation		1/300	str
valuation_data.comparables[].price	valuation		1/300	float
valuation_data.comparables[].series	valuation		1/300	str
valuation_data.comparables[].utility_index	valuation		1/300	float
valuation_data.comparables[].valuation_price	valuation		1/300	null
valuation_data.comparables[].verification	valuation		1/300	object
valuation_data.comparables[].verification.accuracy_pct	valuation		1/300	float
valuation_data.comparables[].verification.checks_passed	valuation		1/300	bool
valuation_data.comparables[].verification.data_quality_pct	valuation		1/300	float
valuation_data.comparables[].verification.is_verified	valuation		1/300	bool
valuation_data.comparables[].verification.issues	valuation		1/300	array[str]
valuation_data.comparables[].verification.npui_accuracy_pct	valuation		1/300	float
valuation_data.comparables[].verification.status	valuation		1/300	str
valuation_data.comparables[].verification.z_score	valuation		1/300	float
valuation_data.comparables[].weight	valuation		1/300	object
valuation_data.comparables[].weight.factors	valuation		1/300	object
valuation_data.comparables[].weight.factors.adjusted_accuracy	valuation		1/300	float
valuation_data.comparables[].weight.factors.adjustment_quality	valuation		1/300	float
valuation_data.comparables[].weight.factors.data_quality	valuation		1/300	float
valuation_data.comparables[].weight.factors.proximity	valuation		1/300	float
valuation_data.comparables[].weight.factors.recency	valuation		1/300	float
valuation_data.comparables[].weight.factors.verification	valuation		1/300	float
valuation_data.comparables[].weight.normalized	valuation		1/300	float
valuation_data.comparables[].weight.raw_weight	valuation		1/300	float
valuation_data.computed_at	valuation		150/300	datetime
valuation_data.confidence	valuation		150/300	object
valuation_data.confidence.confidence	valuation		150/300	str
valuation_data.confidence.cv	valuation		108/300	float/null
valuation_data.confidence.directional_only	valuation		6/300	bool
valuation_data.confidence.directional_reason	valuation		6/300	str
valuation_data.confidence.exclusion_reason	valuation		42/300	str
valuation_data.confidence.n_total	valuation		150/300	int
valuation_data.confidence.n_verified	valuation		150/300	int
valuation_data.confidence.range	valuation		150/300	null/object
valuation_data.confidence.range.high	valuation		100/300	int
valuation_data.confidence.range.low	valuation		100/300	int
valuation_data.confidence.range_basis	valuation		103/300	object
valuation_data.confidence.range_basis.half_width_pct	valuation		103/300	float
valuation_data.confidence.range_basis.kind	valuation		103/300	str
valuation_data.confidence.range_basis.measured_on	valuation		103/300	str
valuation_data.confidence.range_basis.n_sales	valuation		103/300	int
valuation_data.confidence.range_basis.note	valuation		103/300	str
valuation_data.confidence.range_basis.suburb	identity_location		103/300	str
valuation_data.confidence.reconciled_valuation	valuation		150/300	int/null
valuation_data.confidence.std_dev	valuation		108/300	int/null
valuation_data.confidence.suburb_calibration	identity_location		103/300	object
valuation_data.confidence.suburb_calibration.factor	identity_location		103/300	float
valuation_data.confidence.suburb_calibration.measured_on	identity_location		103/300	str
valuation_data.confidence.suburb_calibration.reason	identity_location		103/300	str
valuation_data.confidence.suburb_calibration.suburb	identity_location		103/300	str
valuation_data.location_factors	valuation		108/300	object
valuation_data.location_factors.golf_course_backing	valuation		108/300	bool
valuation_data.location_factors.golf_course_confidence	valuation		108/300	str
valuation_data.location_factors.golf_course_premium_applied	valuation		108/300	float/int
valuation_data.location_factors.golf_course_reason	valuation		108/300	str
valuation_data.metadata	valuation		150/300	object
valuation_data.metadata.computation_time_ms	valuation		13/300	int
valuation_data.metadata.directional_only	valuation		108/300	bool
valuation_data.metadata.gaps_version	valuation		150/300	int
valuation_data.metadata.generated_at	valuation		150/300	int
valuation_data.metadata.input_fingerprint	valuation		4/300	str
valuation_data.metadata.parameters	valuation		150/300	object
valuation_data.metadata.parameters.address	identity_location		150/300	str
valuation_data.recent_sales	valuation		108/300	array[]/array[object]
valuation_data.recent_sales[]._data_quality_pct	valuation		106/300	float
valuation_data.recent_sales[].address	identity_location		106/300	str
valuation_data.recent_sales[].adjustment_result	valuation		106/300	object
valuation_data.recent_sales[].adjustment_result.adjusted_price	valuation		106/300	int
valuation_data.recent_sales[].adjustment_result.adjustments	valuation		106/300	object
valuation_data.recent_sales[].adjustment_result.adjustments.ac_type	valuation		106/300	object
valuation_data.recent_sales[].adjustment_result.adjustments.ac_type.comp_value	valuation		106/300	int
valuation_data.recent_sales[].adjustment_result.adjustments.ac_type.diff	valuation		106/300	int
valuation_data.recent_sales[].adjustment_result.adjustments.ac_type.dollars	valuation		106/300	int
valuation_data.recent_sales[].adjustment_result.adjustments.ac_type.dollars_unshrunk	valuation		1/300	int
valuation_data.recent_sales[].adjustment_result.adjustments.ac_type.rate	valuation		106/300	int
valuation_data.recent_sales[].adjustment_result.adjustments.ac_type.subject_value	valuation		106/300	int
valuation_data.recent_sales[].adjustment_result.adjustments.bathrooms	physical_attributes		106/300	object
valuation_data.recent_sales[].adjustment_result.adjustments.bathrooms.comp_value	physical_attributes		106/300	int
valuation_data.recent_sales[].adjustment_result.adjustments.bathrooms.diff	physical_attributes		106/300	int
valuation_data.recent_sales[].adjustment_result.adjustments.bathrooms.dollars	physical_attributes		106/300	int
valuation_data.recent_sales[].adjustment_result.adjustments.bathrooms.dollars_unshrunk	physical_attributes		76/300	int
valuation_data.recent_sales[].adjustment_result.adjustments.bathrooms.rate	physical_attributes		106/300	int
valuation_data.recent_sales[].adjustment_result.adjustments.bathrooms.skipped	physical_attributes		14/300	bool
valuation_data.recent_sales[].adjustment_result.adjustments.bathrooms.subject_value	physical_attributes		106/300	int
valuation_data.recent_sales[].adjustment_result.adjustments.beach_proximity	valuation		106/300	object
valuation_data.recent_sales[].adjustment_result.adjustments.beach_proximity.comp_value	valuation		106/300	float
valuation_data.recent_sales[].adjustment_result.adjustments.beach_proximity.diff	valuation		106/300	float
valuation_data.recent_sales[].adjustment_result.adjustments.beach_proximity.dollars	valuation		106/300	int
valuation_data.recent_sales[].adjustment_result.adjustments.beach_proximity.dollars_unshrunk	valuation		103/300	int
valuation_data.recent_sales[].adjustment_result.adjustments.beach_proximity.rate	valuation		106/300	str
valuation_data.recent_sales[].adjustment_result.adjustments.beach_proximity.skipped	valuation		106/300	bool
valuation_data.recent_sales[].adjustment_result.adjustments.beach_proximity.subject_value	valuation		106/300	float
valuation_data.recent_sales[].adjustment_result.adjustments.bedrooms	physical_attributes		106/300	object
valuation_data.recent_sales[].adjustment_result.adjustments.bedrooms.comp_value	physical_attributes		106/300	int
valuation_data.recent_sales[].adjustment_result.adjustments.bedrooms.diff	physical_attributes		106/300	int
valuation_data.recent_sales[].adjustment_result.adjustments.bedrooms.dollars	physical_attributes		106/300	int
valuation_data.recent_sales[].adjustment_result.adjustments.bedrooms.dollars_unshrunk	physical_attributes		46/300	int
valuation_data.recent_sales[].adjustment_result.adjustments.bedrooms.rate	physical_attributes		106/300	int
valuation_data.recent_sales[].adjustment_result.adjustments.bedrooms.skipped	physical_attributes		9/300	bool
valuation_data.recent_sales[].adjustment_result.adjustments.bedrooms.subject_value	physical_attributes		106/300	int
valuation_data.recent_sales[].adjustment_result.adjustments.car_spaces	physical_attributes		106/300	object
valuation_data.recent_sales[].adjustment_result.adjustments.car_spaces.comp_value	physical_attributes		106/300	int
valuation_data.recent_sales[].adjustment_result.adjustments.car_spaces.diff	physical_attributes		106/300	int
valuation_data.recent_sales[].adjustment_result.adjustments.car_spaces.dollars	physical_attributes		106/300	int
valuation_data.recent_sales[].adjustment_result.adjustments.car_spaces.dollars_unshrunk	physical_attributes		13/300	int
valuation_data.recent_sales[].adjustment_result.adjustments.car_spaces.rate	physical_attributes		106/300	int
valuation_data.recent_sales[].adjustment_result.adjustments.car_spaces.skipped	physical_attributes		1/300	bool
valuation_data.recent_sales[].adjustment_result.adjustments.car_spaces.subject_value	physical_attributes		106/300	int
valuation_data.recent_sales[].adjustment_result.adjustments.cladding	valuation		106/300	object
valuation_data.recent_sales[].adjustment_result.adjustments.cladding.comp_value	valuation		106/300	int
valuation_data.recent_sales[].adjustment_result.adjustments.cladding.diff	valuation		106/300	int
valuation_data.recent_sales[].adjustment_result.adjustments.cladding.dollars	valuation		106/300	int
valuation_data.recent_sales[].adjustment_result.adjustments.cladding.dollars_unshrunk	valuation		36/300	int
valuation_data.recent_sales[].adjustment_result.adjustments.cladding.rate	valuation		106/300	int
valuation_data.recent_sales[].adjustment_result.adjustments.cladding.subject_value	valuation		106/300	int
valuation_data.recent_sales[].adjustment_result.adjustments.condition	valuation		106/300	object
valuation_data.recent_sales[].adjustment_result.adjustments.condition.comp_value	valuation		106/300	int
valuation_data.recent_sales[].adjustment_result.adjustments.condition.diff	valuation		106/300	int
valuation_data.recent_sales[].adjustment_result.adjustments.condition.dollars	valuation		106/300	int
valuation_data.recent_sales[].adjustment_result.adjustments.condition.dollars_unshrunk	valuation		40/300	int
valuation_data.recent_sales[].adjustment_result.adjustments.condition.prestige_rate	valuation		106/300	float
valuation_data.recent_sales[].adjustment_result.adjustments.condition.rate	valuation		106/300	float
valuation_data.recent_sales[].adjustment_result.adjustments.condition.subject_value	valuation		106/300	int
valuation_data.recent_sales[].adjustment_result.adjustments.floor_area	physical_attributes		106/300	object
valuation_data.recent_sales[].adjustment_result.adjustments.floor_area.comp_value	physical_attributes		106/300	float
valuation_data.recent_sales[].adjustment_result.adjustments.floor_area.diff	physical_attributes		106/300	float
valuation_data.recent_sales[].adjustment_result.adjustments.floor_area.dollars	physical_attributes		106/300	int
valuation_data.recent_sales[].adjustment_result.adjustments.floor_area.dollars_unshrunk	physical_attributes		103/300	int
valuation_data.recent_sales[].adjustment_result.adjustments.floor_area.rate	physical_attributes		106/300	int
valuation_data.recent_sales[].adjustment_result.adjustments.floor_area.subject_value	physical_attributes		106/300	float
valuation_data.recent_sales[].adjustment_result.adjustments.golf_course_backing	valuation		106/300	object
valuation_data.recent_sales[].adjustment_result.adjustments.golf_course_backing.comp_value	valuation		106/300	int
valuation_data.recent_sales[].adjustment_result.adjustments.golf_course_backing.diff	valuation		106/300	float
valuation_data.recent_sales[].adjustment_result.adjustments.golf_course_backing.dollars	valuation		106/300	int
valuation_data.recent_sales[].adjustment_result.adjustments.golf_course_backing.dollars_unshrunk	valuation		1/300	int
valuation_data.recent_sales[].adjustment_result.adjustments.golf_course_backing.rate	valuation		106/300	str
valuation_data.recent_sales[].adjustment_result.adjustments.golf_course_backing.skipped	valuation		106/300	bool
valuation_data.recent_sales[].adjustment_result.adjustments.golf_course_backing.subject_value	valuation		106/300	int
valuation_data.recent_sales[].adjustment_result.adjustments.kitchen	valuation		106/300	object
valuation_data.recent_sales[].adjustment_result.adjustments.kitchen.comp_value	valuation		106/300	int
valuation_data.recent_sales[].adjustment_result.adjustments.kitchen.diff	valuation		106/300	int
valuation_data.recent_sales[].adjustment_result.adjustments.kitchen.dollars	valuation		106/300	int
valuation_data.recent_sales[].adjustment_result.adjustments.kitchen.rate	valuation		106/300	int
valuation_data.recent_sales[].adjustment_result.adjustments.kitchen.retired	valuation		103/300	bool
valuation_data.recent_sales[].adjustment_result.adjustments.kitchen.retired_reason	valuation		103/300	str
valuation_data.recent_sales[].adjustment_result.adjustments.kitchen.subject_value	valuation		106/300	int
valuation_data.recent_sales[].adjustment_result.adjustments.land_size	physical_attributes		106/300	object
valuation_data.recent_sales[].adjustment_result.adjustments.land_size.comp_value	physical_attributes		106/300	float
valuation_data.recent_sales[].adjustment_result.adjustments.land_size.diff	physical_attributes		106/300	float/int
valuation_data.recent_sales[].adjustment_result.adjustments.land_size.dollars	physical_attributes		106/300	int
valuation_data.recent_sales[].adjustment_result.adjustments.land_size.dollars_unshrunk	physical_attributes		102/300	int
valuation_data.recent_sales[].adjustment_result.adjustments.land_size.rate	physical_attributes		106/300	int
valuation_data.recent_sales[].adjustment_result.adjustments.land_size.skipped	physical_attributes		1/300	bool
valuation_data.recent_sales[].adjustment_result.adjustments.land_size.subject_value	physical_attributes		106/300	float/int
valuation_data.recent_sales[].adjustment_result.adjustments.micro_location	valuation		106/300	object
valuation_data.recent_sales[].adjustment_result.adjustments.micro_location.comp_value	valuation		106/300	float
valuation_data.recent_sales[].adjustment_result.adjustments.micro_location.diff	valuation		106/300	float
valuation_data.recent_sales[].adjustment_result.adjustments.micro_location.dollars	valuation		106/300	int
valuation_data.recent_sales[].adjustment_result.adjustments.micro_location.dollars_unshrunk	valuation		103/300	int
valuation_data.recent_sales[].adjustment_result.adjustments.micro_location.rate	valuation		106/300	str
valuation_data.recent_sales[].adjustment_result.adjustments.micro_location.skipped	valuation		106/300	bool
valuation_data.recent_sales[].adjustment_result.adjustments.micro_location.subject_value	valuation		106/300	float
valuation_data.recent_sales[].adjustment_result.adjustments.pool	valuation		106/300	object
valuation_data.recent_sales[].adjustment_result.adjustments.pool.comp_value	valuation		106/300	bool/int
valuation_data.recent_sales[].adjustment_result.adjustments.pool.diff	valuation		106/300	int
valuation_data.recent_sales[].adjustment_result.adjustments.pool.dollars	valuation		106/300	int
valuation_data.recent_sales[].adjustment_result.adjustments.pool.dollars_unshrunk	valuation		34/300	int
valuation_data.recent_sales[].adjustment_result.adjustments.pool.rate	valuation		106/300	int
valuation_data.recent_sales[].adjustment_result.adjustments.pool.skipped	valuation		26/300	bool
valuation_data.recent_sales[].adjustment_result.adjustments.pool.subject_value	valuation		106/300	int/null
valuation_data.recent_sales[].adjustment_result.adjustments.property_age	valuation		106/300	object
valuation_data.recent_sales[].adjustment_result.adjustments.property_age.comp_value	valuation		106/300	int
valuation_data.recent_sales[].adjustment_result.adjustments.property_age.diff	valuation		106/300	int
valuation_data.recent_sales[].adjustment_result.adjustments.property_age.dollars	valuation		106/300	int
valuation_data.recent_sales[].adjustment_result.adjustments.property_age.dollars_unshrunk	valuation		75/300	int
valuation_data.recent_sales[].adjustment_result.adjustments.property_age.rate	valuation		106/300	int
valuation_data.recent_sales[].adjustment_result.adjustments.property_age.subject_value	valuation		106/300	int
valuation_data.recent_sales[].adjustment_result.adjustments.renovation	valuation		106/300	object
valuation_data.recent_sales[].adjustment_result.adjustments.renovation.comp_value	valuation		106/300	int
valuation_data.recent_sales[].adjustment_result.adjustments.renovation.diff	valuation		106/300	int
valuation_data.recent_sales[].adjustment_result.adjustments.renovation.dollars	valuation		106/300	int
valuation_data.recent_sales[].adjustment_result.adjustments.renovation.rate	valuation		106/300	int
valuation_data.recent_sales[].adjustment_result.adjustments.renovation.retired	valuation		103/300	bool
valuation_data.recent_sales[].adjustment_result.adjustments.renovation.retired_reason	valuation		103/300	str
valuation_data.recent_sales[].adjustment_result.adjustments.renovation.subject_value	valuation		106/300	int
valuation_data.recent_sales[].adjustment_result.adjustments.renovation_quality	valuation		106/300	object
valuation_data.recent_sales[].adjustment_result.adjustments.renovation_quality.comp_value	valuation		106/300	float
valuation_data.recent_sales[].adjustment_result.adjustments.renovation_quality.diff	valuation		106/300	float/int
valuation_data.recent_sales[].adjustment_result.adjustments.renovation_quality.dollars	valuation		106/300	int
valuation_data.recent_sales[].adjustment_result.adjustments.renovation_quality.rate	valuation		106/300	int
valuation_data.recent_sales[].adjustment_result.adjustments.renovation_quality.retired	valuation		103/300	bool
valuation_data.recent_sales[].adjustment_result.adjustments.renovation_quality.retired_reason	valuation		103/300	str
valuation_data.recent_sales[].adjustment_result.adjustments.renovation_quality.skipped	valuation		106/300	bool
valuation_data.recent_sales[].adjustment_result.adjustments.renovation_quality.subject_value	valuation		106/300	float/null
valuation_data.recent_sales[].adjustment_result.adjustments.stories	valuation		106/300	object
valuation_data.recent_sales[].adjustment_result.adjustments.stories.comp_value	valuation		106/300	int
valuation_data.recent_sales[].adjustment_result.adjustments.stories.diff	valuation		106/300	int
valuation_data.recent_sales[].adjustment_result.adjustments.stories.dollars	valuation		106/300	int
valuation_data.recent_sales[].adjustment_result.adjustments.stories.dollars_unshrunk	valuation		4/300	int
valuation_data.recent_sales[].adjustment_result.adjustments.stories.rate	valuation		106/300	int
valuation_data.recent_sales[].adjustment_result.adjustments.stories.subject_value	valuation		106/300	int
valuation_data.recent_sales[].adjustment_result.adjustments.street_premium	valuation		106/300	object
valuation_data.recent_sales[].adjustment_result.adjustments.street_premium.comp_value	valuation		106/300	float/null
valuation_data.recent_sales[].adjustment_result.adjustments.street_premium.diff	valuation		106/300	float
valuation_data.recent_sales[].adjustment_result.adjustments.street_premium.dollars	valuation		106/300	int
valuation_data.recent_sales[].adjustment_result.adjustments.street_premium.dollars_unshrunk	valuation		3/300	int
valuation_data.recent_sales[].adjustment_result.adjustments.street_premium.rate	valuation		106/300	str
valuation_data.recent_sales[].adjustment_result.adjustments.street_premium.skipped	valuation		106/300	bool
valuation_data.recent_sales[].adjustment_result.adjustments.street_premium.subject_value	valuation		106/300	float/null
valuation_data.recent_sales[].adjustment_result.adjustments.water_views	valuation		106/300	object
valuation_data.recent_sales[].adjustment_result.adjustments.water_views.comp_value	valuation		106/300	int
valuation_data.recent_sales[].adjustment_result.adjustments.water_views.diff	valuation		106/300	int
valuation_data.recent_sales[].adjustment_result.adjustments.water_views.dollars	valuation		106/300	int
valuation_data.recent_sales[].adjustment_result.adjustments.water_views.rate	valuation		106/300	int
valuation_data.recent_sales[].adjustment_result.adjustments.water_views.subject_value	valuation		106/300	int
valuation_data.recent_sales[].adjustment_result.rates_source	valuation		106/300	str
valuation_data.recent_sales[].adjustment_result.reliability_applied	valuation		103/300	float
valuation_data.recent_sales[].adjustment_result.total_adjustment	valuation		106/300	int
valuation_data.recent_sales[].adjustment_result.total_adjustment_pct	valuation		106/300	float
valuation_data.recent_sales[].adjustment_result.total_adjustment_unshrunk	valuation		103/300	int
valuation_data.recent_sales[].distance_km	valuation		106/300	float
valuation_data.recent_sales[].features	valuation		106/300	object
valuation_data.recent_sales[].features.basic	valuation		106/300	object
valuation_data.recent_sales[].features.basic.ac_ducted	valuation		106/300	bool
valuation_data.recent_sales[].features.basic.approximate_build_year	valuation		106/300	int
valuation_data.recent_sales[].features.basic.bathrooms	physical_attributes		106/300	int
valuation_data.recent_sales[].features.basic.beach_distance_km	valuation		106/300	float
valuation_data.recent_sales[].features.basic.bedrooms	physical_attributes		106/300	int
valuation_data.recent_sales[].features.basic.car_spaces	physical_attributes		106/300	int
valuation_data.recent_sales[].features.basic.cladding_level	valuation		106/300	int
valuation_data.recent_sales[].features.basic.cladding_raw	valuation		106/300	null/str
valuation_data.recent_sales[].features.basic.floor_area_sqm	physical_attributes		106/300	float
valuation_data.recent_sales[].features.basic.kitchen_score	valuation		106/300	int
valuation_data.recent_sales[].features.basic.land_size_sqm	physical_attributes		106/300	float
valuation_data.recent_sales[].features.basic.number_of_stories	valuation		106/300	int
valuation_data.recent_sales[].features.basic.pool_present	valuation		106/300	bool
valuation_data.recent_sales[].features.basic.renovation_level	valuation		106/300	int
valuation_data.recent_sales[].features.basic.renovation_level_raw	valuation		106/300	str
valuation_data.recent_sales[].features.basic.renovation_quality_score	valuation		106/300	float
valuation_data.recent_sales[].features.basic.water_views	valuation		106/300	bool
valuation_data.recent_sales[].features.npui_breakdown	valuation		106/300	object
valuation_data.recent_sales[].features.npui_breakdown.inputs	valuation		106/300	object
valuation_data.recent_sales[].features.npui_breakdown.inputs.bathrooms	physical_attributes		106/300	int
valuation_data.recent_sales[].features.npui_breakdown.inputs.bedrooms	physical_attributes		106/300	int
valuation_data.recent_sales[].features.npui_breakdown.inputs.carspaces	physical_attributes		106/300	int
valuation_data.recent_sales[].features.npui_breakdown.inputs.exterior.overall_exterior_condition_score	valuation		106/300	int
valuation_data.recent_sales[].features.npui_breakdown.inputs.floor_area_sqm	physical_attributes		106/300	float
valuation_data.recent_sales[].features.npui_breakdown.inputs.interior.bathroom_quality_score	physical_attributes		105/300	float
valuation_data.recent_sales[].features.npui_breakdown.inputs.interior.kitchen_quality_score	valuation		106/300	int
valuation_data.recent_sales[].features.npui_breakdown.inputs.interior.natural_light_score	valuation		106/300	float
valuation_data.recent_sales[].features.npui_breakdown.inputs.interior.overall_interior_condition_score	valuation		106/300	int
valuation_data.recent_sales[].features.npui_breakdown.inputs.land_size_sqm	physical_attributes		106/300	float
valuation_data.recent_sales[].features.npui_breakdown.inputs.layout.layout_efficiency_score	valuation		106/300	int
valuation_data.recent_sales[].features.npui_breakdown.inputs.layout.number_of_living_areas	valuation		106/300	int
valuation_data.recent_sales[].features.npui_breakdown.inputs.outdoor.fence_condition_score	valuation		105/300	int
valuation_data.recent_sales[].features.npui_breakdown.inputs.outdoor.landscaping_quality_score	valuation		106/300	int
valuation_data.recent_sales[].features.npui_breakdown.inputs.outdoor.outdoor_entertainment_score	valuation		106/300	int
valuation_data.recent_sales[].features.npui_breakdown.inputs.renovation.modern_features_score	valuation		106/300	int
valuation_data.recent_sales[].features.npui_breakdown.npui	valuation		106/300	float
valuation_data.recent_sales[].features.npui_breakdown.null_fields	valuation		106/300	array[]/array[str]
valuation_data.recent_sales[].features.npui_breakdown.raw_utility	valuation		106/300	float
valuation_data.recent_sales[].id	valuation		106/300	str
valuation_data.recent_sales[].images	valuation		106/300	array[str]
valuation_data.recent_sales[].included_in_valuation	valuation		106/300	bool
valuation_data.recent_sales[].independent_valuation	valuation		106/300	int
valuation_data.recent_sales[].narrative	valuation		106/300	str
valuation_data.recent_sales[].original_sale_price	valuation		106/300	float/null
valuation_data.recent_sales[].price	valuation		106/300	float/int
valuation_data.recent_sales[].sale_date	valuation		106/300	int
valuation_data.recent_sales[].series	valuation		106/300	str
valuation_data.recent_sales[].time_adjustment	valuation		106/300	null/object
valuation_data.recent_sales[].time_adjustment.adjusted_price	valuation		4/300	int
valuation_data.recent_sales[].time_adjustment.applied	valuation		104/300	bool
valuation_data.recent_sales[].time_adjustment.current_quarter	valuation		104/300	str
valuation_data.recent_sales[].time_adjustment.current_quarter_median	valuation		4/300	int
valuation_data.recent_sales[].time_adjustment.growth_factor	valuation		4/300	float
valuation_data.recent_sales[].time_adjustment.original_price	valuation		4/300	float
valuation_data.recent_sales[].time_adjustment.reason	valuation		100/300	str
valuation_data.recent_sales[].time_adjustment.sale_quarter	valuation		104/300	str
valuation_data.recent_sales[].time_adjustment.sale_quarter_median	valuation		4/300	int
valuation_data.recent_sales[].utility_index	valuation		106/300	float
valuation_data.recent_sales[].valuation_price	valuation		106/300	null
valuation_data.recent_sales[].verification	valuation		106/300	object
valuation_data.recent_sales[].verification.accuracy_pct	valuation		106/300	float
valuation_data.recent_sales[].verification.checks_passed	valuation		106/300	bool
valuation_data.recent_sales[].verification.data_quality_pct	valuation		106/300	float
valuation_data.recent_sales[].verification.is_verified	valuation		106/300	bool
valuation_data.recent_sales[].verification.issues	valuation		106/300	array[str]
valuation_data.recent_sales[].verification.npui_accuracy_pct	valuation		106/300	float
valuation_data.recent_sales[].verification.status	valuation		106/300	str
valuation_data.recent_sales[].verification.z_score	valuation		106/300	float
valuation_data.recent_sales[].weight	valuation		106/300	object
valuation_data.recent_sales[].weight.factors	valuation		106/300	object
valuation_data.recent_sales[].weight.factors.adjusted_accuracy	valuation		106/300	float/int
valuation_data.recent_sales[].weight.factors.adjustment_quality	valuation		106/300	float
valuation_data.recent_sales[].weight.factors.data_quality	valuation		106/300	float
valuation_data.recent_sales[].weight.factors.proximity	valuation		106/300	float
valuation_data.recent_sales[].weight.factors.recency	valuation		106/300	float
valuation_data.recent_sales[].weight.factors.verification	valuation		106/300	float
valuation_data.recent_sales[].weight.normalized	valuation		106/300	float
valuation_data.recent_sales[].weight.raw_weight	valuation		106/300	float
valuation_data.regression_line	valuation		108/300	object
valuation_data.regression_line.intercept	valuation		108/300	float/null
valuation_data.regression_line.slope	valuation		108/300	float/null
valuation_data.subject_property	valuation		108/300	object
valuation_data.subject_property.address	identity_location		108/300	str
valuation_data.subject_property.distance_km	valuation		108/300	null
valuation_data.subject_property.features	valuation		108/300	object
valuation_data.subject_property.features.basic	valuation		108/300	object
valuation_data.subject_property.features.basic.ac_ducted	valuation		108/300	bool
valuation_data.subject_property.features.basic.approximate_build_year	valuation		108/300	int/null
valuation_data.subject_property.features.basic.bathrooms	physical_attributes		108/300	int/null
valuation_data.subject_property.features.basic.beach_distance_km	valuation		108/300	float
valuation_data.subject_property.features.basic.bedrooms	physical_attributes		108/300	int/null
valuation_data.subject_property.features.basic.car_spaces	physical_attributes		108/300	int/null
valuation_data.subject_property.features.basic.cladding_level	valuation		108/300	int
valuation_data.subject_property.features.basic.cladding_raw	valuation		108/300	null/str
valuation_data.subject_property.features.basic.floor_area_sqm	physical_attributes		108/300	float
valuation_data.subject_property.features.basic.kitchen_score	valuation		108/300	int/null
valuation_data.subject_property.features.basic.land_size_sqm	physical_attributes		108/300	float/null
valuation_data.subject_property.features.basic.micro_location_premium_pct	valuation		108/300	float
valuation_data.subject_property.features.basic.number_of_stories	valuation		108/300	int/null
valuation_data.subject_property.features.basic.pool_present	valuation		108/300	bool/null
valuation_data.subject_property.features.basic.renovation_level	valuation		108/300	int
valuation_data.subject_property.features.basic.renovation_level_raw	valuation		108/300	null/str
valuation_data.subject_property.features.basic.renovation_quality_score	valuation		108/300	float/null
valuation_data.subject_property.features.basic.street_premium_pct	valuation		108/300	float/null
valuation_data.subject_property.features.basic.water_views	valuation		108/300	bool
valuation_data.subject_property.features.npui_breakdown	valuation		108/300	object
valuation_data.subject_property.features.npui_breakdown.inputs	valuation		108/300	object
valuation_data.subject_property.features.npui_breakdown.inputs.bathrooms	physical_attributes		94/300	int
valuation_data.subject_property.features.npui_breakdown.inputs.bedrooms	physical_attributes		99/300	int
valuation_data.subject_property.features.npui_breakdown.inputs.carspaces	physical_attributes		107/300	int
valuation_data.subject_property.features.npui_breakdown.inputs.exterior.overall_exterior_condition_score	valuation		81/300	int
valuation_data.subject_property.features.npui_breakdown.inputs.floor_area_sqm	physical_attributes		108/300	float
valuation_data.subject_property.features.npui_breakdown.inputs.interior.bathroom_quality_score	physical_attributes		54/300	float/int
valuation_data.subject_property.features.npui_breakdown.inputs.interior.kitchen_quality_score	valuation		56/300	int
valuation_data.subject_property.features.npui_breakdown.inputs.interior.natural_light_score	valuation		56/300	float/int
valuation_data.subject_property.features.npui_breakdown.inputs.interior.overall_interior_condition_score	valuation		57/300	int
valuation_data.subject_property.features.npui_breakdown.inputs.land_size_sqm	physical_attributes		107/300	float
valuation_data.subject_property.features.npui_breakdown.inputs.layout.layout_efficiency_score	valuation		108/300	int
valuation_data.subject_property.features.npui_breakdown.inputs.layout.number_of_living_areas	valuation		50/300	int
valuation_data.subject_property.features.npui_breakdown.inputs.outdoor.fence_condition_score	valuation		62/300	int
valuation_data.subject_property.features.npui_breakdown.inputs.outdoor.landscaping_quality_score	valuation		80/300	int
valuation_data.subject_property.features.npui_breakdown.inputs.outdoor.outdoor_entertainment_score	valuation		80/300	int
valuation_data.subject_property.features.npui_breakdown.inputs.renovation.modern_features_score	valuation		61/300	int
valuation_data.subject_property.features.npui_breakdown.npui	valuation		108/300	float
valuation_data.subject_property.features.npui_breakdown.null_fields	valuation		108/300	array[]/array[str]
valuation_data.subject_property.features.npui_breakdown.raw_utility	valuation		108/300	float
valuation_data.subject_property.id	valuation		108/300	str
valuation_data.subject_property.images	valuation		108/300	array[]/array[str]
valuation_data.subject_property.micro_location_evidence	valuation		106/300	object
valuation_data.subject_property.micro_location_evidence.applied_pct	valuation		106/300	float
valuation_data.subject_property.micro_location_evidence.n_sales	valuation		106/300	int
valuation_data.subject_property.micro_location_evidence.radius_km	valuation		106/300	float
valuation_data.subject_property.micro_location_evidence.suburb_median	identity_location		106/300	int
valuation_data.subject_property.price	valuation		108/300	float
valuation_data.subject_property.series	valuation		108/300	str
valuation_data.subject_property.street_evidence	valuation		106/300	null/object
valuation_data.subject_property.street_evidence.applied_pct	valuation		28/300	float
valuation_data.subject_property.street_evidence.cap_pct	valuation		28/300	float
valuation_data.subject_property.street_evidence.capped	valuation		28/300	bool
valuation_data.subject_property.street_evidence.damping	valuation		28/300	float
valuation_data.subject_property.street_evidence.n_sales	valuation		28/300	int
valuation_data.subject_property.street_evidence.raw_avg_pct	valuation		28/300	float
valuation_data.subject_property.street_evidence.sample_sales	valuation		28/300	array[object]
valuation_data.subject_property.street_evidence.sample_sales[].address	identity_location		28/300	str
valuation_data.subject_property.street_evidence.sample_sales[].pct_vs_median	valuation		28/300	float
valuation_data.subject_property.street_evidence.sample_sales[].sale_price	valuation		28/300	int
valuation_data.subject_property.street_evidence.sample_sales[].sold_date	valuation		28/300	str
valuation_data.subject_property.street_evidence.street_name	valuation		28/300	str
valuation_data.subject_property.street_evidence.suburb_median	identity_location		28/300	int
valuation_data.subject_property.utility_index	valuation		108/300	float
valuation_data.subject_property.valuation_price	valuation		108/300	float/null
valuation_data.summary	valuation		150/300	object
valuation_data.summary.directional_only	valuation		6/300	bool
valuation_data.summary.exclusion_reason	valuation		42/300	str
valuation_data.summary.insufficient_data	valuation		150/300	bool
valuation_data.summary.n_comps	valuation		150/300	int
valuation_data.summary.n_current_listings	valuation		150/300	int
valuation_data.summary.n_included_in_valuation	valuation		108/300	int
valuation_data.summary.n_recent_sales	valuation		150/300	int
valuation_data.summary.n_verified_included	valuation		108/300	int
valuation_data.summary.positioning	valuation		108/300	null/str
valuation_data.summary.value_gap_pct	valuation		108/300	float/null
valuation_data.valuation_breakdown	valuation		108/300	null/object
valuation_data.valuation_breakdown.blended_valuation	valuation		105/300	float
valuation_data.valuation_breakdown.comparable_sales	valuation		105/300	array[object]
valuation_data.valuation_breakdown.comparable_sales[].address	identity_location		105/300	str
valuation_data.valuation_breakdown.comparable_sales[].distance_km	valuation		105/300	float
valuation_data.valuation_breakdown.comparable_sales[].npui	valuation		105/300	float
valuation_data.valuation_breakdown.comparable_sales[].sale_date	valuation		105/300	str
valuation_data.valuation_breakdown.comparable_sales[].sale_price	valuation		105/300	float/int
valuation_data.valuation_breakdown.has_listing_price	valuation		105/300	bool
valuation_data.valuation_breakdown.model_valuation	valuation		105/300	float/null
valuation_data.valuation_breakdown.npui_average	valuation		105/300	float
valuation_data.valuation_breakdown.npui_median	valuation		105/300	float/int
vendor_discount_pct	other		3/300	float
watch_article_generated	other		2/300	bool
watch_article_generated_at	other		2/300	str
watch_article_path	other		2/300	str
waterfront_meta	other		3/300	object
waterfront_meta.borderline	other		3/300	bool
waterfront_meta.detected_at	other		3/300	str
waterfront_meta.detector	other		3/300	str
waterfront_meta.policy	other		3/300	str
waterfront_meta.reason	other		3/300	str
waterfront_meta.signals	other		3/300	object
waterfront_meta.signals.listing_text	other		2/300	str
waterfront_meta.signals.photo_vision	images_assets	facade_gallery	2/300	bool
waterfront_meta.signals.satellite_water_proximity	images_assets	satellite	3/300	object
waterfront_meta.signals.satellite_water_proximity.backs_onto	images_assets	satellite	3/300	array[str]
waterfront_meta.signals.satellite_water_proximity.water_proximity	images_assets	satellite	3/300	str
withdrawn_date	listing_scrape		4/300	str
withdrawn_detected_at	listing_scrape		4/300	str
withdrawn_last_checked_at	listing_scrape		6/300	str
year_built	other		138/300	int
year_built_source	pipeline_meta		138/300	object
year_built_source.fetched_at	pipeline_meta		138/300	str
year_built_source.matched	pipeline_meta		138/300	str
year_built_source.path	pipeline_meta		138/300	str
year_built_source.script	pipeline_meta		138/300	str
year_built_source.url	pipeline_meta		138/300	str
zoning_data	other		4/300	object
zoning_data.cadastral_area_sqm	images_assets	cadastral_street	3/300	float
zoning_data.coordinates_source	pipeline_meta		4/300	str
zoning_data.enriched_at	other		4/300	str
zoning_data.flood_designated_level_m	other		4/300	float/null
zoning_data.flood_floor_level_m	other		4/300	null
zoning_data.flood_freeboard_m	other		1/300	float
zoning_data.flood_ground_level_m	other		4/300	float
zoning_data.flood_overlay	other		4/300	bool
zoning_data.flood_risk_note	other		1/300	str
zoning_data.heritage_listed	other		4/300	bool
zoning_data.ica_flood_zones	other		4/300	object
zoning_data.ica_flood_zones.extremely_rare	other		4/300	bool
zoning_data.ica_flood_zones.frequent	other		4/300	bool
zoning_data.ica_flood_zones.infrequent_1pct	other		4/300	bool
zoning_data.ica_flood_zones.infrequent_5pct	other		4/300	bool
zoning_data.ica_flood_zones.rare	other		4/300	bool
zoning_data.in_any_ica_zone	other		4/300	bool
zoning_data.latitude	identity_location		4/300	float
zoning_data.longitude	identity_location		4/300	float
zoning_data.lot_plan	other		4/300	str
zoning_data.max_building_height_m	other		2/300	str
zoning_data.max_storeys	other		2/300	str
zoning_data.residential_density	other		1/300	str
zoning_data.zone	other		3/300	str
zoning_data.zone_detail	other		3/300	null
zoning_data.zone_precinct	other		3/300	str
ADDRESS_PID	identity_location		291/300	int
ADDRESS_STANDARD	identity_location		291/300	str
ADDRESS_STATUS	identity_location		291/300	str
DATUM	other		291/300	str
GEOCODE_TYPE	identity_location		291/300	str
LATITUDE	identity_location		291/300	float
LGA_CODE	other		291/300	int
LOCALITY	other		294/300	str
LOCAL_AUTHORITY	other		291/300	str
LONGITUDE	identity_location		291/300	float
LOT	other		291/300	str
LOTPLAN_STATUS	other		291/300	str
PLAN	other		291/300	str
POSTCODE	identity_location		294/300	str
POSTCODE_original_cadastral	identity_location		18/300	str
PROPERTY_NAME	other		291/300	null/str
STREET_NAME	other		291/300	str
STREET_NO_1	other		291/300	null/str
STREET_NO_1_SUFFIX	other		291/300	null/str
STREET_NO_2	other		291/300	null/str
STREET_NO_2_SUFFIX	other		291/300	null
STREET_SUFFIX	other		291/300	null
STREET_TYPE	other		291/300	str
UNIT_NUMBER	other		291/300	null/str
UNIT_SUFFIX	other		291/300	null
UNIT_TYPE	other		291/300	null/str
_id	identity_location		300/300	ObjectId
address	identity_location		171/300	str
aerial_boundary_at	images_assets	aerial	210/300	str
aerial_boundary_failed	images_assets	aerial	9/300	str
aerial_boundary_scope	images_assets	aerial	97/300	str
aerial_boundary_url	images_assets	aerial	210/300	str
agency	other		8/300	str
agency_name	other		10/300	str
agent_name	listing_scrape		17/300	str
agent_names	listing_scrape		8/300	array[str]
agents_description	listing_scrape		18/300	str
ai_analysis	editorial_ai		3/300	object
ai_analysis.alert_created_at	editorial_ai		3/300	str
ai_analysis.alerts	editorial_ai		3/300	array[str]
ai_analysis.headline	editorial_ai		3/300	str
ai_analysis.pre_suppression_status	editorial_ai		1/300	str
ai_analysis.status	editorial_ai		3/300	str
ai_analysis.suppressed_at	editorial_ai		1/300	str
ai_analysis.suppressed_reason	editorial_ai		3/300	str
apr01_recovery_at	other		218/300	datetime
apr01_recovery_source	pipeline_meta		218/300	str
bathrooms	physical_attributes		222/300	int
bathrooms_source	physical_attributes		48/300	object
bathrooms_source.backfilled_at	physical_attributes		28/300	str
bathrooms_source.fetched_at	physical_attributes		20/300	str
bathrooms_source.matched	physical_attributes		20/300	str
bathrooms_source.path	physical_attributes		48/300	str
bathrooms_source.script	physical_attributes		48/300	str
bathrooms_source.url	physical_attributes		20/300	str
beach_distance_enriched_at	other		2/300	datetime
bedrooms	physical_attributes		234/300	int
bedrooms_source	physical_attributes		58/300	object
bedrooms_source.backfilled_at	physical_attributes		38/300	str
bedrooms_source.fetched_at	physical_attributes		20/300	str
bedrooms_source.matched	physical_attributes		20/300	str
bedrooms_source.path	physical_attributes		58/300	str
bedrooms_source.script	physical_attributes		58/300	str
bedrooms_source.url	physical_attributes		20/300	str
cadastral_accuracy	images_assets	cadastral_street	128/300	str
cadastral_enriched_at	images_assets	cadastral_street	128/300	datetime
cadastral_photo_url	images_assets	cadastral_street	158/300	str
cadastral_photos_count	images_assets	cadastral_street	158/300	int
cadastral_photos_dir	images_assets	cadastral_street	158/300	str
cadastral_photos_downloaded_at	images_assets	cadastral_street	158/300	datetime
cadastral_photos_failed	images_assets	cadastral_street	158/300	int
cadastral_photos_total_bytes	images_assets	cadastral_street	158/300	int
cadastral_polygon	images_assets	cadastral_street	287/300	object
cadastral_polygon.boundary_scope	images_assets	aerial	174/300	str
cadastral_polygon.lot_area	images_assets	cadastral_street	10/300	float
cadastral_polygon.lot_area_sqm	images_assets	cadastral_street	277/300	float
cadastral_polygon.lotplan	images_assets	cadastral_street	287/300	str
cadastral_polygon.rings	images_assets	cadastral_street	287/300	array[array[array[float]]]
car_spaces	physical_attributes		236/300	int
car_spaces_source	physical_attributes		92/300	object
car_spaces_source.fetched_at	physical_attributes		92/300	str
car_spaces_source.matched	physical_attributes		92/300	str
car_spaces_source.path	physical_attributes		92/300	str
car_spaces_source.script	physical_attributes		92/300	str
car_spaces_source.url	physical_attributes		92/300	str
carspaces	physical_attributes		14/300	int
change_count	other		3/300	int
classification_confidence	valuation		8/300	float
classification_model	other		8/300	str
classification_reasoning	other		8/300	str
classified_at	other		8/300	datetime
classified_property_type	physical_attributes		8/300	str
comparable_bedrooms	physical_attributes		6/300	int
comparable_property_type	physical_attributes		6/300	str
comparable_sales_count	valuation		6/300	int
comparable_suburb	identity_location		6/300	str
complete_address	identity_location		295/300	str
complex_cms	other		234/300	null/str
complex_lot_count	other		234/300	int
complex_name_cadastre	other		234/300	null/str
complex_plan	other		234/300	str
complex_subtype	other		234/300	str
created_at	other		7/300	datetime/str
created_by	other		3/300	str
days_on_domain	market_metrics		8/300	int
days_on_market	market_metrics		9/300	int
days_on_market_source	market_metrics		9/300	str
description	other		18/300	str
detection_method	other		4/300	str
display_postcode	identity_location		292/300	str
domain_hero_image_url	images_assets	hero_facade	161/300	null/str
domain_image_urls	images_assets	facade_gallery	161/300	array[]/array[str]
domain_says_text	market_metrics		6/300	str
domain_valuation_accuracy	valuation		8/300	object
domain_valuation_accuracy.computed_at	valuation		8/300	str
domain_valuation_accuracy.domain_high	valuation		8/300	int
domain_valuation_accuracy.domain_low	valuation		8/300	int
domain_valuation_accuracy.domain_mid	valuation		8/300	int
domain_valuation_accuracy.error_dollars	valuation		8/300	int
domain_valuation_accuracy.error_pct	valuation		8/300	float
domain_valuation_accuracy.sale_price	valuation		8/300	int
domain_valuation_accuracy.within_range	valuation		8/300	bool
domain_valuation_at_listing	valuation		9/300	object
domain_valuation_at_listing.accuracy	valuation		9/300	str
domain_valuation_at_listing.captured_at	valuation		9/300	str
domain_valuation_at_listing.date	valuation		9/300	str
domain_valuation_at_listing.high	valuation		9/300	int
domain_valuation_at_listing.low	valuation		9/300	int
domain_valuation_at_listing.mid	valuation		9/300	int
domain_valuation_at_listing.source	valuation		9/300	str
enriched	other		8/300	bool
enriched_data	other		222/300	object
enriched_data.building_area_sqm	physical_attributes		1/300	float
enriched_data.capital_gain	other		8/300	null/object
enriched_data.capital_gain.has_data	other		5/300	bool
enriched_data.capital_gain.note	other		5/300	str
enriched_data.capital_gain.oldest_transaction_date	transactions_history		5/300	str
enriched_data.capital_gain.oldest_transaction_price	transactions_history		5/300	float
enriched_data.capital_gain.years_held	other		5/300	float
enriched_data.floor_area_conflict	physical_attributes		1/300	bool
enriched_data.floor_area_source	physical_attributes		1/300	str
enriched_data.floor_area_sqm	physical_attributes		8/300	float
enriched_data.last_enriched	other		8/300	str
enriched_data.lot_size_sqm	other		110/300	float/null
enriched_data.transactions	transactions_history		213/300	array[]/array[object]
enriched_data.transactions[].date	transactions_history		203/300	str
enriched_data.transactions[].price	transactions_history		203/300	float
enriched_data.transactions[].source	transactions_history		198/300	str
enriched_data.transactions[].type	transactions_history		5/300	str
enrichment_attempted	other		8/300	bool
enrichment_data	other		8/300	null
enrichment_error	other		8/300	null
enrichment_retry_count	other		8/300	int
extraction_date	other		14/300	str
extraction_method	other		14/300	str
features	other		11/300	array[str]
feed_catch	other		2/300	str
feed_hook	other		2/300	str
feed_hook_generated_at	other		2/300	str
first_listed_date	other		8/300	str
first_listed_full	other		8/300	str
first_listed_timestamp	other		8/300	str
first_listed_year	other		8/300	int
first_seen	other		3/300	datetime
floor_area_source	physical_attributes		13/300	object
floor_area_source.fetched_at	physical_attributes		13/300	str
floor_area_source.matched	physical_attributes		13/300	str
floor_area_source.path	physical_attributes		13/300	str
floor_area_source.script	physical_attributes		13/300	str
floor_area_source.url	physical_attributes		13/300	str
floor_area_sqm	physical_attributes		197/300	float/int
floor_area_sqm_source	physical_attributes		85/300	object
floor_area_sqm_source.fetched_at	physical_attributes		85/300	str
floor_area_sqm_source.matched	physical_attributes		85/300	str
floor_area_sqm_source.path	physical_attributes		85/300	str
floor_area_sqm_source.script	physical_attributes		85/300	str
floor_area_sqm_source.url	physical_attributes		85/300	str
floor_plan_analysis	images_assets	floor_plan	8/300	object
floor_plan_analysis.additional_features	images_assets	floor_plan	8/300	array[str]
floor_plan_analysis.bathrooms	physical_attributes		8/300	object
floor_plan_analysis.bathrooms.details	physical_attributes		8/300	str
floor_plan_analysis.bathrooms.ensuites	physical_attributes		8/300	int
floor_plan_analysis.bathrooms.full_bathrooms	physical_attributes		8/300	int
floor_plan_analysis.bathrooms.powder_rooms	physical_attributes		8/300	int
floor_plan_analysis.bathrooms.total_count	physical_attributes		8/300	int
floor_plan_analysis.bedrooms	physical_attributes		8/300	object
floor_plan_analysis.bedrooms.details	physical_attributes		8/300	str
floor_plan_analysis.bedrooms.total_count	physical_attributes		8/300	int
floor_plan_analysis.buyer_insights	images_assets	floor_plan	8/300	object
floor_plan_analysis.buyer_insights.considerations	images_assets	floor_plan	8/300	array[str]
floor_plan_analysis.buyer_insights.ideal_for	images_assets	floor_plan	8/300	array[str]
floor_plan_analysis.buyer_insights.key_benefits	images_assets	floor_plan	8/300	array[str]
floor_plan_analysis.buyer_insights.lifestyle_suitability	images_assets	floor_plan	8/300	str
floor_plan_analysis.data_quality	images_assets	floor_plan	8/300	object
floor_plan_analysis.data_quality.confidence_overall	valuation		8/300	str
floor_plan_analysis.data_quality.floor_plan_clarity	images_assets	floor_plan	8/300	str
floor_plan_analysis.data_quality.measurements_available	images_assets	floor_plan	8/300	bool
floor_plan_analysis.data_quality.missing_information	images_assets	floor_plan	8/300	array[str]
floor_plan_analysis.external_floor_area	physical_attributes		8/300	object
floor_plan_analysis.external_floor_area.confidence	physical_attributes		8/300	str
floor_plan_analysis.external_floor_area.notes	physical_attributes		8/300	str
floor_plan_analysis.external_floor_area.source	physical_attributes		8/300	str
floor_plan_analysis.external_floor_area.unit	physical_attributes		8/300	str
floor_plan_analysis.external_floor_area.value	physical_attributes		8/300	float/int
floor_plan_analysis.internal_floor_area	physical_attributes		8/300	object
floor_plan_analysis.internal_floor_area.confidence	physical_attributes		8/300	str
floor_plan_analysis.internal_floor_area.notes	physical_attributes		8/300	str
floor_plan_analysis.internal_floor_area.unit	physical_attributes		8/300	str
floor_plan_analysis.internal_floor_area.value	physical_attributes		8/300	float/int
floor_plan_analysis.layout_features	images_assets	floor_plan	8/300	object
floor_plan_analysis.layout_features.flow_description	images_assets	floor_plan	8/300	str
floor_plan_analysis.layout_features.highlights	images_assets	floor_plan	8/300	array[str]
floor_plan_analysis.layout_features.open_plan	images_assets	floor_plan	8/300	bool
floor_plan_analysis.layout_features.split_level	images_assets	floor_plan	8/300	bool
floor_plan_analysis.levels	images_assets	floor_plan	8/300	object
floor_plan_analysis.levels.level_details	images_assets	floor_plan	8/300	array[object]
floor_plan_analysis.levels.level_details[].floor_area	physical_attributes		8/300	object
floor_plan_analysis.levels.level_details[].floor_area.unit	physical_attributes		8/300	null/str
floor_plan_analysis.levels.level_details[].floor_area.value	physical_attributes		8/300	float/int/null
floor_plan_analysis.levels.level_details[].level_name	images_assets	floor_plan	8/300	str
floor_plan_analysis.levels.total_levels	images_assets	floor_plan	8/300	int
floor_plan_analysis.outdoor_spaces	images_assets	floor_plan	8/300	array[object]
floor_plan_analysis.outdoor_spaces[].dimensions	images_assets	floor_plan	8/300	object
floor_plan_analysis.outdoor_spaces[].dimensions.area	images_assets	floor_plan	8/300	float
floor_plan_analysis.outdoor_spaces[].dimensions.area_unit	images_assets	floor_plan	2/300	str
floor_plan_analysis.outdoor_spaces[].dimensions.length	images_assets	floor_plan	8/300	float/null
floor_plan_analysis.outdoor_spaces[].dimensions.unit	images_assets	floor_plan	8/300	str
floor_plan_analysis.outdoor_spaces[].dimensions.width	images_assets	floor_plan	8/300	float/null
floor_plan_analysis.outdoor_spaces[].features	images_assets	floor_plan	8/300	array[str]
floor_plan_analysis.outdoor_spaces[].level	images_assets	floor_plan	8/300	str
floor_plan_analysis.outdoor_spaces[].notes	images_assets	floor_plan	1/300	str
floor_plan_analysis.outdoor_spaces[].type	images_assets	floor_plan	8/300	str
floor_plan_analysis.parking	physical_attributes		8/300	object
floor_plan_analysis.parking.carport_spaces	physical_attributes		8/300	int
floor_plan_analysis.parking.garage_spaces	physical_attributes		8/300	int
floor_plan_analysis.parking.garage_type	physical_attributes		8/300	null/str
floor_plan_analysis.parking.notes	physical_attributes		8/300	str
floor_plan_analysis.parking.total_spaces	physical_attributes		8/300	int
floor_plan_analysis.rooms	physical_attributes		8/300	array[object]
floor_plan_analysis.rooms[].dimensions	physical_attributes		8/300	object
floor_plan_analysis.rooms[].dimensions.area	physical_attributes		8/300	float/null
floor_plan_analysis.rooms[].dimensions.area_unit	physical_attributes		8/300	null/str
floor_plan_analysis.rooms[].dimensions.length	physical_attributes		8/300	float/null
floor_plan_analysis.rooms[].dimensions.unit	physical_attributes		8/300	null/str
floor_plan_analysis.rooms[].dimensions.width	physical_attributes		8/300	float/null
floor_plan_analysis.rooms[].features	physical_attributes		8/300	array[]/array[str]
floor_plan_analysis.rooms[].level	physical_attributes		8/300	str
floor_plan_analysis.rooms[].notes	physical_attributes		8/300	str
floor_plan_analysis.rooms[].room_name	physical_attributes		8/300	str
floor_plan_analysis.rooms[].room_type	physical_attributes		8/300	str
floor_plan_analysis.total_floor_area	physical_attributes		8/300	object
floor_plan_analysis.total_floor_area.confidence	physical_attributes		8/300	str
floor_plan_analysis.total_floor_area.notes	physical_attributes		8/300	str
floor_plan_analysis.total_floor_area.unit	physical_attributes		8/300	str
floor_plan_analysis.total_floor_area.value	physical_attributes		8/300	float/int
floor_plan_analysis.total_land_area	physical_attributes		8/300	object
floor_plan_analysis.total_land_area.confidence	physical_attributes		8/300	str
floor_plan_analysis.total_land_area.notes	physical_attributes		8/300	str
floor_plan_analysis.total_land_area.unit	physical_attributes		8/300	null/str
floor_plan_analysis.total_land_area.value	physical_attributes		8/300	null
floor_plans	images_assets	floor_plan	18/300	array[]/array[str]
floor_plans_original	images_assets	floor_plan	18/300	array[]/array[str]
floor_plans_oth_extracted	images_assets	floor_plan	1/300	array[str]
floor_plans_oth_extracted_at	images_assets	floor_plan	1/300	datetime
floor_plans_v2_classifier	images_assets	floor_plan	236/300	object
floor_plans_v2_classifier.candidates	images_assets	floor_plan	236/300	array[object]
floor_plans_v2_classifier.candidates[].of_total	images_assets	floor_plan	236/300	int
floor_plans_v2_classifier.candidates[].position	images_assets	floor_plan	236/300	int
floor_plans_v2_classifier.candidates[].raw	images_assets	floor_plan	236/300	str
floor_plans_v2_classifier.candidates[].source	images_assets	floor_plan	16/300	str
floor_plans_v2_classifier.candidates[].url	images_assets	floor_plan	236/300	str
floor_plans_v2_classifier.candidates[].verdict	images_assets	floor_plan	236/300	str
floor_plans_v2_classifier.candidates_classified	images_assets	floor_plan	236/300	int
floor_plans_v2_classifier.model	images_assets	floor_plan	236/300	str
floor_plans_v2_classifier.tail_n	images_assets	floor_plan	236/300	str
floor_plans_v2_classifier.total_images	images_assets	floor_plan	236/300	int
floor_plans_v2_classifier.unique_images	images_assets	floor_plan	236/300	int
floor_plans_v2_classifier.version	images_assets	floor_plan	236/300	str
floor_plans_v2_extracted	images_assets	floor_plan	236/300	array[]/array[str]
floor_plans_v2_extracted_at	images_assets	floor_plan	236/300	datetime
fullres_at	other		2/300	str
fullres_count	other		2/300	int
fullres_localized	other		2/300	bool
geocoded_coordinates	identity_location		4/300	object
geocoded_coordinates.display_name	identity_location		3/300	str
geocoded_coordinates.geocoded_at	identity_location		4/300	datetime
geocoded_coordinates.latitude	identity_location		4/300	float
geocoded_coordinates.longitude	identity_location		4/300	float
geocoded_coordinates.source	identity_location		4/300	str
georeference_data	identity_location		9/300	object
georeference_data.calculation_method	identity_location		9/300	str
georeference_data.coordinates	identity_location		9/300	object
georeference_data.coordinates.latitude	identity_location		9/300	float
georeference_data.coordinates.longitude	identity_location		9/300	float
georeference_data.distances	identity_location		9/300	object
georeference_data.distances.airport	identity_location		9/300	object
georeference_data.distances.airport.coordinates	identity_location		9/300	object
georeference_data.distances.airport.coordinates.latitude	identity_location		9/300	float
georeference_data.distances.airport.coordinates.longitude	identity_location		9/300	float
georeference_data.distances.airport.distance_km	identity_location		9/300	float
georeference_data.distances.airport.distance_meters	identity_location		9/300	int
georeference_data.distances.airport.name	identity_location		9/300	str
georeference_data.distances.beaches	identity_location		9/300	array[object]
georeference_data.distances.beaches[].coordinates	identity_location		9/300	object
georeference_data.distances.beaches[].coordinates.latitude	identity_location		9/300	float
georeference_data.distances.beaches[].coordinates.longitude	identity_location		9/300	float
georeference_data.distances.beaches[].distance_km	identity_location		9/300	float
georeference_data.distances.beaches[].distance_meters	identity_location		9/300	int
georeference_data.distances.beaches[].name	identity_location		9/300	str
georeference_data.distances.childcare_centers	identity_location		5/300	array[]
georeference_data.distances.hospitals	identity_location		9/300	array[object]
georeference_data.distances.hospitals[].coordinates	identity_location		9/300	object
georeference_data.distances.hospitals[].coordinates.latitude	identity_location		9/300	float
georeference_data.distances.hospitals[].coordinates.longitude	identity_location		9/300	float
georeference_data.distances.hospitals[].distance_km	identity_location		9/300	float
georeference_data.distances.hospitals[].distance_meters	identity_location		9/300	int
georeference_data.distances.hospitals[].name	identity_location		9/300	str
georeference_data.distances.hospitals[].place_id	identity_location		5/300	str
georeference_data.distances.hospitals[].rating	identity_location		5/300	float
georeference_data.distances.hospitals[].user_ratings_total	identity_location		5/300	int
georeference_data.distances.medical_centers	identity_location		5/300	array[]
georeference_data.distances.parks	identity_location		9/300	array[object]
georeference_data.distances.parks[].coordinates	identity_location		9/300	object
georeference_data.distances.parks[].coordinates.latitude	identity_location		9/300	float
georeference_data.distances.parks[].coordinates.longitude	identity_location		9/300	float
georeference_data.distances.parks[].distance_km	identity_location		9/300	float
georeference_data.distances.parks[].distance_meters	identity_location		9/300	int
georeference_data.distances.parks[].name	identity_location		9/300	str
georeference_data.distances.parks[].place_id	identity_location		5/300	str
georeference_data.distances.parks[].rating	identity_location		5/300	float/null
georeference_data.distances.parks[].user_ratings_total	identity_location		5/300	int
georeference_data.distances.pharmacies	identity_location		5/300	array[object]
georeference_data.distances.pharmacies[].coordinates	identity_location		5/300	object
georeference_data.distances.pharmacies[].coordinates.latitude	identity_location		5/300	float
georeference_data.distances.pharmacies[].coordinates.longitude	identity_location		5/300	float
georeference_data.distances.pharmacies[].distance_km	identity_location		5/300	float
georeference_data.distances.pharmacies[].distance_meters	identity_location		5/300	int
georeference_data.distances.pharmacies[].name	identity_location		5/300	str
georeference_data.distances.pharmacies[].place_id	identity_location		5/300	str
georeference_data.distances.pharmacies[].rating	identity_location		5/300	float/int
georeference_data.distances.pharmacies[].user_ratings_total	identity_location		5/300	int
georeference_data.distances.primary_schools	identity_location		9/300	array[object]
georeference_data.distances.primary_schools[].coordinates	identity_location		9/300	object
georeference_data.distances.primary_schools[].coordinates.latitude	identity_location		9/300	float
georeference_data.distances.primary_schools[].coordinates.longitude	identity_location		9/300	float
georeference_data.distances.primary_schools[].distance_km	identity_location		9/300	float
georeference_data.distances.primary_schools[].distance_meters	identity_location		9/300	int
georeference_data.distances.primary_schools[].name	identity_location		9/300	str
georeference_data.distances.primary_schools[].place_id	identity_location		5/300	str
georeference_data.distances.primary_schools[].rating	identity_location		5/300	float/null
georeference_data.distances.primary_schools[].user_ratings_total	identity_location		5/300	int
georeference_data.distances.public_transport	identity_location		9/300	array[object]
georeference_data.distances.public_transport[].coordinates	identity_location		9/300	object
georeference_data.distances.public_transport[].coordinates.latitude	identity_location		9/300	float
georeference_data.distances.public_transport[].coordinates.longitude	identity_location		9/300	float
georeference_data.distances.public_transport[].distance_km	identity_location		9/300	float
georeference_data.distances.public_transport[].distance_meters	identity_location		9/300	int
georeference_data.distances.public_transport[].name	identity_location		9/300	str
georeference_data.distances.public_transport[].place_id	identity_location		5/300	str
georeference_data.distances.public_transport[].rating	identity_location		5/300	float
georeference_data.distances.public_transport[].user_ratings_total	identity_location		5/300	int
georeference_data.distances.secondary_schools	identity_location		9/300	array[object]
georeference_data.distances.secondary_schools[].coordinates	identity_location		9/300	object
georeference_data.distances.secondary_schools[].coordinates.latitude	identity_location		9/300	float
georeference_data.distances.secondary_schools[].coordinates.longitude	identity_location		9/300	float
georeference_data.distances.secondary_schools[].distance_km	identity_location		9/300	float
georeference_data.distances.secondary_schools[].distance_meters	identity_location		9/300	int
georeference_data.distances.secondary_schools[].name	identity_location		9/300	str
georeference_data.distances.secondary_schools[].place_id	identity_location		5/300	str
georeference_data.distances.secondary_schools[].rating	identity_location		5/300	null
georeference_data.distances.secondary_schools[].user_ratings_total	identity_location		5/300	int
georeference_data.distances.shopping_malls	identity_location		9/300	array[object]
georeference_data.distances.shopping_malls[].coordinates	identity_location		9/300	object
georeference_data.distances.shopping_malls[].coordinates.latitude	identity_location		9/300	float
georeference_data.distances.shopping_malls[].coordinates.longitude	identity_location		9/300	float
georeference_data.distances.shopping_malls[].distance_km	identity_location		9/300	float
georeference_data.distances.shopping_malls[].distance_meters	identity_location		9/300	int
georeference_data.distances.shopping_malls[].name	identity_location		9/300	str
georeference_data.distances.shopping_malls[].place_id	identity_location		5/300	str
georeference_data.distances.shopping_malls[].rating	identity_location		5/300	float
georeference_data.distances.shopping_malls[].user_ratings_total	identity_location		5/300	int
georeference_data.distances.supermarkets	identity_location		9/300	array[object]
georeference_data.distances.supermarkets[].coordinates	identity_location		9/300	object
georeference_data.distances.supermarkets[].coordinates.latitude	identity_location		9/300	float
georeference_data.distances.supermarkets[].coordinates.longitude	identity_location		9/300	float
georeference_data.distances.supermarkets[].distance_km	identity_location		9/300	float
georeference_data.distances.supermarkets[].distance_meters	identity_location		9/300	int
georeference_data.distances.supermarkets[].name	identity_location		9/300	str
georeference_data.distances.supermarkets[].place_id	identity_location		5/300	str
georeference_data.distances.supermarkets[].rating	identity_location		5/300	float/int
georeference_data.distances.supermarkets[].user_ratings_total	identity_location		5/300	int
georeference_data.last_updated	identity_location		9/300	datetime
georeference_data.summary_stats	identity_location		9/300	object
georeference_data.summary_stats.airport_distance_km	identity_location		9/300	float
georeference_data.summary_stats.closest_beach_km	identity_location		9/300	float
georeference_data.summary_stats.closest_childcare_km	identity_location		5/300	null
georeference_data.summary_stats.closest_hospital_km	identity_location		9/300	float
georeference_data.summary_stats.closest_primary_school_km	identity_location		9/300	float
georeference_data.summary_stats.closest_secondary_school_km	identity_location		9/300	float
georeference_data.summary_stats.closest_supermarket_km	identity_location		9/300	float
georeference_data.summary_stats.total_amenities_within_1km	identity_location		9/300	int
georeference_data.summary_stats.total_amenities_within_2km	identity_location		9/300	int
georeference_data.summary_stats.total_amenities_within_5km	identity_location		9/300	int
history	other		3/300	object
history.agents_description	listing_scrape		3/300	array[object]
history.agents_description[].recorded_at	listing_scrape		3/300	datetime
history.agents_description[].value	listing_scrape		3/300	str
history.inspection_times	other		2/300	array[object]
history.inspection_times[].recorded_at	other		2/300	datetime
history.inspection_times[].value	other		2/300	array[str]
history.price	other		3/300	array[object]
history.price[].recorded_at	other		3/300	datetime
history.price[].value	other		3/300	str
house_plan	other		14/300	object
house_plan.confidence_score	valuation		14/300	float
house_plan.floor_area_source	physical_attributes		14/300	null/str
house_plan.floor_area_sqm	physical_attributes		14/300	float/int/null
house_plan.number_of_levels	other		14/300	int
house_plan.plans_details	other		14/300	array[object]
house_plan.plans_details[].confidence_score	valuation		14/300	float
house_plan.plans_details[].dimensions	other		14/300	null/str
house_plan.plans_details[].floor_area_source	physical_attributes		14/300	null/str
house_plan.plans_details[].floor_area_sqm	physical_attributes		14/300	float/int/null
house_plan.plans_details[].image_index	images_assets	floor_plan	14/300	int
house_plan.plans_details[].is_floor_plan	images_assets	floor_plan	14/300	bool
house_plan.urls	other		14/300	array[str]
image_analysis	images_assets	facade_gallery	8/300	array[]
image_derivative_widths	images_assets	facade_gallery	1/300	array[int]
image_history	images_assets	facade_gallery	10/300	array[object]
image_history[].blob_prefix	images_assets	facade_gallery	10/300	str
image_history[].captured_at	images_assets	facade_gallery	10/300	str
image_history[].floor_plan_count	images_assets	floor_plan	10/300	int
image_history[].image_count	images_assets	facade_gallery	10/300	int
image_history[].listing_url	images_assets	facade_gallery	10/300	str
image_history[].source	images_assets	facade_gallery	10/300	str
image_history[].urls	images_assets	facade_gallery	10/300	array[]/array[str]
images_blob_uploaded_at	images_assets	facade_gallery	245/300	str
images_uploaded_to_blob	images_assets	facade_gallery	245/300	bool
inspection_times	other		8/300	array[str]
internal_living_area_source	pipeline_meta		3/300	str
internal_living_area_sqm	other		3/300	float
is_strata_title	other		128/300	bool
is_waterfront	other		3/300	bool
land_size	physical_attributes		1/300	str
land_size_sqm	physical_attributes		99/300	int
land_size_sqm_corrected	physical_attributes		1/300	bool
land_size_sqm_correction_reason	physical_attributes		1/300	str
land_size_sqm_original	physical_attributes		1/300	null
land_size_sqm_source	physical_attributes		92/300	object
land_size_sqm_source.fetched_at	physical_attributes		92/300	str
land_size_sqm_source.matched	physical_attributes		92/300	str
land_size_sqm_source.path	physical_attributes		92/300	str
land_size_sqm_source.script	physical_attributes		92/300	str
land_size_sqm_source.url	physical_attributes		92/300	str
land_utilization_enriched_at	other		1/300	datetime
last_enriched	other		8/300	null
last_updated	other		8/300	datetime/str
last_updated_date	other		8/300	null
last_valuation_date	valuation		6/300	datetime
listing_price	other		10/300	str
listing_status	listing_scrape		18/300	str
listing_url	other		18/300	str
living_map	images_assets	living_map	280/300	object
living_map.address	identity_location		280/300	null/str
living_map.build_notes	images_assets	living_map	280/300	object
living_map.build_notes.gaps	images_assets	living_map	280/300	array[]/array[str]
living_map.catchments	images_assets	living_map	280/300	array[object]
living_map.catchments[].level	images_assets	living_map	280/300	str
living_map.catchments[].poly	images_assets	living_map	280/300	array[array[float]]
living_map.catchments[].school	images_assets	living_map	280/300	str
living_map.center	images_assets	living_map	280/300	object
living_map.center.lat	images_assets	living_map	280/300	float
living_map.center.lon	images_assets	living_map	280/300	float
living_map.comps	valuation		280/300	array[]/array[object]
living_map.comps[].address	identity_location		94/300	str
living_map.comps[].adj_pct	valuation		94/300	float
living_map.comps[].adjusted_price	valuation		94/300	int
living_map.comps[].bearing	valuation		94/300	int
living_map.comps[].compass	valuation		94/300	str
living_map.comps[].distance_km	valuation		94/300	float
living_map.comps[].lat	valuation		94/300	float
living_map.comps[].lon	valuation		94/300	float
living_map.comps[].sale_date	valuation		94/300	str
living_map.comps[].sale_price	valuation		94/300	float
living_map.computed_at	images_assets	living_map	280/300	str
living_map.id	images_assets	living_map	280/300	str
living_map.parcel	images_assets	living_map	280/300	object
living_map.parcel.area_sqm	images_assets	living_map	280/300	float/null
living_map.parcel.lotplan	images_assets	living_map	280/300	str
living_map.parcel.rings	images_assets	living_map	280/300	array[array[array[float]]]
living_map.pois	images_assets	living_map	280/300	array[object]
living_map.pois[].cat	images_assets	living_map	280/300	str
living_map.pois[].drive_km	images_assets	living_map	280/300	float
living_map.pois[].drive_min	images_assets	living_map	280/300	int
living_map.pois[].lat	images_assets	living_map	280/300	float
living_map.pois[].lon	images_assets	living_map	280/300	float
living_map.pois[].name	images_assets	living_map	280/300	str
living_map.pois[].straight_m	images_assets	living_map	280/300	int
living_map.pois[].walk_min	images_assets	living_map	280/300	int
living_map.routes	images_assets	living_map	280/300	array[object]
living_map.routes[].color	images_assets	living_map	280/300	str
living_map.routes[].geom	identity_location		280/300	array[array[float]]
living_map.routes[].km	images_assets	living_map	280/300	float
living_map.routes[].min	images_assets	living_map	280/300	int
living_map.routes[].name	images_assets	living_map	280/300	str
living_map.subject_value	images_assets	living_map	280/300	null/object
living_map.subject_value.estimate	images_assets	living_map	94/300	int
living_map.subject_value.high	images_assets	living_map	94/300	int
living_map.subject_value.low	images_assets	living_map	94/300	int
living_map.tiles	images_assets	living_map	280/300	object
living_map.tiles.city	images_assets	living_map	280/300	str
living_map.tiles.house	images_assets	living_map	24/300	str
living_map.tiles.street	images_assets	living_map	24/300	str
living_map.tiles.suburb	identity_location		280/300	str
living_map.version	images_assets	living_map	280/300	int
living_map_built_at	images_assets	living_map	280/300	str
lot_size_calc_sqm	other		128/300	float
lot_size_sqm	other		176/300	float
lot_size_sqm_source	pipeline_meta		128/300	str
media_backfilled_at	pipeline_meta		4/300	str
nearby_pois	other		1/300	object
nearby_pois.by_category	other		1/300	object
nearby_pois.by_category.cafe	other		1/300	array[object]
nearby_pois.by_category.cafe[].address	identity_location		1/300	str
nearby_pois.by_category.cafe[].distance_km	other		1/300	float
nearby_pois.by_category.cafe[].distance_m	other		1/300	int
nearby_pois.by_category.cafe[].latitude	identity_location		1/300	float
nearby_pois.by_category.cafe[].longitude	identity_location		1/300	float
nearby_pois.by_category.cafe[].name	other		1/300	str
nearby_pois.by_category.cafe[].place_id	other		1/300	str
nearby_pois.by_category.cafe[].rating	other		1/300	float
nearby_pois.by_category.cafe[].user_ratings_total	other		1/300	int
nearby_pois.by_category.childcare	physical_attributes		1/300	array[object]
nearby_pois.by_category.childcare[].address	identity_location		1/300	str
nearby_pois.by_category.childcare[].distance_km	physical_attributes		1/300	float
nearby_pois.by_category.childcare[].distance_m	physical_attributes		1/300	int
nearby_pois.by_category.childcare[].latitude	identity_location		1/300	float
nearby_pois.by_category.childcare[].longitude	identity_location		1/300	float
nearby_pois.by_category.childcare[].name	physical_attributes		1/300	str
nearby_pois.by_category.childcare[].place_id	physical_attributes		1/300	str
nearby_pois.by_category.childcare[].rating	physical_attributes		1/300	float
nearby_pois.by_category.childcare[].user_ratings_total	physical_attributes		1/300	int
nearby_pois.by_category.park	other		1/300	array[object]
nearby_pois.by_category.park[].address	identity_location		1/300	str
nearby_pois.by_category.park[].distance_km	other		1/300	float
nearby_pois.by_category.park[].distance_m	other		1/300	int
nearby_pois.by_category.park[].latitude	identity_location		1/300	float
nearby_pois.by_category.park[].longitude	identity_location		1/300	float
nearby_pois.by_category.park[].name	other		1/300	str
nearby_pois.by_category.park[].place_id	other		1/300	str
nearby_pois.by_category.park[].rating	other		1/300	null
nearby_pois.by_category.park[].user_ratings_total	other		1/300	int
nearby_pois.by_category.primary_school	other		1/300	array[object]
nearby_pois.by_category.primary_school[].address	identity_location		1/300	str
nearby_pois.by_category.primary_school[].distance_km	other		1/300	float
nearby_pois.by_category.primary_school[].distance_m	other		1/300	int
nearby_pois.by_category.primary_school[].latitude	identity_location		1/300	float
nearby_pois.by_category.primary_school[].longitude	identity_location		1/300	float
nearby_pois.by_category.primary_school[].name	other		1/300	str
nearby_pois.by_category.primary_school[].place_id	other		1/300	str
nearby_pois.by_category.primary_school[].rating	other		1/300	null
nearby_pois.by_category.primary_school[].user_ratings_total	other		1/300	int
nearby_pois.by_category.secondary_school	other		1/300	array[object]
nearby_pois.by_category.secondary_school[].address	identity_location		1/300	str
nearby_pois.by_category.secondary_school[].distance_km	other		1/300	float
nearby_pois.by_category.secondary_school[].distance_m	other		1/300	int
nearby_pois.by_category.secondary_school[].latitude	identity_location		1/300	float
nearby_pois.by_category.secondary_school[].longitude	identity_location		1/300	float
nearby_pois.by_category.secondary_school[].name	other		1/300	str
nearby_pois.by_category.secondary_school[].place_id	other		1/300	str
nearby_pois.by_category.secondary_school[].rating	other		1/300	null
nearby_pois.by_category.secondary_school[].user_ratings_total	other		1/300	int
nearby_pois.by_category.supermarket	market_metrics		1/300	array[object]
nearby_pois.by_category.supermarket[].address	identity_location		1/300	str
nearby_pois.by_category.supermarket[].distance_km	market_metrics		1/300	float
nearby_pois.by_category.supermarket[].distance_m	market_metrics		1/300	int
nearby_pois.by_category.supermarket[].latitude	identity_location		1/300	float
nearby_pois.by_category.supermarket[].longitude	identity_location		1/300	float
nearby_pois.by_category.supermarket[].name	market_metrics		1/300	str
nearby_pois.by_category.supermarket[].place_id	market_metrics		1/300	str
nearby_pois.by_category.supermarket[].rating	market_metrics		1/300	float
nearby_pois.by_category.supermarket[].user_ratings_total	market_metrics		1/300	int
nearby_pois.enriched_at	other		1/300	datetime
nearby_pois.nearby	other		1/300	array[]
nearby_pois.short_drive	other		1/300	array[object]
nearby_pois.short_drive[].category	other		1/300	str
nearby_pois.short_drive[].distance_km	other		1/300	float
nearby_pois.short_drive[].distance_m	other		1/300	int
nearby_pois.short_drive[].name	other		1/300	str
nearby_pois.short_drive[].rating	other		1/300	float
nearby_pois.summary	other		1/300	object
nearby_pois.summary.closest_cafe_km	other		1/300	float
nearby_pois.summary.closest_childcare_km	physical_attributes		1/300	float
nearby_pois.summary.closest_park_km	other		1/300	float
nearby_pois.summary.closest_school_km	other		1/300	float
nearby_pois.summary.closest_supermarket_km	market_metrics		1/300	float
nearby_pois.summary.total_within_1km	other		1/300	int
nearby_pois.summary.total_within_2km	other		1/300	int
nearby_pois.walkable	other		1/300	array[object]
nearby_pois.walkable[].category	other		1/300	str
nearby_pois.walkable[].distance_km	other		1/300	float
nearby_pois.walkable[].distance_m	other		1/300	int
nearby_pois.walkable[].name	other		1/300	str
nearby_pois.walkable[].rating	other		1/300	null
nearest_beach_distance_km	other		2/300	float
nearest_beach_name	other		2/300	str
next_nearest_beach_distance_km	other		2/300	float
next_nearest_beach_name	other		2/300	str
occupancy_timeline	offmarket_report		6/300	array[object]
occupancy_timeline[].agency	offmarket_report		6/300	null/str
occupancy_timeline[].category	offmarket_report		6/300	str
occupancy_timeline[].date	offmarket_report		6/300	str
occupancy_timeline[].days_on_market	market_metrics		6/300	int/null
occupancy_timeline[].is_major_event	offmarket_report		6/300	bool
occupancy_timeline[].is_sold	transactions_history		6/300	bool/null
occupancy_timeline[].price	offmarket_report		6/300	int
occupancy_timeline_refreshed_at	offmarket_report		6/300	datetime
offmarket_multilot	market_metrics		2/300	bool
offmarket_suppression_reason	market_metrics		2/300	str
og_title	other		18/300	str
ollama_analysis	other		6/300	object
ollama_analysis.engine	other		4/300	str
ollama_analysis.images_analyzed	images_assets	facade_gallery	4/300	int
ollama_analysis.model	other		4/300	str
ollama_analysis.model_used	other		2/300	str
ollama_analysis.processed	other		6/300	bool
ollama_analysis.processed_at	other		6/300	datetime
ollama_analysis.processing_duration_seconds	other		4/300	float
ollama_analysis.total_images_analyzed	images_assets	facade_gallery	2/300	int
ollama_analysis.worker_id	other		4/300	str
ollama_floor_plan_analysis	images_assets	floor_plan	2/300	object
ollama_floor_plan_analysis.has_floor_plan	images_assets	floor_plan	2/300	bool
ollama_floor_plan_analysis.processed_at	images_assets	floor_plan	2/300	datetime
ollama_floor_plan_analysis.processing_duration_seconds	images_assets	floor_plan	2/300	null
ollama_floor_plan_analysis.skip_reason	images_assets	floor_plan	2/300	str
ollama_image_analysis	images_assets	facade_gallery	6/300	array[]/array[object]
ollama_image_analysis[].description	images_assets	facade_gallery	3/300	str
ollama_image_analysis[].features_visible	images_assets	facade_gallery	3/300	array[str]
ollama_image_analysis[].image_index	images_assets	facade_gallery	3/300	int
ollama_image_analysis[].image_type	images_assets	facade_gallery	3/300	str
ollama_image_analysis[].marketing_value	images_assets	facade_gallery	3/300	str
ollama_image_analysis[].quality_score	images_assets	facade_gallery	3/300	int
ollama_image_analysis[].url	images_assets	facade_gallery	3/300	str
ollama_image_analysis[].usefulness_score	images_assets	facade_gallery	3/300	int
ollama_property_data	other		4/300	object
ollama_property_data.exterior	other		4/300	object
ollama_property_data.interior	other		4/300	object
ollama_property_data.layout	other		4/300	object
ollama_property_data.metadata	other		4/300	object
ollama_property_data.metadata.analysis_engine	other		4/300	str
ollama_property_data.metadata.analysis_method	other		4/300	str
ollama_property_data.metadata.extracted_at	other		4/300	float
ollama_property_data.metadata.model_used	other		4/300	str
ollama_property_data.metadata.total_images_analyzed	images_assets	facade_gallery	4/300	int
ollama_property_data.outdoor	other		4/300	object
ollama_property_data.overall	other		4/300	object
ollama_property_data.overall.unique_features	other		4/300	array[]/array[str]
ollama_property_data.renovation	other		4/300	object
ollama_property_data.structural	other		4/300	object
on_demand_valuation	valuation		3/300	bool
onthehouse_data	listing_scrape		140/300	object
onthehouse_data.bathrooms	physical_attributes		140/300	int/null
onthehouse_data.bedrooms	physical_attributes		140/300	int/null
onthehouse_data.car_spaces	physical_attributes		140/300	int/null
onthehouse_data.fetched_at	listing_scrape		140/300	str
onthehouse_data.floor_area_sqm	physical_attributes		140/300	int/null
onthehouse_data.formatted_address	identity_location		140/300	str
onthehouse_data.key	listing_scrape		140/300	array[str]
onthehouse_data.land_size_sqm	physical_attributes		140/300	int/null
onthehouse_data.latitude	identity_location		140/300	float
onthehouse_data.longitude	identity_location		140/300	float
onthehouse_data.url	listing_scrape		140/300	str
onthehouse_data.year_built	listing_scrape		140/300	int/null
orchestrator	other		7/300	object
orchestrator.change_history	other		7/300	array[object]
orchestrator.change_history[].at	other		7/300	datetime
orchestrator.change_history[].changes	other		7/300	object
orchestrator.change_history[].changes.inspection_times	other		6/300	object
orchestrator.change_history[].changes.inspection_times.new	other		6/300	array[str]
orchestrator.change_history[].changes.inspection_times.old	other		6/300	array[str]/null
orchestrator.change_history[].changes.price	other		1/300	object
orchestrator.change_history[].changes.price.new	other		1/300	str
orchestrator.change_history[].changes.price.old	other		1/300	str
orchestrator.change_history[].run_id	other		7/300	str
osm_location_features	other		291/300	object
osm_location_features.metadata	other		291/300	object
osm_location_features.metadata.api_source	pipeline_meta		16/300	str
osm_location_features.metadata.osm_data_version	other		16/300	str
osm_location_features.metadata.osm_elements_found	other		16/300	int
osm_location_features.metadata.processed_at	other		16/300	str
osm_location_features.metadata.water_backfilled_at	pipeline_meta		275/300	str
osm_location_features.metadata.water_source	pipeline_meta		275/300	str
osm_location_features.road_classification	other		16/300	object
osm_location_features.road_classification.distance_to_motorway_m	other		16/300	null
osm_location_features.road_classification.distance_to_nearest_road_m	other		16/300	float
osm_location_features.road_classification.distance_to_primary_road_m	other		16/300	float/null
osm_location_features.road_classification.distance_to_secondary_road_m	other		16/300	float/null
osm_location_features.road_classification.faces_major_road	other		16/300	bool
osm_location_features.road_classification.is_corner_lot	other		16/300	bool
osm_location_features.road_classification.is_cul_de_sac	other		16/300	bool
osm_location_features.road_classification.nearby_road_count	other		16/300	int
osm_location_features.road_classification.nearest_road_type	other		16/300	str
osm_location_features.road_classification.traffic_exposure_score	other		16/300	float/int
osm_location_features.water_features	other		291/300	object
osm_location_features.water_features.canal_adjacent	other		291/300	bool
osm_location_features.water_features.canal_frontage	other		291/300	bool
osm_location_features.water_features.distance_to_canal_m	other		291/300	null
osm_location_features.water_features.distance_to_water_m	other		291/300	float
osm_location_features.water_features.nearest_water_type	other		291/300	str
osm_location_features.water_features.waterfront_premium_eligible	other		291/300	bool
osm_location_features.water_features.waterfront_type	other		291/300	str
oth_floorplan_urls	images_assets	floor_plan	1/300	array[str]
oth_image_urls	images_assets	facade_gallery	4/300	array[str]
oth_not_found	other		17/300	bool
oth_scraped_at	other		17/300	datetime
parcel_state	other		128/300	str
parking	physical_attributes		4/300	int
parsed_rooms	physical_attributes		13/300	object
parsed_rooms.alfresco	physical_attributes		1/300	object
parsed_rooms.alfresco.area	physical_attributes		1/300	float
parsed_rooms.alfresco.length	physical_attributes		1/300	float
parsed_rooms.alfresco.room_name	physical_attributes		1/300	str
parsed_rooms.alfresco.source	physical_attributes		1/300	null
parsed_rooms.alfresco.width	physical_attributes		1/300	float
parsed_rooms.balcony	physical_attributes		3/300	object
parsed_rooms.balcony.area	physical_attributes		3/300	float
parsed_rooms.balcony.length	physical_attributes		3/300	float
parsed_rooms.balcony.room_name	physical_attributes		3/300	str
parsed_rooms.balcony.source	physical_attributes		3/300	null
parsed_rooms.balcony.width	physical_attributes		3/300	float
parsed_rooms.bathroom	physical_attributes		5/300	object
parsed_rooms.bathroom.area	physical_attributes		5/300	float/null
parsed_rooms.bathroom.length	physical_attributes		5/300	float
parsed_rooms.bathroom.room_name	physical_attributes		5/300	str
parsed_rooms.bathroom.source	physical_attributes		5/300	null/str
parsed_rooms.bathroom.width	physical_attributes		5/300	float
parsed_rooms.bathroom_4	physical_attributes		1/300	object
parsed_rooms.bathroom_4.area	physical_attributes		1/300	null
parsed_rooms.bathroom_4.length	physical_attributes		1/300	null
parsed_rooms.bathroom_4.room_name	physical_attributes		1/300	str
parsed_rooms.bathroom_4.source	physical_attributes		1/300	str
parsed_rooms.bathroom_4.width	physical_attributes		1/300	null
parsed_rooms.bedroom	physical_attributes		13/300	object
parsed_rooms.bedroom.area	physical_attributes		13/300	float/null
parsed_rooms.bedroom.length	physical_attributes		13/300	float
parsed_rooms.bedroom.room_name	physical_attributes		13/300	str
parsed_rooms.bedroom.source	physical_attributes		13/300	null/str
parsed_rooms.bedroom.width	physical_attributes		13/300	float
parsed_rooms.bedroom_2	physical_attributes		11/300	object
parsed_rooms.bedroom_2.area	physical_attributes		11/300	float/null
parsed_rooms.bedroom_2.length	physical_attributes		11/300	float
parsed_rooms.bedroom_2.room_name	physical_attributes		11/300	str
parsed_rooms.bedroom_2.source	physical_attributes		11/300	null/str
parsed_rooms.bedroom_2.width	physical_attributes		11/300	float
parsed_rooms.bedroom_3	physical_attributes		10/300	object
parsed_rooms.bedroom_3.area	physical_attributes		10/300	float/null
parsed_rooms.bedroom_3.length	physical_attributes		10/300	float
parsed_rooms.bedroom_3.room_name	physical_attributes		10/300	str
parsed_rooms.bedroom_3.source	physical_attributes		10/300	null/str
parsed_rooms.bedroom_3.width	physical_attributes		10/300	float
parsed_rooms.bedroom_4	physical_attributes		3/300	object
parsed_rooms.bedroom_4.area	physical_attributes		3/300	float/null
parsed_rooms.bedroom_4.length	physical_attributes		3/300	float
parsed_rooms.bedroom_4.room_name	physical_attributes		3/300	str
parsed_rooms.bedroom_4.source	physical_attributes		3/300	null/str
parsed_rooms.bedroom_4.width	physical_attributes		3/300	float
parsed_rooms.courtyard	physical_attributes		1/300	object
parsed_rooms.courtyard.area	physical_attributes		1/300	float
parsed_rooms.courtyard.length	physical_attributes		1/300	float
parsed_rooms.courtyard.room_name	physical_attributes		1/300	str
parsed_rooms.courtyard.source	physical_attributes		1/300	null
parsed_rooms.courtyard.width	physical_attributes		1/300	float
parsed_rooms.deck	physical_attributes		3/300	object
parsed_rooms.deck.area	physical_attributes		3/300	float/null
parsed_rooms.deck.length	physical_attributes		3/300	float
parsed_rooms.deck.room_name	physical_attributes		3/300	str
parsed_rooms.deck.source	physical_attributes		3/300	null/str
parsed_rooms.deck.width	physical_attributes		3/300	float
parsed_rooms.dining_room	physical_attributes		10/300	object
parsed_rooms.dining_room.area	physical_attributes		10/300	float/null
parsed_rooms.dining_room.length	physical_attributes		10/300	float
parsed_rooms.dining_room.room_name	physical_attributes		10/300	str
parsed_rooms.dining_room.source	physical_attributes		10/300	null/str
parsed_rooms.dining_room.width	physical_attributes		10/300	float
parsed_rooms.ensuite	physical_attributes		2/300	object
parsed_rooms.ensuite.area	physical_attributes		2/300	float/null
parsed_rooms.ensuite.length	physical_attributes		2/300	float
parsed_rooms.ensuite.room_name	physical_attributes		2/300	str
parsed_rooms.ensuite.source	physical_attributes		2/300	null/str
parsed_rooms.ensuite.width	physical_attributes		2/300	float
parsed_rooms.family_room	physical_attributes		2/300	object
parsed_rooms.family_room.area	physical_attributes		2/300	null
parsed_rooms.family_room.length	physical_attributes		2/300	float
parsed_rooms.family_room.room_name	physical_attributes		2/300	str
parsed_rooms.family_room.source	physical_attributes		2/300	str
parsed_rooms.family_room.width	physical_attributes		2/300	float
parsed_rooms.garage	physical_attributes		11/300	object
parsed_rooms.garage.area	physical_attributes		11/300	float/null
parsed_rooms.garage.length	physical_attributes		11/300	float
parsed_rooms.garage.room_name	physical_attributes		11/300	str
parsed_rooms.garage.source	physical_attributes		11/300	null/str
parsed_rooms.garage.width	physical_attributes		11/300	float
parsed_rooms.kitchen	physical_attributes		9/300	object
parsed_rooms.kitchen.area	physical_attributes		9/300	float/null
parsed_rooms.kitchen.length	physical_attributes		9/300	float
parsed_rooms.kitchen.room_name	physical_attributes		9/300	str
parsed_rooms.kitchen.source	physical_attributes		9/300	null/str
parsed_rooms.kitchen.width	physical_attributes		9/300	float
parsed_rooms.laundry	physical_attributes		4/300	object
parsed_rooms.laundry.area	physical_attributes		4/300	float/null
parsed_rooms.laundry.length	physical_attributes		4/300	float
parsed_rooms.laundry.room_name	physical_attributes		4/300	str
parsed_rooms.laundry.source	physical_attributes		4/300	null/str
parsed_rooms.laundry.width	physical_attributes		4/300	float
parsed_rooms.living_room	physical_attributes		13/300	object
parsed_rooms.living_room.area	physical_attributes		13/300	float/null
parsed_rooms.living_room.length	physical_attributes		13/300	float
parsed_rooms.living_room.room_name	physical_attributes		13/300	str
parsed_rooms.living_room.source	physical_attributes		13/300	null/str
parsed_rooms.living_room.width	physical_attributes		13/300	float
parsed_rooms.other	physical_attributes		2/300	object
parsed_rooms.other.area	physical_attributes		2/300	null
parsed_rooms.other.length	physical_attributes		2/300	float
parsed_rooms.other.room_name	physical_attributes		2/300	str
parsed_rooms.other.source	physical_attributes		2/300	str
parsed_rooms.other.width	physical_attributes		2/300	float
parsed_rooms.other_2	physical_attributes		1/300	object
parsed_rooms.other_2.area	physical_attributes		1/300	null
parsed_rooms.other_2.length	physical_attributes		1/300	float
parsed_rooms.other_2.room_name	physical_attributes		1/300	str
parsed_rooms.other_2.source	physical_attributes		1/300	str
parsed_rooms.other_2.width	physical_attributes		1/300	float
parsed_rooms.outdoor_space	physical_attributes		1/300	object
parsed_rooms.outdoor_space.area	physical_attributes		1/300	float
parsed_rooms.outdoor_space.length	physical_attributes		1/300	float
parsed_rooms.outdoor_space.room_name	physical_attributes		1/300	str
parsed_rooms.outdoor_space.source	physical_attributes		1/300	null
parsed_rooms.outdoor_space.width	physical_attributes		1/300	float
parsed_rooms.patio	physical_attributes		5/300	object
parsed_rooms.patio.area	physical_attributes		5/300	float/null
parsed_rooms.patio.length	physical_attributes		5/300	float
parsed_rooms.patio.room_name	physical_attributes		5/300	str
parsed_rooms.patio.source	physical_attributes		5/300	null/str
parsed_rooms.patio.width	physical_attributes		5/300	float
parsed_rooms.patio_2	physical_attributes		2/300	object
parsed_rooms.patio_2.area	physical_attributes		2/300	float
parsed_rooms.patio_2.length	physical_attributes		2/300	float
parsed_rooms.patio_2.room_name	physical_attributes		2/300	str
parsed_rooms.patio_2.source	physical_attributes		2/300	null
parsed_rooms.patio_2.width	physical_attributes		2/300	float
parsed_rooms.patio_4	physical_attributes		1/300	object
parsed_rooms.patio_4.area	physical_attributes		1/300	null
parsed_rooms.patio_4.length	physical_attributes		1/300	float
parsed_rooms.patio_4.room_name	physical_attributes		1/300	str
parsed_rooms.patio_4.source	physical_attributes		1/300	str
parsed_rooms.patio_4.width	physical_attributes		1/300	float
parsed_rooms.porch	physical_attributes		1/300	object
parsed_rooms.porch.area	physical_attributes		1/300	null
parsed_rooms.porch.length	physical_attributes		1/300	null
parsed_rooms.porch.room_name	physical_attributes		1/300	str
parsed_rooms.porch.source	physical_attributes		1/300	str
parsed_rooms.porch.width	physical_attributes		1/300	null
parsed_rooms.primary_bedroom	physical_attributes		1/300	object
parsed_rooms.primary_bedroom.area	physical_attributes		1/300	float
parsed_rooms.primary_bedroom.length	physical_attributes		1/300	float
parsed_rooms.primary_bedroom.room_name	physical_attributes		1/300	str
parsed_rooms.primary_bedroom.source	physical_attributes		1/300	null
parsed_rooms.primary_bedroom.width	physical_attributes		1/300	float
parsed_rooms.walk_in_robe	physical_attributes		2/300	object
parsed_rooms.walk_in_robe.area	physical_attributes		2/300	float
parsed_rooms.walk_in_robe.length	physical_attributes		2/300	float
parsed_rooms.walk_in_robe.room_name	physical_attributes		2/300	str
parsed_rooms.walk_in_robe.source	physical_attributes		2/300	null
parsed_rooms.walk_in_robe.width	physical_attributes		2/300	float
parsed_rooms_updated	physical_attributes		13/300	datetime
photo_tour_order	images_assets	facade_gallery	3/300	array[object]
photo_tour_order[].description	images_assets	facade_gallery	3/300	str
photo_tour_order[].image_index	images_assets	facade_gallery	3/300	int
photo_tour_order[].reorder_position	images_assets	facade_gallery	3/300	int
photo_tour_order[].selection_reason	images_assets	facade_gallery	3/300	str
photo_tour_order[].tour_metadata	images_assets	facade_gallery	3/300	object
photo_tour_order[].tour_metadata.average_usefulness_score	images_assets	facade_gallery	3/300	float
photo_tour_order[].tour_metadata.created_at	images_assets	facade_gallery	3/300	float
photo_tour_order[].tour_metadata.model_used	images_assets	facade_gallery	3/300	str
photo_tour_order[].tour_metadata.sections_included	images_assets	facade_gallery	3/300	array[str]
photo_tour_order[].tour_metadata.sections_missing	images_assets	facade_gallery	3/300	array[str]
photo_tour_order[].tour_metadata.total_photos_selected	images_assets	facade_gallery	3/300	int
photo_tour_order[].tour_metadata.tour_completeness_score	images_assets	facade_gallery	3/300	int
photo_tour_order[].tour_section	images_assets	facade_gallery	3/300	str
photo_tour_order[].url	images_assets	facade_gallery	3/300	str
photo_tour_order[].usefulness_score	images_assets	facade_gallery	3/300	int
photo_tour_order_updated	images_assets	facade_gallery	3/300	str
postcode	identity_location		18/300	str
postcode_distance_km	identity_location		291/300	float
postcode_enriched_at	identity_location		291/300	datetime
postcode_normalised_at	identity_location		18/300	datetime
postcode_normalised_reason	identity_location		18/300	str
previous_sale_year	other		6/300	int
price	other		8/300	str
price_history	transactions_history		8/300	array[object]
price_history[].event	transactions_history		8/300	str
price_history[].price_numeric	transactions_history		8/300	int/null
price_history[].price_text	transactions_history		8/300	str
price_history[].recorded_at	transactions_history		8/300	str
price_history[].run_id	transactions_history		8/300	str
processing_status	pipeline_meta		130/300	object
processing_status.external_floor_area_sqm	physical_attributes		14/300	float/int
processing_status.floor_plan_analysed	images_assets	floor_plan	16/300	bool
processing_status.floor_plans_analysed	images_assets	floor_plan	16/300	int
processing_status.floor_size_extracted	pipeline_meta		11/300	bool
processing_status.house_plans_found	pipeline_meta		114/300	bool
processing_status.images_processed	images_assets	facade_gallery	130/300	bool
processing_status.internal_floor_area_sqm	physical_attributes		14/300	float/int
processing_status.model_used	pipeline_meta		16/300	str
processing_status.on_demand	pipeline_meta		2/300	bool
processing_status.photos_analysed	images_assets	facade_gallery	16/300	int
processing_status.processed_at	pipeline_meta		130/300	datetime
processing_status.processing_duration_seconds	pipeline_meta		114/300	float
processing_status.total_floor_area_sqm	physical_attributes		14/300	float/int
processing_status.worker_id	pipeline_meta		114/300	int
property_images	images_assets	facade_gallery	18/300	array[str]
property_images_original	images_assets	facade_gallery	18/300	array[str]
property_images_refreshed	images_assets	facade_gallery	2/300	array[str]
property_images_refreshed_at	images_assets	facade_gallery	2/300	datetime
property_insights	editorial_ai		20/300	object
property_insights.bathrooms	physical_attributes		8/300	object
property_insights.bathrooms.rarity_insights	physical_attributes		8/300	array[]
property_insights.bathrooms.suburbComparison	identity_location		8/300	object
property_insights.bathrooms.suburbComparison.narrative	identity_location		8/300	str
property_insights.bathrooms.suburbComparison.percentile	identity_location		8/300	int
property_insights.bathrooms.suburbComparison.sampleSize	identity_location		8/300	int
property_insights.bathrooms.suburbComparison.suburbMedian	identity_location		8/300	int
property_insights.bathrooms.suburbComparison.suburbName	identity_location		8/300	str
property_insights.bathrooms.value	physical_attributes		8/300	int
property_insights.bedrooms	physical_attributes		8/300	object
property_insights.bedrooms.rarity_insights	physical_attributes		8/300	array[]
property_insights.bedrooms.suburbComparison	identity_location		8/300	object
property_insights.bedrooms.suburbComparison.narrative	identity_location		8/300	str
property_insights.bedrooms.suburbComparison.percentile	identity_location		8/300	int
property_insights.bedrooms.suburbComparison.sampleSize	identity_location		8/300	int
property_insights.bedrooms.suburbComparison.suburbMedian	identity_location		8/300	float
property_insights.bedrooms.suburbComparison.suburbName	identity_location		8/300	str
property_insights.bedrooms.value	physical_attributes		8/300	int
property_insights.floor_area	physical_attributes		8/300	object
property_insights.floor_area.rarity_insights	physical_attributes		8/300	array[]
property_insights.floor_area.suburbComparison	identity_location		8/300	object
property_insights.floor_area.suburbComparison.narrative	identity_location		8/300	str
property_insights.floor_area.suburbComparison.percentile	identity_location		8/300	int
property_insights.floor_area.suburbComparison.sampleSize	identity_location		8/300	int
property_insights.floor_area.suburbComparison.suburbMedian	identity_location		8/300	float
property_insights.floor_area.suburbComparison.suburbName	identity_location		8/300	str
property_insights.floor_area.value	physical_attributes		8/300	float
property_insights.lot_size	editorial_ai		8/300	object
property_insights.lot_size.landUtilization	editorial_ai		1/300	object
property_insights.lot_size.landUtilization.buildingFootprint	editorial_ai		1/300	float
property_insights.lot_size.landUtilization.buildingFootprintPercent	editorial_ai		1/300	float
property_insights.lot_size.landUtilization.coveredOutdoor	editorial_ai		1/300	float
property_insights.lot_size.landUtilization.usableYard	editorial_ai		1/300	float
property_insights.lot_size.landUtilization.usableYardPercent	editorial_ai		1/300	float
property_insights.lot_size.rarity_insights	editorial_ai		8/300	array[]
property_insights.lot_size.value	editorial_ai		8/300	float/null
property_insights.parking	physical_attributes		8/300	object
property_insights.parking.rarity_insights	physical_attributes		8/300	array[]
property_insights.parking.suburbComparison	identity_location		8/300	object
property_insights.parking.suburbComparison.narrative	identity_location		8/300	str
property_insights.parking.suburbComparison.percentile	identity_location		8/300	int
property_insights.parking.suburbComparison.sampleSize	identity_location		8/300	int
property_insights.parking.suburbComparison.suburbMedian	identity_location		8/300	int
property_insights.parking.suburbComparison.suburbName	identity_location		8/300	str
property_insights.parking.value	physical_attributes		8/300	int
property_insights_updated	editorial_ai		20/300	datetime/str
property_tenure	other		128/300	str
property_tenure_desc	other		128/300	str
property_type	physical_attributes		174/300	str
property_type_correction	physical_attributes		3/300	object
property_type_correction.at	physical_attributes		3/300	datetime
property_type_correction.from	physical_attributes		3/300	str
property_type_correction.reason	physical_attributes		3/300	str
property_type_correction.rule	physical_attributes		3/300	str
property_type_correction.to	physical_attributes		3/300	str
property_type_correction.trusted_source	physical_attributes		3/300	str
property_valuation_data	valuation		130/300	object
property_valuation_data.bathrooms	physical_attributes		16/300	array[]/array[object]
property_valuation_data.bathrooms[].bath_present	physical_attributes		15/300	bool
property_valuation_data.bathrooms[].bathroom_label	physical_attributes		15/300	str
property_valuation_data.bathrooms[].condition_score	physical_attributes		15/300	int
property_valuation_data.bathrooms[].fixtures_quality	physical_attributes		15/300	str
property_valuation_data.bathrooms[].natural_light	physical_attributes		15/300	str
property_valuation_data.bathrooms[].quality_score	physical_attributes		15/300	int
property_valuation_data.bathrooms[].shower_type	physical_attributes		15/300	str
property_valuation_data.bathrooms[].tile_condition	physical_attributes		15/300	str
property_valuation_data.bathrooms[].vanity_style	physical_attributes		15/300	str
property_valuation_data.bathrooms[].visible	physical_attributes		15/300	bool
property_valuation_data.bedrooms	physical_attributes		16/300	array[]/array[object]
property_valuation_data.bedrooms[].bedroom_label	physical_attributes		15/300	str
property_valuation_data.bedrooms[].built_in_wardrobe	physical_attributes		15/300	bool
property_valuation_data.bedrooms[].ceiling_height	physical_attributes		15/300	str
property_valuation_data.bedrooms[].condition_score	physical_attributes		15/300	int
property_valuation_data.bedrooms[].ensuite	physical_attributes		15/300	bool
property_valuation_data.bedrooms[].flooring_condition	physical_attributes		15/300	str
property_valuation_data.bedrooms[].flooring_type	physical_attributes		15/300	str
property_valuation_data.bedrooms[].natural_light	physical_attributes		15/300	str
property_valuation_data.bedrooms[].paint_condition	physical_attributes		15/300	str
property_valuation_data.bedrooms[].quality_score	physical_attributes		15/300	int
property_valuation_data.bedrooms[].visible	physical_attributes		15/300	bool
property_valuation_data.bedrooms[].walk_in_robe	physical_attributes		15/300	bool
property_valuation_data.condition_summary	valuation		16/300	object
property_valuation_data.condition_summary.bathroom_score	physical_attributes		16/300	int/null
property_valuation_data.condition_summary.exterior_score	valuation		16/300	int
property_valuation_data.condition_summary.interior_score	valuation		16/300	int
property_valuation_data.condition_summary.kitchen_score	valuation		16/300	int/null
property_valuation_data.condition_summary.maintenance_level	valuation		16/300	str
property_valuation_data.condition_summary.outdoor_score	valuation		16/300	int
property_valuation_data.condition_summary.overall_score	valuation		16/300	int
property_valuation_data.exterior	valuation		130/300	object
property_valuation_data.exterior.cladding_condition	valuation		16/300	str
property_valuation_data.exterior.cladding_condition_score	valuation		114/300	int/null
property_valuation_data.exterior.cladding_condition_score_confidence	valuation		2/300	float/null
property_valuation_data.exterior.cladding_material	valuation		130/300	null/str
property_valuation_data.exterior.cladding_material_confidence	valuation		1/300	null
property_valuation_data.exterior.condition_score	valuation		16/300	int
property_valuation_data.exterior.door_quality_score	valuation		114/300	int/null
property_valuation_data.exterior.door_quality_score_confidence	valuation		2/300	float/null
property_valuation_data.exterior.driveway_condition_score	valuation		3/300	int
property_valuation_data.exterior.driveway_type	valuation		19/300	null/str
property_valuation_data.exterior.fence_condition_score	valuation		2/300	int/null
property_valuation_data.exterior.fence_type	valuation		18/300	str
property_valuation_data.exterior.garage_condition	valuation		16/300	null/str
property_valuation_data.exterior.garage_condition_score	valuation		114/300	int/null
property_valuation_data.exterior.garage_condition_score_confidence	valuation		2/300	float/null
property_valuation_data.exterior.garage_type	valuation		130/300	null/str
property_valuation_data.exterior.garage_type_confidence	valuation		1/300	float
property_valuation_data.exterior.landscaping_quality_score	valuation		1/300	int
property_valuation_data.exterior.outdoor_entertainment_score	valuation		1/300	int
property_valuation_data.exterior.overall_exterior_condition_score	valuation		114/300	int/null
property_valuation_data.exterior.overall_exterior_condition_score_confidence	valuation		2/300	float
property_valuation_data.exterior.paint_condition	valuation		130/300	null/str
property_valuation_data.exterior.paint_condition_confidence	valuation		2/300	float/null
property_valuation_data.exterior.paint_quality_score	valuation		114/300	int/null
property_valuation_data.exterior.paint_quality_score_confidence	valuation		1/300	null
property_valuation_data.exterior.pool_condition_score	valuation		1/300	null
property_valuation_data.exterior.pool_present	valuation		1/300	bool
property_valuation_data.exterior.pool_type	valuation		1/300	str
property_valuation_data.exterior.window_condition_score	valuation		114/300	int/null
property_valuation_data.exterior.window_condition_score_confidence	valuation		2/300	float/null
property_valuation_data.exterior.window_type	valuation		130/300	null/str
property_valuation_data.exterior.window_type_confidence	valuation		1/300	null
property_valuation_data.interior	valuation		114/300	object
property_valuation_data.interior. flooring_type	valuation		1/300	str
property_valuation_data.interior.appliances_quality_score	valuation		114/300	int/null
property_valuation_data.interior.appliances_quality_score_confidence	valuation		1/300	null
property_valuation_data.interior.bathroom_condition	physical_attributes		114/300	null/str
property_valuation_data.interior.bathroom_condition_confidence	physical_attributes		2/300	float/null
property_valuation_data.interior.bathroom_quality_score	physical_attributes		114/300	int/null
property_valuation_data.interior.bathroom_quality_score_confidence	physical_attributes		1/300	null
property_valuation_data.interior.ceiling_height	valuation		114/300	null/str
property_valuation_data.interior.ceiling_height_confidence	valuation		2/300	float/null
property_valuation_data.interior.fixtures_quality_score	valuation		114/300	int/null
property_valuation_data.interior.fixtures_quality_score_confidence	valuation		1/300	null
property_valuation_data.interior.flooring_condition_score	valuation		114/300	int/null
property_valuation_data.interior.flooring_condition_score_confidence	valuation		2/300	float/null
property_valuation_data.interior.flooring_quality_score	valuation		114/300	int/null
property_valuation_data.interior.flooring_quality_score_confidence	valuation		1/300	null
property_valuation_data.interior.flooring_type	valuation		113/300	null/str
property_valuation_data.interior.flooring_type_confidence	valuation		1/300	null
property_valuation_data.interior.kitchen_condition	valuation		114/300	null/str
property_valuation_data.interior.kitchen_condition_confidence	valuation		2/300	float/null
property_valuation_data.interior.kitchen_quality_score	valuation		114/300	int/null
property_valuation_data.interior.kitchen_quality_score_confidence	valuation		1/300	null
property_valuation_data.interior.natural_light_score	valuation		114/300	int/null
property_valuation_data.interior.natural_light_score_confidence	valuation		2/300	float/null
property_valuation_data.interior.overall_interior_condition_score	valuation		114/300	int/null
property_valuation_data.interior.overall_interior_condition_score_confidence	valuation		2/300	float/null
property_valuation_data.kitchen	valuation		16/300	object
property_valuation_data.kitchen.appliances_quality	valuation		16/300	null/str
property_valuation_data.kitchen.benchtop_material	valuation		16/300	null/str
property_valuation_data.kitchen.butler_pantry	valuation		16/300	bool
property_valuation_data.kitchen.cabinet_condition	valuation		16/300	null/str
property_valuation_data.kitchen.cabinet_style	valuation		16/300	null/str
property_valuation_data.kitchen.condition_score	valuation		16/300	int/null
property_valuation_data.kitchen.island_bench	valuation		16/300	bool
property_valuation_data.kitchen.natural_light	valuation		16/300	null/str
property_valuation_data.kitchen.quality_score	valuation		16/300	int/null
property_valuation_data.kitchen.splashback_type	valuation		16/300	null/str
property_valuation_data.kitchen.visible	valuation		16/300	bool
property_valuation_data.layout	valuation		114/300	object
property_valuation_data.layout.bathrooms_confidence	physical_attributes		1/300	float
property_valuation_data.layout.bedrooms_confidence	physical_attributes		1/300	float
property_valuation_data.layout.floor_area_source	physical_attributes		1/300	null
property_valuation_data.layout.floor_area_sqm	physical_attributes		113/300	float/int/null
property_valuation_data.layout.floor_area_sqm_confidence	physical_attributes		1/300	float
property_valuation_data.layout.layout_efficiency_score	valuation		113/300	int/null
property_valuation_data.layout.layout_efficiency_score_confidence	valuation		1/300	float
property_valuation_data.layout.living_areas_confidence	valuation		1/300	float
property_valuation_data.layout.natural_water_view	valuation		3/300	bool
property_valuation_data.layout.number_of_bathrooms	physical_attributes		113/300	float/int/null
property_valuation_data.layout.number_of_bedrooms	physical_attributes		113/300	int/null
property_valuation_data.layout.number_of_living_areas	valuation		113/300	int/null
property_valuation_data.layout.open_plan_layout	valuation		113/300	bool/null
property_valuation_data.layout.open_plan_layout_confidence	valuation		1/300	float
property_valuation_data.layout.study_present	valuation		113/300	bool/null
property_valuation_data.layout.study_present_confidence	valuation		1/300	float
property_valuation_data.layout.water_view_description	valuation		3/300	str
property_valuation_data.layout.water_view_quality_score	valuation		3/300	int/null
property_valuation_data.layout.water_view_rooms	physical_attributes		5/300	array[]/array[object]
property_valuation_data.layout.water_view_rooms[].description	physical_attributes		2/300	str
property_valuation_data.layout.water_view_rooms[].room_type	physical_attributes		2/300	str
property_valuation_data.layout.water_view_rooms[].view_quality_score	physical_attributes		2/300	int
property_valuation_data.layout.water_view_rooms[].water_view_type	physical_attributes		2/300	str
property_valuation_data.layout.water_view_type	valuation		3/300	str
property_valuation_data.living_areas	valuation		16/300	array[]/array[object]
property_valuation_data.living_areas[].area_label	valuation		15/300	str
property_valuation_data.living_areas[].ceiling_height	valuation		15/300	str
property_valuation_data.living_areas[].condition_score	valuation		15/300	int
property_valuation_data.living_areas[].flooring_condition	valuation		15/300	str
property_valuation_data.living_areas[].flooring_type	valuation		15/300	str
property_valuation_data.living_areas[].natural_light	valuation		15/300	str
property_valuation_data.living_areas[].open_plan_with_kitchen	valuation		15/300	bool
property_valuation_data.living_areas[].quality_score	valuation		15/300	int
property_valuation_data.living_areas[].visible	valuation		15/300	bool
property_valuation_data.metadata	valuation		114/300	object
property_valuation_data.metadata.extracted_at	valuation		114/300	float
property_valuation_data.metadata.has_professional_photography	valuation		113/300	bool
property_valuation_data.metadata.image_quality	valuation		113/300	str
property_valuation_data.metadata.model_used	valuation		114/300	str
property_valuation_data.metadata.total_images_analyzed	valuation		113/300	int/null
property_valuation_data.outdoor	valuation		130/300	object
property_valuation_data.outdoor.alfresco_covered	valuation		16/300	bool/null
property_valuation_data.outdoor.alfresco_present	valuation		16/300	bool
property_valuation_data.outdoor.alfresco_size	valuation		16/300	null/str
property_valuation_data.outdoor.driveway_condition_score	valuation		113/300	int/null
property_valuation_data.outdoor.driveway_condition_score_confidence	valuation		1/300	null
property_valuation_data.outdoor.driveway_type	valuation		113/300	null/str
property_valuation_data.outdoor.driveway_type_confidence	valuation		1/300	null
property_valuation_data.outdoor.fence_condition_score	valuation		114/300	int/null
property_valuation_data.outdoor.fence_condition_score_confidence	valuation		1/300	null
property_valuation_data.outdoor.fence_type	valuation		114/300	null/str
property_valuation_data.outdoor.fence_type_confidence	valuation		1/300	null
property_valuation_data.outdoor.landscaping_quality	valuation		16/300	str
property_valuation_data.outdoor.landscaping_quality_score	valuation		114/300	int/null
property_valuation_data.outdoor.landscaping_quality_score_confidence	valuation		1/300	null
property_valuation_data.outdoor.landscaping_score	valuation		16/300	int
property_valuation_data.outdoor.outdoor_entertainment_score	valuation		130/300	int/null
property_valuation_data.outdoor.outdoor_entertainment_score_confidence	valuation		1/300	null
property_valuation_data.outdoor.outdoor_kitchen_bbq	valuation		16/300	bool
property_valuation_data.outdoor.pool_condition	valuation		16/300	null/str
property_valuation_data.outdoor.pool_condition_score	valuation		130/300	int/null
property_valuation_data.outdoor.pool_condition_score_confidence	valuation		1/300	null
property_valuation_data.outdoor.pool_present	valuation		130/300	bool/null
property_valuation_data.outdoor.pool_present_confidence	valuation		1/300	float
property_valuation_data.outdoor.pool_type	valuation		130/300	null/str
property_valuation_data.outdoor.pool_type_confidence	valuation		1/300	null
property_valuation_data.outdoor.water_view_quality_score	valuation		16/300	int/null
property_valuation_data.outdoor.water_view_type	valuation		16/300	str
property_valuation_data.outdoor.water_views	valuation		16/300	bool
property_valuation_data.overall	valuation		114/300	object
property_valuation_data.overall.maintenance_level	valuation		113/300	null/str
property_valuation_data.overall.maintenance_level_confidence	valuation		1/300	float
property_valuation_data.overall.market_appeal_score	valuation		113/300	int/null
property_valuation_data.overall.market_appeal_score_confidence	valuation		1/300	float
property_valuation_data.overall.natural_water_view	valuation		63/300	bool
property_valuation_data.overall.negative_features	valuation		112/300	array[]/array[str]
property_valuation_data.overall.property_presentation_score	valuation		113/300	int/null
property_valuation_data.overall.property_presentation_score_confidence	valuation		1/300	float
property_valuation_data.overall.unique_features	valuation		112/300	array[]/array[str]
property_valuation_data.overall.water_view	valuation		2/300	object
property_valuation_data.overall.water_view.natural_water_view	valuation		2/300	bool
property_valuation_data.overall.water_view.water_view_description	valuation		2/300	str
property_valuation_data.overall.water_view.water_view_quality_score	valuation		2/300	int/null
property_valuation_data.overall.water_view.water_view_type	valuation		2/300	str
property_valuation_data.overall.water_view_description	valuation		63/300	null/str
property_valuation_data.overall.water_view_quality_score	valuation		63/300	int/null
property_valuation_data.overall.water_view_rooms	physical_attributes		58/300	array[]/array[object]
property_valuation_data.overall.water_view_rooms[].confidence_score	physical_attributes		1/300	float
property_valuation_data.overall.water_view_rooms[].description	physical_attributes		7/300	str
property_valuation_data.overall.water_view_rooms[].room_type	physical_attributes		7/300	str
property_valuation_data.overall.water_view_rooms[].view_quality_score	physical_attributes		7/300	int
property_valuation_data.overall.water_view_rooms[].water_view_type	physical_attributes		7/300	str
property_valuation_data.overall.water_view_type	valuation		63/300	null/str
property_valuation_data.property_metadata	valuation		16/300	object
property_valuation_data.property_metadata.air_conditioning	valuation		16/300	str
property_valuation_data.property_metadata.has_home_office	valuation		16/300	bool
property_valuation_data.property_metadata.has_professional_photography	valuation		16/300	bool
property_valuation_data.property_metadata.has_study	valuation		16/300	bool
property_valuation_data.property_metadata.image_quality	valuation		16/300	str
property_valuation_data.property_metadata.market_appeal_score	valuation		16/300	int
property_valuation_data.property_metadata.negative_features	valuation		16/300	array[]/array[str]
property_valuation_data.property_metadata.prestige_tier	valuation		10/300	str
property_valuation_data.property_metadata.property_presentation_score	valuation		16/300	int
property_valuation_data.property_metadata.smart_home_features	valuation		16/300	bool
property_valuation_data.property_metadata.solar_visible	valuation		16/300	bool
property_valuation_data.property_metadata.total_images_analyzed	valuation		16/300	int
property_valuation_data.property_metadata.unique_features	valuation		16/300	array[]/array[str]
property_valuation_data.property_overview	valuation		16/300	object
property_valuation_data.property_overview.architectural_style	valuation		16/300	str
property_valuation_data.property_overview.building_type	valuation		16/300	str
property_valuation_data.property_overview.number_of_stories	valuation		16/300	int/null
property_valuation_data.property_overview.overall_condition	valuation		16/300	str
property_valuation_data.property_overview.overall_condition_score	valuation		16/300	int
property_valuation_data.property_overview.roof_type	valuation		16/300	null/str
property_valuation_data.renovation	valuation		130/300	object
property_valuation_data.renovation.bathrooms_renovated	physical_attributes		16/300	bool
property_valuation_data.renovation.flooring_updated	valuation		16/300	bool
property_valuation_data.renovation.kitchen_renovated	valuation		16/300	bool
property_valuation_data.renovation.modern_features_score	valuation		130/300	int/null
property_valuation_data.renovation.modern_features_score_confidence	valuation		2/300	float/null
property_valuation_data.renovation.overall_renovation_level	valuation		16/300	str
property_valuation_data.renovation.renovation_level	valuation		114/300	null/str
property_valuation_data.renovation.renovation_level_confidence	valuation		2/300	float/null
property_valuation_data.renovation.renovation_recency	valuation		130/300	null/str
property_valuation_data.renovation.renovation_recency_confidence	valuation		2/300	float/null
property_valuation_data.structural	valuation		114/300	object
property_valuation_data.structural.architectural_style	valuation		114/300	null/str
property_valuation_data.structural.architectural_style_confidence	valuation		2/300	float
property_valuation_data.structural.building_type	valuation		114/300	null/str
property_valuation_data.structural.building_type_confidence	valuation		2/300	float
property_valuation_data.structural.number_of_stories	valuation		114/300	int/null
property_valuation_data.structural.number_of_stories_confidence	valuation		3/300	float
property_valuation_data.structural.roof_condition_score	valuation		114/300	int/null
property_valuation_data.structural.roof_condition_score_confidence	valuation		2/300	float
property_valuation_data.structural.roof_type	valuation		114/300	null/str
property_valuation_data.structural.roof_type_confidence	valuation		2/300	float
propradar_linked_at	other		7/300	str
propradar_property_id	identity_location		7/300	str
rental_estimate_fresh	other		6/300	object
rental_estimate_fresh.weekly_rent	other		6/300	int
rental_estimate_fresh.yield	other		6/300	float
sale_date	other		6/300	str
sale_method	other		10/300	str
sale_price	transactions_history		15/300	str
satellite_analysis	images_assets	satellite	15/300	object
satellite_analysis.analysis_pending	images_assets	satellite	2/300	bool
satellite_analysis.annotated_image_url	images_assets	satellite	2/300	str
satellite_analysis.boundary_polygon	images_assets	aerial	2/300	array[array[int]]
satellite_analysis.categories	images_assets	satellite	15/300	object
satellite_analysis.categories.adjacency	images_assets	satellite	15/300	object
satellite_analysis.categories.adjacency.backs_onto	images_assets	satellite	15/300	array[str]
satellite_analysis.categories.adjacency.elevation_position	images_assets	satellite	15/300	str
satellite_analysis.categories.adjacency.frontage	images_assets	satellite	15/300	str
satellite_analysis.categories.amenity_premiums	images_assets	satellite	15/300	object
satellite_analysis.categories.amenity_premiums.green_space_proximity	images_assets	satellite	15/300	str
satellite_analysis.categories.amenity_premiums.mature_landscaping	images_assets	satellite	15/300	str
satellite_analysis.categories.amenity_premiums.outdoor_entertaining	images_assets	satellite	15/300	str
satellite_analysis.categories.amenity_premiums.pool_visible	images_assets	satellite	15/300	bool
satellite_analysis.categories.amenity_premiums.street_appeal	images_assets	satellite	15/300	str
satellite_analysis.categories.amenity_premiums.water_proximity	images_assets	satellite	15/300	str
satellite_analysis.categories.detractants	images_assets	satellite	15/300	object
satellite_analysis.categories.detractants.commercial_adjacency	images_assets	satellite	15/300	str
satellite_analysis.categories.detractants.construction_disruption	images_assets	satellite	15/300	str
satellite_analysis.categories.detractants.flight_path	images_assets	satellite	15/300	bool
satellite_analysis.categories.detractants.flood_indicator	images_assets	satellite	15/300	str
satellite_analysis.categories.detractants.overlooking_risk	images_assets	satellite	15/300	str
satellite_analysis.categories.detractants.power_line_proximity	images_assets	satellite	15/300	str
satellite_analysis.categories.detractants.traffic_noise_risk	images_assets	satellite	15/300	str
satellite_analysis.categories.lot_characteristics	images_assets	satellite	15/300	object
satellite_analysis.categories.lot_characteristics.lot_shape	images_assets	satellite	15/300	str
satellite_analysis.categories.lot_characteristics.neighbour_setback	images_assets	satellite	15/300	str
satellite_analysis.categories.lot_characteristics.parking_provision	physical_attributes		15/300	str
satellite_analysis.categories.lot_characteristics.usable_yard	images_assets	satellite	15/300	str
satellite_analysis.categories.neighbourhood	images_assets	satellite	15/300	object
satellite_analysis.categories.neighbourhood.density	images_assets	satellite	15/300	str
satellite_analysis.categories.neighbourhood.homogeneity	images_assets	satellite	15/300	str
satellite_analysis.categories.neighbourhood.neighbourhood_quality	images_assets	satellite	15/300	str
satellite_analysis.features	images_assets	satellite	2/300	array[]
satellite_analysis.image_size	images_assets	satellite	14/300	str
satellite_analysis.model	images_assets	satellite	15/300	str
satellite_analysis.narrative	images_assets	satellite	15/300	object
satellite_analysis.narrative.buyer_highlights	images_assets	satellite	15/300	array[str]
satellite_analysis.narrative.construction_activity	images_assets	satellite	15/300	str
satellite_analysis.narrative.flood_drainage_risk	images_assets	satellite	15/300	str
satellite_analysis.narrative.green_cover	images_assets	satellite	15/300	str
satellite_analysis.narrative.lot_assessment	images_assets	satellite	15/300	str
satellite_analysis.narrative.neighbour_density	images_assets	satellite	15/300	str
satellite_analysis.narrative.overall_setting	images_assets	satellite	15/300	str
satellite_analysis.narrative.parking_access	physical_attributes		15/300	str
satellite_analysis.narrative.pool_and_outdoor	images_assets	satellite	15/300	str
satellite_analysis.narrative.road_proximity	images_assets	satellite	15/300	str
satellite_analysis.narrative.surrounding_land_use	images_assets	satellite	15/300	str
satellite_analysis.pin_confirmed	images_assets	satellite	1/300	bool
satellite_analysis.processed_at	images_assets	satellite	15/300	datetime
satellite_analysis.processing_duration_seconds	images_assets	satellite	13/300	float
satellite_analysis.satellite_image_url	images_assets	satellite	15/300	str
satellite_analysis.source	images_assets	satellite	2/300	str
satellite_analysis.zoom_level	images_assets	satellite	15/300	int
scrape_mode	other		8/300	str
scraped_at	other		242/300	datetime
scraped_at_v2	other		161/300	datetime
scraped_data	listing_scrape		249/300	object
scraped_data.address	identity_location		242/300	object/str
scraped_data.address.__typename	identity_location		3/300	str
scraped_data.address.displayAddress	identity_location		3/300	str
scraped_data.address.geolocation	identity_location		3/300	object
scraped_data.address.geolocation.__typename	identity_location		3/300	str
scraped_data.address.geolocation.latitude	identity_location		3/300	float
scraped_data.address.geolocation.longitude	identity_location		3/300	float
scraped_data.address.postcode	identity_location		3/300	str
scraped_data.address.state	identity_location		3/300	str
scraped_data.address.street	identity_location		3/300	str
scraped_data.address.streetName	identity_location		3/300	str
scraped_data.address.streetNumber	identity_location		3/300	str
scraped_data.address.streetType	identity_location		3/300	str
scraped_data.address.streetTypeLong	identity_location		3/300	str
scraped_data.address.suburb	identity_location		3/300	object
scraped_data.address.suburb.__typename	identity_location		3/300	str
scraped_data.address.suburb.area	identity_location		3/300	str
scraped_data.address.suburb.name	identity_location		3/300	str
scraped_data.address.suburb.postcode	identity_location		3/300	str
scraped_data.address.suburb.region	identity_location		3/300	str
scraped_data.address.suburb.slug	identity_location		3/300	str
scraped_data.address.suburb.state	identity_location		3/300	str
scraped_data.address.suburbName	identity_location		3/300	str
scraped_data.address.unitNumber	identity_location		3/300	str
scraped_data.address_pid	identity_location		242/300	int/null
scraped_data.features	listing_scrape		243/300	object
scraped_data.features.bathrooms	physical_attributes		242/300	int/null
scraped_data.features.bedrooms	physical_attributes		242/300	int/null
scraped_data.features.car_spaces	physical_attributes		242/300	int/null
scraped_data.features.land_size	physical_attributes		242/300	null
scraped_data.features.property_type	physical_attributes		243/300	str
scraped_data.images	images_assets	facade_gallery	242/300	array[]/array[object]
scraped_data.images[].date	images_assets	facade_gallery	221/300	null/str
scraped_data.images[].index	images_assets	facade_gallery	221/300	int
scraped_data.images[].url	images_assets	facade_gallery	221/300	str
scraped_data.images_updated_at	images_assets	facade_gallery	2/300	str
scraped_data.property_timeline	listing_scrape		249/300	array[]/array[object]
scraped_data.property_timeline[].agency_name	listing_scrape		224/300	null/str
scraped_data.property_timeline[].agency_url	listing_scrape		224/300	null/str
scraped_data.property_timeline[].category	listing_scrape		224/300	str
scraped_data.property_timeline[].date	listing_scrape		224/300	str
scraped_data.property_timeline[].days_on_market	market_metrics		224/300	int/null
scraped_data.property_timeline[].is_major_event	listing_scrape		224/300	bool
scraped_data.property_timeline[].is_sold	transactions_history		224/300	bool/null
scraped_data.property_timeline[].month_year	listing_scrape		224/300	str
scraped_data.property_timeline[].price	listing_scrape		224/300	int/null
scraped_data.property_timeline[].type	listing_scrape		224/300	str
scraped_data.rental_estimate	listing_scrape		242/300	object
scraped_data.rental_estimate.weekly_rent	listing_scrape		242/300	int/null
scraped_data.rental_estimate.yield	listing_scrape		242/300	float/null
scraped_data.rental_estimate_history	listing_scrape		26/300	array[object]
scraped_data.rental_estimate_history[].recorded_at	listing_scrape		26/300	str
scraped_data.rental_estimate_history[].weekly_rent	listing_scrape		26/300	int
scraped_data.rental_estimate_history[].yield	listing_scrape		26/300	float
scraped_data.scraped_at	listing_scrape		242/300	str
scraped_data.suburb	identity_location		239/300	str
scraped_data.url	listing_scrape		242/300	str
scraped_data.valuation	valuation		242/300	object
scraped_data.valuation.accuracy	valuation		242/300	null/str
scraped_data.valuation.date	valuation		242/300	null/str
scraped_data.valuation.high	valuation		242/300	int/null
scraped_data.valuation.low	valuation		242/300	int/null
scraped_data.valuation.mid	valuation		242/300	int/null
scraped_data.valuation_history	valuation		26/300	array[]/array[object]
scraped_data.valuation_history[].accuracy	valuation		20/300	str
scraped_data.valuation_history[].date	valuation		20/300	str
scraped_data.valuation_history[].high	valuation		20/300	int
scraped_data.valuation_history[].low	valuation		20/300	int
scraped_data.valuation_history[].mid	valuation		20/300	int
scraped_data.valuation_history[].recorded_at	valuation		20/300	str
scraped_data.worker_id	listing_scrape		239/300	int
scraped_data_apr01_recovered	listing_scrape		218/300	object
scraped_data_apr01_recovered.address	identity_location		218/300	str
scraped_data_apr01_recovered.address_pid	identity_location		218/300	int
scraped_data_apr01_recovered.features	listing_scrape		218/300	object
scraped_data_apr01_recovered.features.bathrooms	physical_attributes		218/300	int/null
scraped_data_apr01_recovered.features.bedrooms	physical_attributes		218/300	int/null
scraped_data_apr01_recovered.features.car_spaces	physical_attributes		218/300	int/null
scraped_data_apr01_recovered.features.land_size	physical_attributes		218/300	null
scraped_data_apr01_recovered.features.property_type	physical_attributes		218/300	str
scraped_data_apr01_recovered.images	images_assets	facade_gallery	218/300	array[object]
scraped_data_apr01_recovered.images[].date	images_assets	facade_gallery	218/300	null/str
scraped_data_apr01_recovered.images[].index	images_assets	facade_gallery	218/300	int
scraped_data_apr01_recovered.images[].url	images_assets	facade_gallery	218/300	str
scraped_data_apr01_recovered.images_updated_at	images_assets	facade_gallery	2/300	str
scraped_data_apr01_recovered.property_timeline	listing_scrape		218/300	array[]/array[object]
scraped_data_apr01_recovered.property_timeline[].agency_name	listing_scrape		200/300	null/str
scraped_data_apr01_recovered.property_timeline[].agency_url	listing_scrape		200/300	null/str
scraped_data_apr01_recovered.property_timeline[].category	listing_scrape		200/300	str
scraped_data_apr01_recovered.property_timeline[].date	listing_scrape		200/300	str
scraped_data_apr01_recovered.property_timeline[].days_on_market	market_metrics		200/300	int/null
scraped_data_apr01_recovered.property_timeline[].is_major_event	listing_scrape		200/300	bool
scraped_data_apr01_recovered.property_timeline[].is_sold	transactions_history		200/300	bool/null
scraped_data_apr01_recovered.property_timeline[].month_year	listing_scrape		200/300	str
scraped_data_apr01_recovered.property_timeline[].price	listing_scrape		200/300	int/null
scraped_data_apr01_recovered.property_timeline[].type	listing_scrape		200/300	str
scraped_data_apr01_recovered.rental_estimate	listing_scrape		218/300	object
scraped_data_apr01_recovered.rental_estimate.weekly_rent	listing_scrape		218/300	int/null
scraped_data_apr01_recovered.rental_estimate.yield	listing_scrape		218/300	float/null
scraped_data_apr01_recovered.rental_estimate_history	listing_scrape		25/300	array[object]
scraped_data_apr01_recovered.rental_estimate_history[].recorded_at	listing_scrape		25/300	str
scraped_data_apr01_recovered.rental_estimate_history[].weekly_rent	listing_scrape		25/300	int
scraped_data_apr01_recovered.rental_estimate_history[].yield	listing_scrape		25/300	float
scraped_data_apr01_recovered.scraped_at	listing_scrape		218/300	str
scraped_data_apr01_recovered.suburb	identity_location		218/300	str
scraped_data_apr01_recovered.url	listing_scrape		218/300	str
scraped_data_apr01_recovered.valuation	valuation		218/300	object
scraped_data_apr01_recovered.valuation.accuracy	valuation		218/300	null/str
scraped_data_apr01_recovered.valuation.date	valuation		218/300	null/str
scraped_data_apr01_recovered.valuation.high	valuation		218/300	int/null
scraped_data_apr01_recovered.valuation.low	valuation		218/300	int/null
scraped_data_apr01_recovered.valuation.mid	valuation		218/300	int/null
scraped_data_apr01_recovered.valuation_history	valuation		25/300	array[]/array[object]
scraped_data_apr01_recovered.valuation_history[].accuracy	valuation		20/300	str
scraped_data_apr01_recovered.valuation_history[].date	valuation		20/300	str
scraped_data_apr01_recovered.valuation_history[].high	valuation		20/300	int
scraped_data_apr01_recovered.valuation_history[].low	valuation		20/300	int
scraped_data_apr01_recovered.valuation_history[].mid	valuation		20/300	int
scraped_data_apr01_recovered.valuation_history[].recorded_at	valuation		20/300	str
scraped_data_apr01_recovered.worker_id	listing_scrape		218/300	int
scraped_data_oth	listing_scrape		4/300	object
scraped_data_oth.<dynamic>	listing_scrape		4/300	object (29 data keys)
scraped_data_v2	listing_scrape		161/300	object
scraped_data_v2.address_line	identity_location		161/300	str
scraped_data_v2.bathrooms	physical_attributes		161/300	int/null
scraped_data_v2.bedrooms	physical_attributes		161/300	int/null
scraped_data_v2.category	listing_scrape		161/300	str
scraped_data_v2.comparable_sales	valuation		161/300	array[]/array[object]
scraped_data_v2.comparable_sales[].address	identity_location		159/300	str
scraped_data_v2.comparable_sales[].bathrooms	physical_attributes		159/300	int
scraped_data_v2.comparable_sales[].bedrooms	physical_attributes		159/300	int
scraped_data_v2.comparable_sales[].car_spaces	physical_attributes		159/300	int
scraped_data_v2.comparable_sales[].last_sale_date	valuation		159/300	null/str
scraped_data_v2.comparable_sales[].last_sale_price	valuation		159/300	int/null
scraped_data_v2.domain_hpg_slug	identity_location		161/300	str
scraped_data_v2.domain_property_id	identity_location		161/300	str
scraped_data_v2.hero_image_url	images_assets	hero_facade	161/300	null/str
scraped_data_v2.image_count	images_assets	facade_gallery	161/300	int
scraped_data_v2.image_urls	images_assets	facade_gallery	161/300	array[]/array[str]
scraped_data_v2.internal_area_sqm	listing_scrape		161/300	int/null
scraped_data_v2.land_area_sqm	physical_attributes		161/300	int/null
scraped_data_v2.lot_number	listing_scrape		161/300	null/str
scraped_data_v2.parking_spaces	physical_attributes		161/300	int/null
scraped_data_v2.plan_number	listing_scrape		161/300	null/str
scraped_data_v2.property_type	physical_attributes		161/300	str
scraped_data_v2.rental_estimate	listing_scrape		161/300	object
scraped_data_v2.rental_estimate.confidence	valuation		161/300	null/str
scraped_data_v2.rental_estimate.date	listing_scrape		161/300	null/str
scraped_data_v2.rental_estimate.weekly_rent	listing_scrape		161/300	int/null
scraped_data_v2.rental_estimate.yield_pct	listing_scrape		161/300	float/int/null
scraped_data_v2.section_number	listing_scrape		161/300	null
scraped_data_v2.structured_address	identity_location		161/300	object
scraped_data_v2.structured_address.postcode	identity_location		161/300	str
scraped_data_v2.structured_address.state	identity_location		161/300	str
scraped_data_v2.structured_address.street_name	identity_location		161/300	str
scraped_data_v2.structured_address.street_number	identity_location		161/300	str
scraped_data_v2.structured_address.street_type	identity_location		161/300	str
scraped_data_v2.structured_address.suburb_name	identity_location		161/300	str
scraped_data_v2.timeline	listing_scrape		161/300	array[]/array[object]
scraped_data_v2.timeline[].agency	listing_scrape		144/300	null/object
scraped_data_v2.timeline[].agency.__typename	listing_scrape		96/300	str
scraped_data_v2.timeline[].agency.name	listing_scrape		96/300	str
scraped_data_v2.timeline[].agency.profileUrl	listing_scrape		96/300	null/str
scraped_data_v2.timeline[].category	listing_scrape		144/300	str
scraped_data_v2.timeline[].days_on_market	market_metrics		144/300	int/null
scraped_data_v2.timeline[].event_date	listing_scrape		144/300	str
scraped_data_v2.timeline[].event_price	listing_scrape		144/300	int/null
scraped_data_v2.timeline[].is_major_event	listing_scrape		144/300	bool
scraped_data_v2.timeline[].is_sold	transactions_history		144/300	bool/null
scraped_data_v2.timeline[].price_description	listing_scrape		144/300	str
scraped_data_v2.valuation	valuation		161/300	object
scraped_data_v2.valuation.confidence	valuation		161/300	null/str
scraped_data_v2.valuation.date	valuation		161/300	null/str
scraped_data_v2.valuation.lower	valuation		161/300	int/null
scraped_data_v2.valuation.mid	valuation		161/300	int/null
scraped_data_v2.valuation.source	valuation		161/300	null/str
scraped_data_v2.valuation.upper	valuation		161/300	int/null
scraped_floor_plans	images_assets	floor_plan	8/300	array[str]
scraped_property_images	images_assets	facade_gallery	8/300	array[str]
scraped_url_v2	other		161/300	str
scraped_v2_failed_at	other		16/300	datetime
scraped_v2_failed_reason	other		16/300	str
selling_agency	other		3/300	str
selling_agent	listing_scrape		3/300	str
sold_analysis	transactions_history		6/300	object
sold_analysis.benchmarks_used	transactions_history		6/300	object
sold_analysis.benchmarks_used.median	market_metrics		6/300	float
sold_analysis.benchmarks_used.n	transactions_history		6/300	int
sold_analysis.benchmarks_used.suburb	identity_location		6/300	str
sold_analysis.data_completeness	transactions_history		6/300	float
sold_analysis.generated_at	transactions_history		6/300	str
sold_analysis.generator	transactions_history		6/300	str
sold_analysis.headline	transactions_history		6/300	str
sold_analysis.insights	editorial_ai		6/300	array[object]
sold_analysis.insights[].evidence	editorial_ai		6/300	object
sold_analysis.insights[].evidence.delta	editorial_ai		5/300	float/int
sold_analysis.insights[].evidence.dom	editorial_ai		1/300	int
sold_analysis.insights[].evidence.dom_median	editorial_ai		1/300	int
sold_analysis.insights[].evidence.median	editorial_ai		5/300	float/int
sold_analysis.insights[].evidence.n	editorial_ai		5/300	int
sold_analysis.insights[].evidence.percentile	editorial_ai		5/300	int
sold_analysis.insights[].evidence.price	editorial_ai		5/300	int
sold_analysis.insights[].evidence.segment	editorial_ai		5/300	str
sold_analysis.insights[].text	editorial_ai		6/300	str
sold_analysis.insights[].tier	editorial_ai		6/300	int
sold_analysis.insights[].type	editorial_ai		6/300	str
sold_analysis.source_hash	transactions_history		6/300	str
sold_analysis.sources	transactions_history		6/300	array[str]
sold_analysis.status	transactions_history		6/300	str
sold_analysis.summary	transactions_history		6/300	str
sold_analysis.version	transactions_history		6/300	int
sold_date	transactions_history		16/300	str
sold_detection_date	transactions_history		3/300	str
sold_fullres_at	transactions_history		14/300	str
sold_fullres_count	transactions_history		14/300	int
sold_fullres_localized	transactions_history		14/300	bool
sold_merge_date	transactions_history		6/300	datetime
sold_scrape_source	transactions_history		8/300	str
sold_source	transactions_history		6/300	str
sold_status	transactions_history		6/300	str
sold_updated_at	transactions_history		8/300	str
source	other		14/300	str
source_for_sale_address	identity_location		3/300	str
state	other		4/300	str
strata_lot_count	other		1/300	int
street_address	identity_location		14/300	str
street_view_analysis	images_assets	street_view	5/300	object
street_view_analysis.categories	images_assets	street_view	1/300	object
street_view_analysis.categories.dwelling	images_assets	street_view	1/300	object
street_view_analysis.categories.dwelling.approximate_build_era	images_assets	street_view	1/300	str
street_view_analysis.categories.dwelling.condition_impression	images_assets	street_view	1/300	str
street_view_analysis.categories.dwelling.estimated_bedrooms	physical_attributes		1/300	str
street_view_analysis.categories.dwelling.storeys	images_assets	street_view	1/300	int
street_view_analysis.categories.dwelling.style	images_assets	street_view	1/300	str
street_view_analysis.categories.exterior	images_assets	street_view	1/300	object
street_view_analysis.categories.exterior.primary_cladding	images_assets	street_view	1/300	str
street_view_analysis.categories.exterior.roof_condition	images_assets	street_view	1/300	str
street_view_analysis.categories.exterior.roof_type	images_assets	street_view	1/300	str
street_view_analysis.categories.frontage	images_assets	street_view	1/300	object
street_view_analysis.categories.frontage.entry	images_assets	street_view	1/300	str
street_view_analysis.categories.frontage.fencing	images_assets	street_view	1/300	str
street_view_analysis.categories.frontage.front_yard	images_assets	street_view	1/300	str
street_view_analysis.categories.frontage.porch_or_verandah	images_assets	street_view	1/300	str
street_view_analysis.categories.parking	physical_attributes		1/300	object
street_view_analysis.categories.parking.driveway	physical_attributes		1/300	str
street_view_analysis.categories.parking.garage	physical_attributes		1/300	str
street_view_analysis.categories.street_context	images_assets	street_view	1/300	object
street_view_analysis.categories.street_context.kerb_appeal_relative_to_street	images_assets	street_view	1/300	str
street_view_analysis.categories.street_context.street_appeal	images_assets	street_view	1/300	str
street_view_analysis.categories.street_context.street_type	images_assets	street_view	1/300	str
street_view_analysis.checked_at	images_assets	street_view	1/300	datetime
street_view_analysis.fov	images_assets	street_view	4/300	int
street_view_analysis.method	images_assets	street_view	3/300	str
street_view_analysis.model	images_assets	street_view	4/300	null/str
street_view_analysis.narrative	images_assets	street_view	1/300	object
street_view_analysis.narrative.buyer_appeal	images_assets	street_view	1/300	array[str]
street_view_analysis.narrative.frontage_description	images_assets	street_view	1/300	str
street_view_analysis.narrative.kerb_summary	images_assets	street_view	1/300	str
street_view_analysis.narrative.street_setting	images_assets	street_view	1/300	str
street_view_analysis.narrative.visible_trade_offs	images_assets	street_view	1/300	array[str]
street_view_analysis.pitch	images_assets	street_view	4/300	int
street_view_analysis.processed_at	images_assets	street_view	4/300	datetime
street_view_analysis.source	images_assets	street_view	4/300	str
street_view_analysis.status	images_assets	street_view	1/300	str
street_view_analysis.street_view_image_url	images_assets	street_view	4/300	str
suburb	identity_location		18/300	str
target_market	market_metrics		112/300	bool
target_market_labeled_at	market_metrics		112/300	datetime
timeline_updated_at	pipeline_meta		88/300	datetime
total_floor_area	physical_attributes		13/300	float
transactions	transactions_history		7/300	array[object]
transactions[].date	transactions_history		7/300	str
transactions[].price	transactions_history		7/300	int
transactions[].source	transactions_history		7/300	str
transactions_source	transactions_history		1/300	str
transactions_updated	transactions_history		7/300	datetime
under_contract_detected_at	listing_scrape		3/300	str
under_contract_source_text	listing_scrape		3/300	str
unit_indexable	other		150/300	bool
unit_indexable_at	other		150/300	datetime
unit_indexable_reason	other		150/300	str
updated_at	other		26/300	datetime
url_slug	identity_location		300/300	str
valuation_data	valuation		132/300	object
valuation_data.adjusted_comparables	valuation		95/300	array[object]
valuation_data.adjusted_comparables[].address	identity_location		95/300	str
valuation_data.adjusted_comparables[].adjusted_price	valuation		95/300	int
valuation_data.adjusted_comparables[].adjustments	valuation		95/300	object
valuation_data.adjusted_comparables[].adjustments.ac_type	valuation		95/300	object
valuation_data.adjusted_comparables[].adjustments.ac_type.comp_value	valuation		95/300	int
valuation_data.adjusted_comparables[].adjustments.ac_type.diff	valuation		95/300	int
valuation_data.adjusted_comparables[].adjustments.ac_type.dollars	valuation		95/300	int
valuation_data.adjusted_comparables[].adjustments.ac_type.dollars_unshrunk	valuation		2/300	int
valuation_data.adjusted_comparables[].adjustments.ac_type.rate	valuation		95/300	int
valuation_data.adjusted_comparables[].adjustments.ac_type.subject_value	valuation		95/300	int
valuation_data.adjusted_comparables[].adjustments.bathrooms	physical_attributes		95/300	object
valuation_data.adjusted_comparables[].adjustments.bathrooms.comp_value	physical_attributes		95/300	int
valuation_data.adjusted_comparables[].adjustments.bathrooms.diff	physical_attributes		95/300	int
valuation_data.adjusted_comparables[].adjustments.bathrooms.dollars	physical_attributes		95/300	int
valuation_data.adjusted_comparables[].adjustments.bathrooms.dollars_unshrunk	physical_attributes		11/300	int
valuation_data.adjusted_comparables[].adjustments.bathrooms.rate	physical_attributes		95/300	int
valuation_data.adjusted_comparables[].adjustments.bathrooms.skipped	physical_attributes		16/300	bool
valuation_data.adjusted_comparables[].adjustments.bathrooms.subject_value	physical_attributes		95/300	int
valuation_data.adjusted_comparables[].adjustments.beach_proximity	valuation		95/300	object
valuation_data.adjusted_comparables[].adjustments.beach_proximity.comp_value	valuation		95/300	float
valuation_data.adjusted_comparables[].adjustments.beach_proximity.diff	valuation		95/300	float
valuation_data.adjusted_comparables[].adjustments.beach_proximity.dollars	valuation		95/300	int
valuation_data.adjusted_comparables[].adjustments.beach_proximity.dollars_unshrunk	valuation		95/300	int
valuation_data.adjusted_comparables[].adjustments.beach_proximity.rate	valuation		95/300	str
valuation_data.adjusted_comparables[].adjustments.beach_proximity.skipped	valuation		95/300	bool
valuation_data.adjusted_comparables[].adjustments.beach_proximity.subject_value	valuation		95/300	float
valuation_data.adjusted_comparables[].adjustments.bedrooms	physical_attributes		95/300	object
valuation_data.adjusted_comparables[].adjustments.bedrooms.comp_value	physical_attributes		95/300	int
valuation_data.adjusted_comparables[].adjustments.bedrooms.diff	physical_attributes		95/300	int
valuation_data.adjusted_comparables[].adjustments.bedrooms.dollars	physical_attributes		95/300	int
valuation_data.adjusted_comparables[].adjustments.bedrooms.dollars_unshrunk	physical_attributes		42/300	int
valuation_data.adjusted_comparables[].adjustments.bedrooms.rate	physical_attributes		95/300	int
valuation_data.adjusted_comparables[].adjustments.bedrooms.skipped	physical_attributes		5/300	bool
valuation_data.adjusted_comparables[].adjustments.bedrooms.subject_value	physical_attributes		95/300	int
valuation_data.adjusted_comparables[].adjustments.car_spaces	physical_attributes		95/300	object
valuation_data.adjusted_comparables[].adjustments.car_spaces.comp_value	physical_attributes		95/300	int
valuation_data.adjusted_comparables[].adjustments.car_spaces.diff	physical_attributes		95/300	int
valuation_data.adjusted_comparables[].adjustments.car_spaces.dollars	physical_attributes		95/300	int
valuation_data.adjusted_comparables[].adjustments.car_spaces.dollars_unshrunk	physical_attributes		24/300	int
valuation_data.adjusted_comparables[].adjustments.car_spaces.rate	physical_attributes		95/300	int
valuation_data.adjusted_comparables[].adjustments.car_spaces.skipped	physical_attributes		1/300	bool
valuation_data.adjusted_comparables[].adjustments.car_spaces.subject_value	physical_attributes		95/300	int
valuation_data.adjusted_comparables[].adjustments.cladding	valuation		95/300	object
valuation_data.adjusted_comparables[].adjustments.cladding.comp_value	valuation		95/300	int
valuation_data.adjusted_comparables[].adjustments.cladding.diff	valuation		95/300	int
valuation_data.adjusted_comparables[].adjustments.cladding.dollars	valuation		95/300	int
valuation_data.adjusted_comparables[].adjustments.cladding.dollars_unshrunk	valuation		47/300	int
valuation_data.adjusted_comparables[].adjustments.cladding.rate	valuation		95/300	int
valuation_data.adjusted_comparables[].adjustments.cladding.subject_value	valuation		95/300	int
valuation_data.adjusted_comparables[].adjustments.condition	valuation		95/300	object
valuation_data.adjusted_comparables[].adjustments.condition.comp_value	valuation		95/300	int
valuation_data.adjusted_comparables[].adjustments.condition.diff	valuation		95/300	int
valuation_data.adjusted_comparables[].adjustments.condition.dollars	valuation		95/300	int
valuation_data.adjusted_comparables[].adjustments.condition.dollars_unshrunk	valuation		33/300	int
valuation_data.adjusted_comparables[].adjustments.condition.prestige_rate	valuation		95/300	float
valuation_data.adjusted_comparables[].adjustments.condition.rate	valuation		95/300	float
valuation_data.adjusted_comparables[].adjustments.condition.subject_value	valuation		95/300	int
valuation_data.adjusted_comparables[].adjustments.floor_area	physical_attributes		95/300	object
valuation_data.adjusted_comparables[].adjustments.floor_area.comp_value	physical_attributes		95/300	float
valuation_data.adjusted_comparables[].adjustments.floor_area.diff	physical_attributes		95/300	float
valuation_data.adjusted_comparables[].adjustments.floor_area.dollars	physical_attributes		95/300	int
valuation_data.adjusted_comparables[].adjustments.floor_area.dollars_unshrunk	physical_attributes		95/300	int
valuation_data.adjusted_comparables[].adjustments.floor_area.rate	physical_attributes		95/300	int
valuation_data.adjusted_comparables[].adjustments.floor_area.subject_value	physical_attributes		95/300	float
valuation_data.adjusted_comparables[].adjustments.golf_course_backing	valuation		95/300	object
valuation_data.adjusted_comparables[].adjustments.golf_course_backing.comp_value	valuation		95/300	int
valuation_data.adjusted_comparables[].adjustments.golf_course_backing.diff	valuation		95/300	float
valuation_data.adjusted_comparables[].adjustments.golf_course_backing.dollars	valuation		95/300	int
valuation_data.adjusted_comparables[].adjustments.golf_course_backing.dollars_unshrunk	valuation		8/300	int
valuation_data.adjusted_comparables[].adjustments.golf_course_backing.rate	valuation		95/300	str
valuation_data.adjusted_comparables[].adjustments.golf_course_backing.skipped	valuation		95/300	bool
valuation_data.adjusted_comparables[].adjustments.golf_course_backing.subject_value	valuation		95/300	int
valuation_data.adjusted_comparables[].adjustments.kitchen	valuation		95/300	object
valuation_data.adjusted_comparables[].adjustments.kitchen.comp_value	valuation		95/300	int
valuation_data.adjusted_comparables[].adjustments.kitchen.diff	valuation		95/300	int
valuation_data.adjusted_comparables[].adjustments.kitchen.dollars	valuation		95/300	int
valuation_data.adjusted_comparables[].adjustments.kitchen.rate	valuation		95/300	int
valuation_data.adjusted_comparables[].adjustments.kitchen.retired	valuation		95/300	bool
valuation_data.adjusted_comparables[].adjustments.kitchen.retired_reason	valuation		95/300	str
valuation_data.adjusted_comparables[].adjustments.kitchen.subject_value	valuation		95/300	int
valuation_data.adjusted_comparables[].adjustments.land_size	physical_attributes		95/300	object
valuation_data.adjusted_comparables[].adjustments.land_size.comp_value	physical_attributes		95/300	float
valuation_data.adjusted_comparables[].adjustments.land_size.diff	physical_attributes		95/300	float
valuation_data.adjusted_comparables[].adjustments.land_size.dollars	physical_attributes		95/300	int
valuation_data.adjusted_comparables[].adjustments.land_size.dollars_unshrunk	physical_attributes		92/300	int
valuation_data.adjusted_comparables[].adjustments.land_size.rate	physical_attributes		95/300	int
valuation_data.adjusted_comparables[].adjustments.land_size.subject_value	physical_attributes		95/300	float
valuation_data.adjusted_comparables[].adjustments.micro_location	valuation		95/300	object
valuation_data.adjusted_comparables[].adjustments.micro_location.comp_value	valuation		95/300	float
valuation_data.adjusted_comparables[].adjustments.micro_location.diff	valuation		95/300	float
valuation_data.adjusted_comparables[].adjustments.micro_location.dollars	valuation		95/300	int
valuation_data.adjusted_comparables[].adjustments.micro_location.dollars_unshrunk	valuation		95/300	int
valuation_data.adjusted_comparables[].adjustments.micro_location.rate	valuation		95/300	str
valuation_data.adjusted_comparables[].adjustments.micro_location.skipped	valuation		95/300	bool
valuation_data.adjusted_comparables[].adjustments.micro_location.subject_value	valuation		95/300	float
valuation_data.adjusted_comparables[].adjustments.pool	valuation		95/300	object
valuation_data.adjusted_comparables[].adjustments.pool.comp_value	valuation		95/300	bool/int
valuation_data.adjusted_comparables[].adjustments.pool.diff	valuation		95/300	int
valuation_data.adjusted_comparables[].adjustments.pool.dollars	valuation		95/300	int
valuation_data.adjusted_comparables[].adjustments.pool.dollars_unshrunk	valuation		33/300	int
valuation_data.adjusted_comparables[].adjustments.pool.rate	valuation		95/300	int
valuation_data.adjusted_comparables[].adjustments.pool.skipped	valuation		8/300	bool
valuation_data.adjusted_comparables[].adjustments.pool.subject_value	valuation		95/300	int/null
valuation_data.adjusted_comparables[].adjustments.property_age	valuation		95/300	object
valuation_data.adjusted_comparables[].adjustments.property_age.comp_value	valuation		95/300	int
valuation_data.adjusted_comparables[].adjustments.property_age.diff	valuation		95/300	int
valuation_data.adjusted_comparables[].adjustments.property_age.dollars	valuation		95/300	int
valuation_data.adjusted_comparables[].adjustments.property_age.dollars_unshrunk	valuation		80/300	int
valuation_data.adjusted_comparables[].adjustments.property_age.rate	valuation		95/300	int
valuation_data.adjusted_comparables[].adjustments.property_age.subject_value	valuation		95/300	int
valuation_data.adjusted_comparables[].adjustments.renovation	valuation		95/300	object
valuation_data.adjusted_comparables[].adjustments.renovation.comp_value	valuation		95/300	int
valuation_data.adjusted_comparables[].adjustments.renovation.diff	valuation		95/300	int
valuation_data.adjusted_comparables[].adjustments.renovation.dollars	valuation		95/300	int
valuation_data.adjusted_comparables[].adjustments.renovation.rate	valuation		95/300	int
valuation_data.adjusted_comparables[].adjustments.renovation.retired	valuation		95/300	bool
valuation_data.adjusted_comparables[].adjustments.renovation.retired_reason	valuation		95/300	str
valuation_data.adjusted_comparables[].adjustments.renovation.subject_value	valuation		95/300	int
valuation_data.adjusted_comparables[].adjustments.renovation_quality	valuation		95/300	object
valuation_data.adjusted_comparables[].adjustments.renovation_quality.comp_value	valuation		95/300	float/null
valuation_data.adjusted_comparables[].adjustments.renovation_quality.diff	valuation		95/300	float/int
valuation_data.adjusted_comparables[].adjustments.renovation_quality.dollars	valuation		95/300	int
valuation_data.adjusted_comparables[].adjustments.renovation_quality.rate	valuation		95/300	int
valuation_data.adjusted_comparables[].adjustments.renovation_quality.retired	valuation		95/300	bool
valuation_data.adjusted_comparables[].adjustments.renovation_quality.retired_reason	valuation		95/300	str
valuation_data.adjusted_comparables[].adjustments.renovation_quality.skipped	valuation		95/300	bool
valuation_data.adjusted_comparables[].adjustments.renovation_quality.subject_value	valuation		95/300	float/null
valuation_data.adjusted_comparables[].adjustments.stories	valuation		95/300	object
valuation_data.adjusted_comparables[].adjustments.stories.comp_value	valuation		95/300	int
valuation_data.adjusted_comparables[].adjustments.stories.diff	valuation		95/300	int
valuation_data.adjusted_comparables[].adjustments.stories.dollars	valuation		95/300	int
valuation_data.adjusted_comparables[].adjustments.stories.dollars_unshrunk	valuation		4/300	int
valuation_data.adjusted_comparables[].adjustments.stories.rate	valuation		95/300	int
valuation_data.adjusted_comparables[].adjustments.stories.subject_value	valuation		95/300	int
valuation_data.adjusted_comparables[].adjustments.street_premium	valuation		95/300	object
valuation_data.adjusted_comparables[].adjustments.street_premium.comp_value	valuation		95/300	float/null
valuation_data.adjusted_comparables[].adjustments.street_premium.diff	valuation		95/300	float
valuation_data.adjusted_comparables[].adjustments.street_premium.dollars	valuation		95/300	int
valuation_data.adjusted_comparables[].adjustments.street_premium.dollars_unshrunk	valuation		17/300	int
valuation_data.adjusted_comparables[].adjustments.street_premium.rate	valuation		95/300	str
valuation_data.adjusted_comparables[].adjustments.street_premium.skipped	valuation		95/300	bool
valuation_data.adjusted_comparables[].adjustments.street_premium.subject_value	valuation		95/300	float/null
valuation_data.adjusted_comparables[].adjustments.water_views	valuation		95/300	object
valuation_data.adjusted_comparables[].adjustments.water_views.comp_value	valuation		95/300	int
valuation_data.adjusted_comparables[].adjustments.water_views.diff	valuation		95/300	int
valuation_data.adjusted_comparables[].adjustments.water_views.dollars	valuation		95/300	int
valuation_data.adjusted_comparables[].adjustments.water_views.dollars_unshrunk	valuation		25/300	int
valuation_data.adjusted_comparables[].adjustments.water_views.rate	valuation		95/300	int
valuation_data.adjusted_comparables[].adjustments.water_views.subject_value	valuation		95/300	int
valuation_data.adjusted_comparables[].distance_km	valuation		95/300	float
valuation_data.adjusted_comparables[].sale_date	valuation		95/300	null/str
valuation_data.adjusted_comparables[].sale_price	valuation		95/300	float
valuation_data.adjusted_comparables[].total_adjustment	valuation		95/300	int
valuation_data.adjusted_comparables[].total_adjustment_pct	valuation		95/300	float
valuation_data.adjusted_comparables[].verification	valuation		95/300	str
valuation_data.adjusted_comparables[].weight	valuation		95/300	float
valuation_data.adjustment_rates	valuation		102/300	object
valuation_data.adjustment_rates.rates	valuation		102/300	object
valuation_data.adjustment_rates.rates.condition_pct_per_point	valuation		102/300	float
valuation_data.adjustment_rates.rates.floor_per_sqm	valuation		102/300	int
valuation_data.adjustment_rates.rates.land_per_sqm	valuation		102/300	int
valuation_data.adjustment_rates.rates.n_rates_overridden	valuation		96/300	int
valuation_data.adjustment_rates.rates.per_ac_ducted	valuation		102/300	int
valuation_data.adjustment_rates.rates.per_bathroom	physical_attributes		102/300	int
valuation_data.adjustment_rates.rates.per_bedroom	physical_attributes		102/300	int
valuation_data.adjustment_rates.rates.per_car_space	physical_attributes		102/300	int
valuation_data.adjustment_rates.rates.per_cladding_level	valuation		102/300	int
valuation_data.adjustment_rates.rates.per_kitchen_point	valuation		102/300	int
valuation_data.adjustment_rates.rates.per_pool	valuation		102/300	int
valuation_data.adjustment_rates.rates.per_renovation_level	valuation		102/300	int
valuation_data.adjustment_rates.rates.per_renovation_quality_point	valuation		6/300	int
valuation_data.adjustment_rates.rates.per_storey	valuation		102/300	int
valuation_data.adjustment_rates.rates.per_water_view	valuation		102/300	int
valuation_data.adjustment_rates.rates.per_year_age	valuation		102/300	int
valuation_data.adjustment_rates.sample_size	valuation		102/300	int
valuation_data.adjustment_rates.source	valuation		102/300	str
valuation_data.chart_points	valuation		102/300	array[object]
valuation_data.chart_points[].id	valuation		102/300	str
valuation_data.chart_points[].label	valuation		102/300	str
valuation_data.chart_points[].npui	valuation		102/300	float
valuation_data.chart_points[].price	valuation		102/300	float
valuation_data.chart_points[].series	valuation		102/300	str
valuation_data.chart_points[].type	valuation		102/300	str
valuation_data.comparables	valuation		102/300	array[]/array[object]
valuation_data.comparables[]._data_quality_pct	valuation		1/300	float
valuation_data.comparables[].address	identity_location		1/300	str
valuation_data.comparables[].adjustment_result	valuation		1/300	object
valuation_data.comparables[].adjustment_result.adjusted_price	valuation		1/300	int
valuation_data.comparables[].adjustment_result.adjustments	valuation		1/300	object
valuation_data.comparables[].adjustment_result.adjustments.ac_type	valuation		1/300	object
valuation_data.comparables[].adjustment_result.adjustments.ac_type.comp_value	valuation		1/300	int
valuation_data.comparables[].adjustment_result.adjustments.ac_type.diff	valuation		1/300	int
valuation_data.comparables[].adjustment_result.adjustments.ac_type.dollars	valuation		1/300	int
valuation_data.comparables[].adjustment_result.adjustments.ac_type.rate	valuation		1/300	int
valuation_data.comparables[].adjustment_result.adjustments.ac_type.subject_value	valuation		1/300	int
valuation_data.comparables[].adjustment_result.adjustments.bathrooms	physical_attributes		1/300	object
valuation_data.comparables[].adjustment_result.adjustments.bathrooms.comp_value	physical_attributes		1/300	int
valuation_data.comparables[].adjustment_result.adjustments.bathrooms.diff	physical_attributes		1/300	int
valuation_data.comparables[].adjustment_result.adjustments.bathrooms.dollars	physical_attributes		1/300	int
valuation_data.comparables[].adjustment_result.adjustments.bathrooms.rate	physical_attributes		1/300	int
valuation_data.comparables[].adjustment_result.adjustments.bathrooms.subject_value	physical_attributes		1/300	int
valuation_data.comparables[].adjustment_result.adjustments.beach_proximity	valuation		1/300	object
valuation_data.comparables[].adjustment_result.adjustments.beach_proximity.comp_value	valuation		1/300	float
valuation_data.comparables[].adjustment_result.adjustments.beach_proximity.diff	valuation		1/300	float
valuation_data.comparables[].adjustment_result.adjustments.beach_proximity.dollars	valuation		1/300	int
valuation_data.comparables[].adjustment_result.adjustments.beach_proximity.dollars_unshrunk	valuation		1/300	int
valuation_data.comparables[].adjustment_result.adjustments.beach_proximity.rate	valuation		1/300	str
valuation_data.comparables[].adjustment_result.adjustments.beach_proximity.skipped	valuation		1/300	bool
valuation_data.comparables[].adjustment_result.adjustments.beach_proximity.subject_value	valuation		1/300	float
valuation_data.comparables[].adjustment_result.adjustments.bedrooms	physical_attributes		1/300	object
valuation_data.comparables[].adjustment_result.adjustments.bedrooms.comp_value	physical_attributes		1/300	int
valuation_data.comparables[].adjustment_result.adjustments.bedrooms.diff	physical_attributes		1/300	int
valuation_data.comparables[].adjustment_result.adjustments.bedrooms.dollars	physical_attributes		1/300	int
valuation_data.comparables[].adjustment_result.adjustments.bedrooms.rate	physical_attributes		1/300	int
valuation_data.comparables[].adjustment_result.adjustments.bedrooms.subject_value	physical_attributes		1/300	int
valuation_data.comparables[].adjustment_result.adjustments.car_spaces	physical_attributes		1/300	object
valuation_data.comparables[].adjustment_result.adjustments.car_spaces.comp_value	physical_attributes		1/300	int
valuation_data.comparables[].adjustment_result.adjustments.car_spaces.diff	physical_attributes		1/300	int
valuation_data.comparables[].adjustment_result.adjustments.car_spaces.dollars	physical_attributes		1/300	int
valuation_data.comparables[].adjustment_result.adjustments.car_spaces.rate	physical_attributes		1/300	int
valuation_data.comparables[].adjustment_result.adjustments.car_spaces.subject_value	physical_attributes		1/300	int
valuation_data.comparables[].adjustment_result.adjustments.cladding	valuation		1/300	object
valuation_data.comparables[].adjustment_result.adjustments.cladding.comp_value	valuation		1/300	int
valuation_data.comparables[].adjustment_result.adjustments.cladding.diff	valuation		1/300	int
valuation_data.comparables[].adjustment_result.adjustments.cladding.dollars	valuation		1/300	int
valuation_data.comparables[].adjustment_result.adjustments.cladding.dollars_unshrunk	valuation		1/300	int
valuation_data.comparables[].adjustment_result.adjustments.cladding.rate	valuation		1/300	int
valuation_data.comparables[].adjustment_result.adjustments.cladding.subject_value	valuation		1/300	int
valuation_data.comparables[].adjustment_result.adjustments.condition	valuation		1/300	object
valuation_data.comparables[].adjustment_result.adjustments.condition.comp_value	valuation		1/300	int
valuation_data.comparables[].adjustment_result.adjustments.condition.diff	valuation		1/300	int
valuation_data.comparables[].adjustment_result.adjustments.condition.dollars	valuation		1/300	int
valuation_data.comparables[].adjustment_result.adjustments.condition.dollars_unshrunk	valuation		1/300	int
valuation_data.comparables[].adjustment_result.adjustments.condition.prestige_rate	valuation		1/300	float
valuation_data.comparables[].adjustment_result.adjustments.condition.rate	valuation		1/300	float
valuation_data.comparables[].adjustment_result.adjustments.condition.subject_value	valuation		1/300	int
valuation_data.comparables[].adjustment_result.adjustments.floor_area	physical_attributes		1/300	object
valuation_data.comparables[].adjustment_result.adjustments.floor_area.comp_value	physical_attributes		1/300	float
valuation_data.comparables[].adjustment_result.adjustments.floor_area.diff	physical_attributes		1/300	float
valuation_data.comparables[].adjustment_result.adjustments.floor_area.dollars	physical_attributes		1/300	int
valuation_data.comparables[].adjustment_result.adjustments.floor_area.dollars_unshrunk	physical_attributes		1/300	int
valuation_data.comparables[].adjustment_result.adjustments.floor_area.rate	physical_attributes		1/300	int
valuation_data.comparables[].adjustment_result.adjustments.floor_area.subject_value	physical_attributes		1/300	float
valuation_data.comparables[].adjustment_result.adjustments.golf_course_backing	valuation		1/300	object
valuation_data.comparables[].adjustment_result.adjustments.golf_course_backing.comp_value	valuation		1/300	int
valuation_data.comparables[].adjustment_result.adjustments.golf_course_backing.diff	valuation		1/300	float
valuation_data.comparables[].adjustment_result.adjustments.golf_course_backing.dollars	valuation		1/300	int
valuation_data.comparables[].adjustment_result.adjustments.golf_course_backing.rate	valuation		1/300	str
valuation_data.comparables[].adjustment_result.adjustments.golf_course_backing.skipped	valuation		1/300	bool
valuation_data.comparables[].adjustment_result.adjustments.golf_course_backing.subject_value	valuation		1/300	int
valuation_data.comparables[].adjustment_result.adjustments.kitchen	valuation		1/300	object
valuation_data.comparables[].adjustment_result.adjustments.kitchen.comp_value	valuation		1/300	int
valuation_data.comparables[].adjustment_result.adjustments.kitchen.diff	valuation		1/300	int
valuation_data.comparables[].adjustment_result.adjustments.kitchen.dollars	valuation		1/300	int
valuation_data.comparables[].adjustment_result.adjustments.kitchen.rate	valuation		1/300	int
valuation_data.comparables[].adjustment_result.adjustments.kitchen.retired	valuation		1/300	bool
valuation_data.comparables[].adjustment_result.adjustments.kitchen.retired_reason	valuation		1/300	str
valuation_data.comparables[].adjustment_result.adjustments.kitchen.subject_value	valuation		1/300	int
valuation_data.comparables[].adjustment_result.adjustments.land_size	physical_attributes		1/300	object
valuation_data.comparables[].adjustment_result.adjustments.land_size.comp_value	physical_attributes		1/300	float
valuation_data.comparables[].adjustment_result.adjustments.land_size.diff	physical_attributes		1/300	float
valuation_data.comparables[].adjustment_result.adjustments.land_size.dollars	physical_attributes		1/300	int
valuation_data.comparables[].adjustment_result.adjustments.land_size.dollars_unshrunk	physical_attributes		1/300	int
valuation_data.comparables[].adjustment_result.adjustments.land_size.rate	physical_attributes		1/300	int
valuation_data.comparables[].adjustment_result.adjustments.land_size.subject_value	physical_attributes		1/300	float
valuation_data.comparables[].adjustment_result.adjustments.micro_location	valuation		1/300	object
valuation_data.comparables[].adjustment_result.adjustments.micro_location.comp_value	valuation		1/300	float
valuation_data.comparables[].adjustment_result.adjustments.micro_location.diff	valuation		1/300	float
valuation_data.comparables[].adjustment_result.adjustments.micro_location.dollars	valuation		1/300	int
valuation_data.comparables[].adjustment_result.adjustments.micro_location.dollars_unshrunk	valuation		1/300	int
valuation_data.comparables[].adjustment_result.adjustments.micro_location.rate	valuation		1/300	str
valuation_data.comparables[].adjustment_result.adjustments.micro_location.skipped	valuation		1/300	bool
valuation_data.comparables[].adjustment_result.adjustments.micro_location.subject_value	valuation		1/300	float
valuation_data.comparables[].adjustment_result.adjustments.pool	valuation		1/300	object
valuation_data.comparables[].adjustment_result.adjustments.pool.comp_value	valuation		1/300	int
valuation_data.comparables[].adjustment_result.adjustments.pool.diff	valuation		1/300	int
valuation_data.comparables[].adjustment_result.adjustments.pool.dollars	valuation		1/300	int
valuation_data.comparables[].adjustment_result.adjustments.pool.dollars_unshrunk	valuation		1/300	int
valuation_data.comparables[].adjustment_result.adjustments.pool.rate	valuation		1/300	int
valuation_data.comparables[].adjustment_result.adjustments.pool.subject_value	valuation		1/300	int
valuation_data.comparables[].adjustment_result.adjustments.property_age	valuation		1/300	object
valuation_data.comparables[].adjustment_result.adjustments.property_age.comp_value	valuation		1/300	int
valuation_data.comparables[].adjustment_result.adjustments.property_age.diff	valuation		1/300	int
valuation_data.comparables[].adjustment_result.adjustments.property_age.dollars	valuation		1/300	int
valuation_data.comparables[].adjustment_result.adjustments.property_age.rate	valuation		1/300	int
valuation_data.comparables[].adjustment_result.adjustments.property_age.subject_value	valuation		1/300	int
valuation_data.comparables[].adjustment_result.adjustments.renovation	valuation		1/300	object
valuation_data.comparables[].adjustment_result.adjustments.renovation.comp_value	valuation		1/300	int
valuation_data.comparables[].adjustment_result.adjustments.renovation.diff	valuation		1/300	int
valuation_data.comparables[].adjustment_result.adjustments.renovation.dollars	valuation		1/300	int
valuation_data.comparables[].adjustment_result.adjustments.renovation.rate	valuation		1/300	int
valuation_data.comparables[].adjustment_result.adjustments.renovation.retired	valuation		1/300	bool
valuation_data.comparables[].adjustment_result.adjustments.renovation.retired_reason	valuation		1/300	str
valuation_data.comparables[].adjustment_result.adjustments.renovation.subject_value	valuation		1/300	int
valuation_data.comparables[].adjustment_result.adjustments.renovation_quality	valuation		1/300	object
valuation_data.comparables[].adjustment_result.adjustments.renovation_quality.comp_value	valuation		1/300	float
valuation_data.comparables[].adjustment_result.adjustments.renovation_quality.diff	valuation		1/300	float
valuation_data.comparables[].adjustment_result.adjustments.renovation_quality.dollars	valuation		1/300	int
valuation_data.comparables[].adjustment_result.adjustments.renovation_quality.rate	valuation		1/300	int
valuation_data.comparables[].adjustment_result.adjustments.renovation_quality.retired	valuation		1/300	bool
valuation_data.comparables[].adjustment_result.adjustments.renovation_quality.retired_reason	valuation		1/300	str
valuation_data.comparables[].adjustment_result.adjustments.renovation_quality.skipped	valuation		1/300	bool
valuation_data.comparables[].adjustment_result.adjustments.renovation_quality.subject_value	valuation		1/300	float
valuation_data.comparables[].adjustment_result.adjustments.stories	valuation		1/300	object
valuation_data.comparables[].adjustment_result.adjustments.stories.comp_value	valuation		1/300	int
valuation_data.comparables[].adjustment_result.adjustments.stories.diff	valuation		1/300	int
valuation_data.comparables[].adjustment_result.adjustments.stories.dollars	valuation		1/300	int
valuation_data.comparables[].adjustment_result.adjustments.stories.dollars_unshrunk	valuation		1/300	int
valuation_data.comparables[].adjustment_result.adjustments.stories.rate	valuation		1/300	int
valuation_data.comparables[].adjustment_result.adjustments.stories.subject_value	valuation		1/300	int
valuation_data.comparables[].adjustment_result.adjustments.street_premium	valuation		1/300	object
valuation_data.comparables[].adjustment_result.adjustments.street_premium.comp_value	valuation		1/300	null
valuation_data.comparables[].adjustment_result.adjustments.street_premium.diff	valuation		1/300	float
valuation_data.comparables[].adjustment_result.adjustments.street_premium.dollars	valuation		1/300	int
valuation_data.comparables[].adjustment_result.adjustments.street_premium.rate	valuation		1/300	str
valuation_data.comparables[].adjustment_result.adjustments.street_premium.skipped	valuation		1/300	bool
valuation_data.comparables[].adjustment_result.adjustments.street_premium.subject_value	valuation		1/300	float
valuation_data.comparables[].adjustment_result.adjustments.water_views	valuation		1/300	object
valuation_data.comparables[].adjustment_result.adjustments.water_views.comp_value	valuation		1/300	int
valuation_data.comparables[].adjustment_result.adjustments.water_views.diff	valuation		1/300	int
valuation_data.comparables[].adjustment_result.adjustments.water_views.dollars	valuation		1/300	int
valuation_data.comparables[].adjustment_result.adjustments.water_views.rate	valuation		1/300	int
valuation_data.comparables[].adjustment_result.adjustments.water_views.subject_value	valuation		1/300	int
valuation_data.comparables[].adjustment_result.rates_source	valuation		1/300	str
valuation_data.comparables[].adjustment_result.reliability_applied	valuation		1/300	float
valuation_data.comparables[].adjustment_result.total_adjustment	valuation		1/300	int
valuation_data.comparables[].adjustment_result.total_adjustment_pct	valuation		1/300	float
valuation_data.comparables[].adjustment_result.total_adjustment_unshrunk	valuation		1/300	int
valuation_data.comparables[].distance_km	valuation		1/300	float
valuation_data.comparables[].features	valuation		1/300	object
valuation_data.comparables[].features.basic	valuation		1/300	object
valuation_data.comparables[].features.basic.ac_ducted	valuation		1/300	bool
valuation_data.comparables[].features.basic.approximate_build_year	valuation		1/300	int
valuation_data.comparables[].features.basic.bathrooms	physical_attributes		1/300	int
valuation_data.comparables[].features.basic.beach_distance_km	valuation		1/300	float
valuation_data.comparables[].features.basic.bedrooms	physical_attributes		1/300	int
valuation_data.comparables[].features.basic.car_spaces	physical_attributes		1/300	int
valuation_data.comparables[].features.basic.cladding_level	valuation		1/300	int
valuation_data.comparables[].features.basic.cladding_raw	valuation		1/300	str
valuation_data.comparables[].features.basic.floor_area_sqm	physical_attributes		1/300	float
valuation_data.comparables[].features.basic.kitchen_score	valuation		1/300	int
valuation_data.comparables[].features.basic.land_size_sqm	physical_attributes		1/300	float
valuation_data.comparables[].features.basic.number_of_stories	valuation		1/300	int
valuation_data.comparables[].features.basic.pool_present	valuation		1/300	bool
valuation_data.comparables[].features.basic.renovation_level	valuation		1/300	int
valuation_data.comparables[].features.basic.renovation_level_raw	valuation		1/300	str
valuation_data.comparables[].features.basic.renovation_quality_score	valuation		1/300	float
valuation_data.comparables[].features.basic.water_views	valuation		1/300	bool
valuation_data.comparables[].features.npui_breakdown	valuation		1/300	object
valuation_data.comparables[].features.npui_breakdown.inputs	valuation		1/300	object
valuation_data.comparables[].features.npui_breakdown.inputs.bathrooms	physical_attributes		1/300	int
valuation_data.comparables[].features.npui_breakdown.inputs.bedrooms	physical_attributes		1/300	int
valuation_data.comparables[].features.npui_breakdown.inputs.carspaces	physical_attributes		1/300	int
valuation_data.comparables[].features.npui_breakdown.inputs.exterior.overall_exterior_condition_score	valuation		1/300	int
valuation_data.comparables[].features.npui_breakdown.inputs.floor_area_sqm	physical_attributes		1/300	float
valuation_data.comparables[].features.npui_breakdown.inputs.interior.bathroom_quality_score	physical_attributes		1/300	float
valuation_data.comparables[].features.npui_breakdown.inputs.interior.kitchen_quality_score	valuation		1/300	int
valuation_data.comparables[].features.npui_breakdown.inputs.interior.natural_light_score	valuation		1/300	float
valuation_data.comparables[].features.npui_breakdown.inputs.interior.overall_interior_condition_score	valuation		1/300	int
valuation_data.comparables[].features.npui_breakdown.inputs.land_size_sqm	physical_attributes		1/300	float
valuation_data.comparables[].features.npui_breakdown.inputs.layout.layout_efficiency_score	valuation		1/300	int
valuation_data.comparables[].features.npui_breakdown.inputs.layout.number_of_living_areas	valuation		1/300	int
valuation_data.comparables[].features.npui_breakdown.inputs.outdoor.landscaping_quality_score	valuation		1/300	int
valuation_data.comparables[].features.npui_breakdown.inputs.outdoor.outdoor_entertainment_score	valuation		1/300	int
valuation_data.comparables[].features.npui_breakdown.inputs.renovation.modern_features_score	valuation		1/300	int
valuation_data.comparables[].features.npui_breakdown.npui	valuation		1/300	float
valuation_data.comparables[].features.npui_breakdown.null_fields	valuation		1/300	array[str]
valuation_data.comparables[].features.npui_breakdown.raw_utility	valuation		1/300	float
valuation_data.comparables[].id	valuation		1/300	str
valuation_data.comparables[].images	valuation		1/300	array[str]
valuation_data.comparables[].included_in_valuation	valuation		1/300	bool
valuation_data.comparables[].independent_valuation	valuation		1/300	int
valuation_data.comparables[].narrative	valuation		1/300	str
valuation_data.comparables[].price	valuation		1/300	float
valuation_data.comparables[].series	valuation		1/300	str
valuation_data.comparables[].utility_index	valuation		1/300	float
valuation_data.comparables[].valuation_price	valuation		1/300	null
valuation_data.comparables[].verification	valuation		1/300	object
valuation_data.comparables[].verification.accuracy_pct	valuation		1/300	float
valuation_data.comparables[].verification.checks_passed	valuation		1/300	bool
valuation_data.comparables[].verification.data_quality_pct	valuation		1/300	float
valuation_data.comparables[].verification.is_verified	valuation		1/300	bool
valuation_data.comparables[].verification.issues	valuation		1/300	array[str]
valuation_data.comparables[].verification.npui_accuracy_pct	valuation		1/300	float
valuation_data.comparables[].verification.status	valuation		1/300	str
valuation_data.comparables[].verification.z_score	valuation		1/300	float
valuation_data.comparables[].weight	valuation		1/300	object
valuation_data.comparables[].weight.factors	valuation		1/300	object
valuation_data.comparables[].weight.factors.adjusted_accuracy	valuation		1/300	float
valuation_data.comparables[].weight.factors.adjustment_quality	valuation		1/300	float
valuation_data.comparables[].weight.factors.data_quality	valuation		1/300	float
valuation_data.comparables[].weight.factors.proximity	valuation		1/300	float
valuation_data.comparables[].weight.factors.recency	valuation		1/300	float
valuation_data.comparables[].weight.factors.verification	valuation		1/300	float
valuation_data.comparables[].weight.normalized	valuation		1/300	float
valuation_data.comparables[].weight.raw_weight	valuation		1/300	float
valuation_data.computed_at	valuation		132/300	datetime
valuation_data.confidence	valuation		132/300	object
valuation_data.confidence.confidence	valuation		132/300	str
valuation_data.confidence.cv	valuation		102/300	float/null
valuation_data.confidence.exclusion_reason	valuation		30/300	str
valuation_data.confidence.n_total	valuation		132/300	int
valuation_data.confidence.n_verified	valuation		132/300	int
valuation_data.confidence.range	valuation		132/300	null/object
valuation_data.confidence.range.high	valuation		96/300	int
valuation_data.confidence.range.low	valuation		96/300	int
valuation_data.confidence.range_basis	valuation		95/300	object
valuation_data.confidence.range_basis.half_width_pct	valuation		95/300	float
valuation_data.confidence.range_basis.kind	valuation		95/300	str
valuation_data.confidence.range_basis.measured_on	valuation		95/300	str
valuation_data.confidence.range_basis.n_sales	valuation		95/300	int
valuation_data.confidence.range_basis.note	valuation		95/300	str
valuation_data.confidence.range_basis.suburb	identity_location		95/300	str
valuation_data.confidence.reconciled_valuation	valuation		132/300	int/null
valuation_data.confidence.std_dev	valuation		102/300	int/null
valuation_data.confidence.suburb_calibration	identity_location		95/300	object
valuation_data.confidence.suburb_calibration.factor	identity_location		95/300	float
valuation_data.confidence.suburb_calibration.measured_on	identity_location		95/300	str
valuation_data.confidence.suburb_calibration.reason	identity_location		95/300	str
valuation_data.confidence.suburb_calibration.suburb	identity_location		95/300	str
valuation_data.location_factors	valuation		102/300	object
valuation_data.location_factors.golf_course_backing	valuation		102/300	bool
valuation_data.location_factors.golf_course_confidence	valuation		102/300	str
valuation_data.location_factors.golf_course_premium_applied	valuation		102/300	int
valuation_data.location_factors.golf_course_reason	valuation		102/300	str
valuation_data.metadata	valuation		132/300	object
valuation_data.metadata.computation_time_ms	valuation		10/300	int
valuation_data.metadata.directional_only	valuation		102/300	bool
valuation_data.metadata.gaps_version	valuation		132/300	int
valuation_data.metadata.generated_at	valuation		132/300	int
valuation_data.metadata.input_fingerprint	valuation		1/300	str
valuation_data.metadata.parameters	valuation		132/300	object
valuation_data.metadata.parameters.address	identity_location		132/300	str
valuation_data.recent_sales	valuation		102/300	array[]/array[object]
valuation_data.recent_sales[]._data_quality_pct	valuation		98/300	float
valuation_data.recent_sales[].address	identity_location		98/300	str
valuation_data.recent_sales[].adjustment_result	valuation		98/300	object
valuation_data.recent_sales[].adjustment_result.adjusted_price	valuation		98/300	int
valuation_data.recent_sales[].adjustment_result.adjustments	valuation		98/300	object
valuation_data.recent_sales[].adjustment_result.adjustments.ac_type	valuation		98/300	object
valuation_data.recent_sales[].adjustment_result.adjustments.ac_type.comp_value	valuation		98/300	int
valuation_data.recent_sales[].adjustment_result.adjustments.ac_type.diff	valuation		98/300	int
valuation_data.recent_sales[].adjustment_result.adjustments.ac_type.dollars	valuation		98/300	int
valuation_data.recent_sales[].adjustment_result.adjustments.ac_type.rate	valuation		98/300	int
valuation_data.recent_sales[].adjustment_result.adjustments.ac_type.subject_value	valuation		98/300	int
valuation_data.recent_sales[].adjustment_result.adjustments.bathrooms	physical_attributes		98/300	object
valuation_data.recent_sales[].adjustment_result.adjustments.bathrooms.comp_value	physical_attributes		98/300	int
valuation_data.recent_sales[].adjustment_result.adjustments.bathrooms.diff	physical_attributes		98/300	int
valuation_data.recent_sales[].adjustment_result.adjustments.bathrooms.dollars	physical_attributes		98/300	int
valuation_data.recent_sales[].adjustment_result.adjustments.bathrooms.dollars_unshrunk	physical_attributes		10/300	int
valuation_data.recent_sales[].adjustment_result.adjustments.bathrooms.rate	physical_attributes		98/300	int
valuation_data.recent_sales[].adjustment_result.adjustments.bathrooms.skipped	physical_attributes		16/300	bool
valuation_data.recent_sales[].adjustment_result.adjustments.bathrooms.subject_value	physical_attributes		98/300	int
valuation_data.recent_sales[].adjustment_result.adjustments.beach_proximity	valuation		98/300	object
valuation_data.recent_sales[].adjustment_result.adjustments.beach_proximity.comp_value	valuation		98/300	float
valuation_data.recent_sales[].adjustment_result.adjustments.beach_proximity.diff	valuation		98/300	float
valuation_data.recent_sales[].adjustment_result.adjustments.beach_proximity.dollars	valuation		98/300	int
valuation_data.recent_sales[].adjustment_result.adjustments.beach_proximity.dollars_unshrunk	valuation		95/300	int
valuation_data.recent_sales[].adjustment_result.adjustments.beach_proximity.rate	valuation		98/300	str
valuation_data.recent_sales[].adjustment_result.adjustments.beach_proximity.skipped	valuation		98/300	bool
valuation_data.recent_sales[].adjustment_result.adjustments.beach_proximity.subject_value	valuation		98/300	float
valuation_data.recent_sales[].adjustment_result.adjustments.bedrooms	physical_attributes		98/300	object
valuation_data.recent_sales[].adjustment_result.adjustments.bedrooms.comp_value	physical_attributes		98/300	int
valuation_data.recent_sales[].adjustment_result.adjustments.bedrooms.diff	physical_attributes		98/300	int
valuation_data.recent_sales[].adjustment_result.adjustments.bedrooms.dollars	physical_attributes		98/300	int
valuation_data.recent_sales[].adjustment_result.adjustments.bedrooms.dollars_unshrunk	physical_attributes		82/300	int
valuation_data.recent_sales[].adjustment_result.adjustments.bedrooms.rate	physical_attributes		98/300	int
valuation_data.recent_sales[].adjustment_result.adjustments.bedrooms.skipped	physical_attributes		5/300	bool
valuation_data.recent_sales[].adjustment_result.adjustments.bedrooms.subject_value	physical_attributes		98/300	int
valuation_data.recent_sales[].adjustment_result.adjustments.car_spaces	physical_attributes		98/300	object
valuation_data.recent_sales[].adjustment_result.adjustments.car_spaces.comp_value	physical_attributes		98/300	int
valuation_data.recent_sales[].adjustment_result.adjustments.car_spaces.diff	physical_attributes		98/300	int
valuation_data.recent_sales[].adjustment_result.adjustments.car_spaces.dollars	physical_attributes		98/300	int
valuation_data.recent_sales[].adjustment_result.adjustments.car_spaces.dollars_unshrunk	physical_attributes		17/300	int
valuation_data.recent_sales[].adjustment_result.adjustments.car_spaces.rate	physical_attributes		98/300	int
valuation_data.recent_sales[].adjustment_result.adjustments.car_spaces.skipped	physical_attributes		1/300	bool
valuation_data.recent_sales[].adjustment_result.adjustments.car_spaces.subject_value	physical_attributes		98/300	int
valuation_data.recent_sales[].adjustment_result.adjustments.cladding	valuation		98/300	object
valuation_data.recent_sales[].adjustment_result.adjustments.cladding.comp_value	valuation		98/300	int
valuation_data.recent_sales[].adjustment_result.adjustments.cladding.diff	valuation		98/300	int
valuation_data.recent_sales[].adjustment_result.adjustments.cladding.dollars	valuation		98/300	int
valuation_data.recent_sales[].adjustment_result.adjustments.cladding.dollars_unshrunk	valuation		49/300	int
valuation_data.recent_sales[].adjustment_result.adjustments.cladding.rate	valuation		98/300	int
valuation_data.recent_sales[].adjustment_result.adjustments.cladding.subject_value	valuation		98/300	int
valuation_data.recent_sales[].adjustment_result.adjustments.condition	valuation		98/300	object
valuation_data.recent_sales[].adjustment_result.adjustments.condition.comp_value	valuation		98/300	int
valuation_data.recent_sales[].adjustment_result.adjustments.condition.diff	valuation		98/300	int
valuation_data.recent_sales[].adjustment_result.adjustments.condition.dollars	valuation		98/300	int
valuation_data.recent_sales[].adjustment_result.adjustments.condition.dollars_unshrunk	valuation		40/300	int
valuation_data.recent_sales[].adjustment_result.adjustments.condition.prestige_rate	valuation		98/300	float
valuation_data.recent_sales[].adjustment_result.adjustments.condition.rate	valuation		98/300	float
valuation_data.recent_sales[].adjustment_result.adjustments.condition.subject_value	valuation		98/300	int
valuation_data.recent_sales[].adjustment_result.adjustments.floor_area	physical_attributes		98/300	object
valuation_data.recent_sales[].adjustment_result.adjustments.floor_area.comp_value	physical_attributes		98/300	float
valuation_data.recent_sales[].adjustment_result.adjustments.floor_area.diff	physical_attributes		98/300	float
valuation_data.recent_sales[].adjustment_result.adjustments.floor_area.dollars	physical_attributes		98/300	int
valuation_data.recent_sales[].adjustment_result.adjustments.floor_area.dollars_unshrunk	physical_attributes		95/300	int
valuation_data.recent_sales[].adjustment_result.adjustments.floor_area.rate	physical_attributes		98/300	int
valuation_data.recent_sales[].adjustment_result.adjustments.floor_area.subject_value	physical_attributes		98/300	float
valuation_data.recent_sales[].adjustment_result.adjustments.golf_course_backing	valuation		98/300	object
valuation_data.recent_sales[].adjustment_result.adjustments.golf_course_backing.comp_value	valuation		98/300	int
valuation_data.recent_sales[].adjustment_result.adjustments.golf_course_backing.diff	valuation		98/300	float
valuation_data.recent_sales[].adjustment_result.adjustments.golf_course_backing.dollars	valuation		98/300	int
valuation_data.recent_sales[].adjustment_result.adjustments.golf_course_backing.dollars_unshrunk	valuation		46/300	int
valuation_data.recent_sales[].adjustment_result.adjustments.golf_course_backing.rate	valuation		98/300	str
valuation_data.recent_sales[].adjustment_result.adjustments.golf_course_backing.skipped	valuation		98/300	bool
valuation_data.recent_sales[].adjustment_result.adjustments.golf_course_backing.subject_value	valuation		98/300	int
valuation_data.recent_sales[].adjustment_result.adjustments.kitchen	valuation		98/300	object
valuation_data.recent_sales[].adjustment_result.adjustments.kitchen.comp_value	valuation		98/300	int
valuation_data.recent_sales[].adjustment_result.adjustments.kitchen.diff	valuation		98/300	int
valuation_data.recent_sales[].adjustment_result.adjustments.kitchen.dollars	valuation		98/300	int
valuation_data.recent_sales[].adjustment_result.adjustments.kitchen.rate	valuation		98/300	int
valuation_data.recent_sales[].adjustment_result.adjustments.kitchen.retired	valuation		95/300	bool
valuation_data.recent_sales[].adjustment_result.adjustments.kitchen.retired_reason	valuation		95/300	str
valuation_data.recent_sales[].adjustment_result.adjustments.kitchen.subject_value	valuation		98/300	int
valuation_data.recent_sales[].adjustment_result.adjustments.land_size	physical_attributes		98/300	object
valuation_data.recent_sales[].adjustment_result.adjustments.land_size.comp_value	physical_attributes		98/300	float
valuation_data.recent_sales[].adjustment_result.adjustments.land_size.diff	physical_attributes		98/300	float/int
valuation_data.recent_sales[].adjustment_result.adjustments.land_size.dollars	physical_attributes		98/300	int
valuation_data.recent_sales[].adjustment_result.adjustments.land_size.dollars_unshrunk	physical_attributes		95/300	int
valuation_data.recent_sales[].adjustment_result.adjustments.land_size.rate	physical_attributes		98/300	int
valuation_data.recent_sales[].adjustment_result.adjustments.land_size.skipped	physical_attributes		2/300	bool
valuation_data.recent_sales[].adjustment_result.adjustments.land_size.subject_value	physical_attributes		98/300	float/int
valuation_data.recent_sales[].adjustment_result.adjustments.micro_location	valuation		98/300	object
valuation_data.recent_sales[].adjustment_result.adjustments.micro_location.comp_value	valuation		98/300	float
valuation_data.recent_sales[].adjustment_result.adjustments.micro_location.diff	valuation		98/300	float
valuation_data.recent_sales[].adjustment_result.adjustments.micro_location.dollars	valuation		98/300	int
valuation_data.recent_sales[].adjustment_result.adjustments.micro_location.dollars_unshrunk	valuation		95/300	int
valuation_data.recent_sales[].adjustment_result.adjustments.micro_location.rate	valuation		98/300	str
valuation_data.recent_sales[].adjustment_result.adjustments.micro_location.skipped	valuation		98/300	bool
valuation_data.recent_sales[].adjustment_result.adjustments.micro_location.subject_value	valuation		98/300	float
valuation_data.recent_sales[].adjustment_result.adjustments.pool	valuation		98/300	object
valuation_data.recent_sales[].adjustment_result.adjustments.pool.comp_value	valuation		98/300	bool/int
valuation_data.recent_sales[].adjustment_result.adjustments.pool.diff	valuation		98/300	int
valuation_data.recent_sales[].adjustment_result.adjustments.pool.dollars	valuation		98/300	int
valuation_data.recent_sales[].adjustment_result.adjustments.pool.dollars_unshrunk	valuation		62/300	int
valuation_data.recent_sales[].adjustment_result.adjustments.pool.rate	valuation		98/300	int
valuation_data.recent_sales[].adjustment_result.adjustments.pool.skipped	valuation		8/300	bool
valuation_data.recent_sales[].adjustment_result.adjustments.pool.subject_value	valuation		98/300	int/null
valuation_data.recent_sales[].adjustment_result.adjustments.property_age	valuation		98/300	object
valuation_data.recent_sales[].adjustment_result.adjustments.property_age.comp_value	valuation		98/300	int
valuation_data.recent_sales[].adjustment_result.adjustments.property_age.diff	valuation		98/300	int
valuation_data.recent_sales[].adjustment_result.adjustments.property_age.dollars	valuation		98/300	int
valuation_data.recent_sales[].adjustment_result.adjustments.property_age.dollars_unshrunk	valuation		83/300	int
valuation_data.recent_sales[].adjustment_result.adjustments.property_age.rate	valuation		98/300	int
valuation_data.recent_sales[].adjustment_result.adjustments.property_age.subject_value	valuation		98/300	int
valuation_data.recent_sales[].adjustment_result.adjustments.renovation	valuation		98/300	object
valuation_data.recent_sales[].adjustment_result.adjustments.renovation.comp_value	valuation		98/300	int
valuation_data.recent_sales[].adjustment_result.adjustments.renovation.diff	valuation		98/300	int
valuation_data.recent_sales[].adjustment_result.adjustments.renovation.dollars	valuation		98/300	int
valuation_data.recent_sales[].adjustment_result.adjustments.renovation.rate	valuation		98/300	int
valuation_data.recent_sales[].adjustment_result.adjustments.renovation.retired	valuation		95/300	bool
valuation_data.recent_sales[].adjustment_result.adjustments.renovation.retired_reason	valuation		95/300	str
valuation_data.recent_sales[].adjustment_result.adjustments.renovation.subject_value	valuation		98/300	int
valuation_data.recent_sales[].adjustment_result.adjustments.renovation_quality	valuation		98/300	object
valuation_data.recent_sales[].adjustment_result.adjustments.renovation_quality.comp_value	valuation		98/300	float
valuation_data.recent_sales[].adjustment_result.adjustments.renovation_quality.diff	valuation		98/300	float/int
valuation_data.recent_sales[].adjustment_result.adjustments.renovation_quality.dollars	valuation		98/300	int
valuation_data.recent_sales[].adjustment_result.adjustments.renovation_quality.rate	valuation		98/300	int
valuation_data.recent_sales[].adjustment_result.adjustments.renovation_quality.retired	valuation		95/300	bool
valuation_data.recent_sales[].adjustment_result.adjustments.renovation_quality.retired_reason	valuation		95/300	str
valuation_data.recent_sales[].adjustment_result.adjustments.renovation_quality.skipped	valuation		98/300	bool
valuation_data.recent_sales[].adjustment_result.adjustments.renovation_quality.subject_value	valuation		98/300	float/null
valuation_data.recent_sales[].adjustment_result.adjustments.stories	valuation		98/300	object
valuation_data.recent_sales[].adjustment_result.adjustments.stories.comp_value	valuation		98/300	int
valuation_data.recent_sales[].adjustment_result.adjustments.stories.diff	valuation		98/300	int
valuation_data.recent_sales[].adjustment_result.adjustments.stories.dollars	valuation		98/300	int
valuation_data.recent_sales[].adjustment_result.adjustments.stories.dollars_unshrunk	valuation		1/300	int
valuation_data.recent_sales[].adjustment_result.adjustments.stories.rate	valuation		98/300	int
valuation_data.recent_sales[].adjustment_result.adjustments.stories.subject_value	valuation		98/300	int
valuation_data.recent_sales[].adjustment_result.adjustments.street_premium	valuation		98/300	object
valuation_data.recent_sales[].adjustment_result.adjustments.street_premium.comp_value	valuation		98/300	float/null
valuation_data.recent_sales[].adjustment_result.adjustments.street_premium.diff	valuation		98/300	float
valuation_data.recent_sales[].adjustment_result.adjustments.street_premium.dollars	valuation		98/300	int
valuation_data.recent_sales[].adjustment_result.adjustments.street_premium.dollars_unshrunk	valuation		45/300	int
valuation_data.recent_sales[].adjustment_result.adjustments.street_premium.rate	valuation		98/300	str
valuation_data.recent_sales[].adjustment_result.adjustments.street_premium.skipped	valuation		98/300	bool
valuation_data.recent_sales[].adjustment_result.adjustments.street_premium.subject_value	valuation		98/300	float/null
valuation_data.recent_sales[].adjustment_result.adjustments.water_views	valuation		98/300	object
valuation_data.recent_sales[].adjustment_result.adjustments.water_views.comp_value	valuation		98/300	int
valuation_data.recent_sales[].adjustment_result.adjustments.water_views.diff	valuation		98/300	int
valuation_data.recent_sales[].adjustment_result.adjustments.water_views.dollars	valuation		98/300	int
valuation_data.recent_sales[].adjustment_result.adjustments.water_views.dollars_unshrunk	valuation		3/300	int
valuation_data.recent_sales[].adjustment_result.adjustments.water_views.rate	valuation		98/300	int
valuation_data.recent_sales[].adjustment_result.adjustments.water_views.subject_value	valuation		98/300	int
valuation_data.recent_sales[].adjustment_result.rates_source	valuation		98/300	str
valuation_data.recent_sales[].adjustment_result.reliability_applied	valuation		95/300	float
valuation_data.recent_sales[].adjustment_result.total_adjustment	valuation		98/300	int
valuation_data.recent_sales[].adjustment_result.total_adjustment_pct	valuation		98/300	float
valuation_data.recent_sales[].adjustment_result.total_adjustment_unshrunk	valuation		95/300	int
valuation_data.recent_sales[].distance_km	valuation		98/300	float
valuation_data.recent_sales[].features	valuation		98/300	object
valuation_data.recent_sales[].features.basic	valuation		98/300	object
valuation_data.recent_sales[].features.basic.ac_ducted	valuation		98/300	bool
valuation_data.recent_sales[].features.basic.approximate_build_year	valuation		98/300	int
valuation_data.recent_sales[].features.basic.bathrooms	physical_attributes		98/300	int
valuation_data.recent_sales[].features.basic.beach_distance_km	valuation		98/300	float
valuation_data.recent_sales[].features.basic.bedrooms	physical_attributes		98/300	int
valuation_data.recent_sales[].features.basic.car_spaces	physical_attributes		98/300	int
valuation_data.recent_sales[].features.basic.cladding_level	valuation		98/300	int
valuation_data.recent_sales[].features.basic.cladding_raw	valuation		98/300	str
valuation_data.recent_sales[].features.basic.floor_area_sqm	physical_attributes		98/300	float/null
valuation_data.recent_sales[].features.basic.kitchen_score	valuation		98/300	int/null
valuation_data.recent_sales[].features.basic.land_size_sqm	physical_attributes		98/300	float
valuation_data.recent_sales[].features.basic.number_of_stories	valuation		98/300	int
valuation_data.recent_sales[].features.basic.pool_present	valuation		98/300	bool
valuation_data.recent_sales[].features.basic.renovation_level	valuation		98/300	int
valuation_data.recent_sales[].features.basic.renovation_level_raw	valuation		98/300	str
valuation_data.recent_sales[].features.basic.renovation_quality_score	valuation		98/300	float
valuation_data.recent_sales[].features.basic.water_views	valuation		98/300	bool
valuation_data.recent_sales[].features.npui_breakdown	valuation		98/300	object
valuation_data.recent_sales[].features.npui_breakdown.inputs	valuation		98/300	object
valuation_data.recent_sales[].features.npui_breakdown.inputs.bathrooms	physical_attributes		98/300	int
valuation_data.recent_sales[].features.npui_breakdown.inputs.bedrooms	physical_attributes		98/300	int
valuation_data.recent_sales[].features.npui_breakdown.inputs.carspaces	physical_attributes		98/300	int
valuation_data.recent_sales[].features.npui_breakdown.inputs.exterior.overall_exterior_condition_score	valuation		98/300	int
valuation_data.recent_sales[].features.npui_breakdown.inputs.floor_area_sqm	physical_attributes		98/300	float
valuation_data.recent_sales[].features.npui_breakdown.inputs.interior.bathroom_quality_score	physical_attributes		98/300	float
valuation_data.recent_sales[].features.npui_breakdown.inputs.interior.kitchen_quality_score	valuation		51/300	int
valuation_data.recent_sales[].features.npui_breakdown.inputs.interior.natural_light_score	valuation		98/300	float
valuation_data.recent_sales[].features.npui_breakdown.inputs.interior.overall_interior_condition_score	valuation		98/300	int
valuation_data.recent_sales[].features.npui_breakdown.inputs.land_size_sqm	physical_attributes		98/300	float
valuation_data.recent_sales[].features.npui_breakdown.inputs.layout.layout_efficiency_score	valuation		98/300	int
valuation_data.recent_sales[].features.npui_breakdown.inputs.layout.number_of_living_areas	valuation		98/300	int
valuation_data.recent_sales[].features.npui_breakdown.inputs.outdoor.fence_condition_score	valuation		98/300	int
valuation_data.recent_sales[].features.npui_breakdown.inputs.outdoor.landscaping_quality_score	valuation		98/300	int
valuation_data.recent_sales[].features.npui_breakdown.inputs.outdoor.outdoor_entertainment_score	valuation		98/300	int
valuation_data.recent_sales[].features.npui_breakdown.inputs.renovation.modern_features_score	valuation		98/300	int
valuation_data.recent_sales[].features.npui_breakdown.npui	valuation		98/300	float
valuation_data.recent_sales[].features.npui_breakdown.null_fields	valuation		98/300	array[]/array[str]
valuation_data.recent_sales[].features.npui_breakdown.raw_utility	valuation		98/300	float
valuation_data.recent_sales[].id	valuation		98/300	str
valuation_data.recent_sales[].images	valuation		98/300	array[str]
valuation_data.recent_sales[].included_in_valuation	valuation		98/300	bool
valuation_data.recent_sales[].independent_valuation	valuation		98/300	int/null
valuation_data.recent_sales[].narrative	valuation		98/300	str
valuation_data.recent_sales[].original_sale_price	valuation		98/300	null
valuation_data.recent_sales[].price	valuation		98/300	float
valuation_data.recent_sales[].sale_date	valuation		98/300	int
valuation_data.recent_sales[].series	valuation		98/300	str
valuation_data.recent_sales[].time_adjustment	valuation		98/300	null/object
valuation_data.recent_sales[].time_adjustment.applied	valuation		88/300	bool
valuation_data.recent_sales[].time_adjustment.current_quarter	valuation		88/300	str
valuation_data.recent_sales[].time_adjustment.reason	valuation		88/300	str
valuation_data.recent_sales[].time_adjustment.sale_quarter	valuation		88/300	str
valuation_data.recent_sales[].utility_index	valuation		98/300	float
valuation_data.recent_sales[].valuation_price	valuation		98/300	null
valuation_data.recent_sales[].verification	valuation		98/300	object
valuation_data.recent_sales[].verification.accuracy_pct	valuation		98/300	float/null
valuation_data.recent_sales[].verification.checks_passed	valuation		98/300	bool
valuation_data.recent_sales[].verification.data_quality_pct	valuation		98/300	float
valuation_data.recent_sales[].verification.is_verified	valuation		98/300	bool
valuation_data.recent_sales[].verification.issues	valuation		98/300	array[str]
valuation_data.recent_sales[].verification.npui_accuracy_pct	valuation		98/300	float/null
valuation_data.recent_sales[].verification.status	valuation		98/300	str
valuation_data.recent_sales[].verification.z_score	valuation		98/300	float/null
valuation_data.recent_sales[].weight	valuation		98/300	object
valuation_data.recent_sales[].weight.factors	valuation		98/300	object
valuation_data.recent_sales[].weight.factors.adjusted_accuracy	valuation		98/300	float/int
valuation_data.recent_sales[].weight.factors.adjustment_quality	valuation		98/300	float/int
valuation_data.recent_sales[].weight.factors.data_quality	valuation		98/300	float
valuation_data.recent_sales[].weight.factors.proximity	valuation		98/300	float
valuation_data.recent_sales[].weight.factors.recency	valuation		98/300	float
valuation_data.recent_sales[].weight.factors.verification	valuation		98/300	float
valuation_data.recent_sales[].weight.normalized	valuation		98/300	float
valuation_data.recent_sales[].weight.raw_weight	valuation		98/300	float
valuation_data.regression_line	valuation		102/300	object
valuation_data.regression_line.intercept	valuation		102/300	float/null
valuation_data.regression_line.slope	valuation		102/300	float/null
valuation_data.subject_property	valuation		102/300	object
valuation_data.subject_property.address	identity_location		102/300	str
valuation_data.subject_property.distance_km	valuation		102/300	null
valuation_data.subject_property.features	valuation		102/300	object
valuation_data.subject_property.features.basic	valuation		102/300	object
valuation_data.subject_property.features.basic.ac_ducted	valuation		102/300	bool
valuation_data.subject_property.features.basic.approximate_build_year	valuation		102/300	int/null
valuation_data.subject_property.features.basic.bathrooms	physical_attributes		102/300	int/null
valuation_data.subject_property.features.basic.beach_distance_km	valuation		102/300	float
valuation_data.subject_property.features.basic.bedrooms	physical_attributes		102/300	int/null
valuation_data.subject_property.features.basic.car_spaces	physical_attributes		102/300	int/null
valuation_data.subject_property.features.basic.cladding_level	valuation		102/300	int
valuation_data.subject_property.features.basic.cladding_raw	valuation		102/300	null/str
valuation_data.subject_property.features.basic.floor_area_sqm	physical_attributes		102/300	float
valuation_data.subject_property.features.basic.kitchen_score	valuation		102/300	int/null
valuation_data.subject_property.features.basic.land_size_sqm	physical_attributes		102/300	float/null
valuation_data.subject_property.features.basic.micro_location_premium_pct	valuation		102/300	float/null
valuation_data.subject_property.features.basic.number_of_stories	valuation		102/300	int/null
valuation_data.subject_property.features.basic.pool_present	valuation		102/300	bool/null
valuation_data.subject_property.features.basic.renovation_level	valuation		102/300	int
valuation_data.subject_property.features.basic.renovation_level_raw	valuation		102/300	null/str
valuation_data.subject_property.features.basic.renovation_quality_score	valuation		102/300	float/null
valuation_data.subject_property.features.basic.street_premium_pct	valuation		102/300	float/null
valuation_data.subject_property.features.basic.water_views	valuation		102/300	bool
valuation_data.subject_property.features.npui_breakdown	valuation		102/300	object
valuation_data.subject_property.features.npui_breakdown.inputs	valuation		102/300	object
valuation_data.subject_property.features.npui_breakdown.inputs.bathrooms	physical_attributes		86/300	int
valuation_data.subject_property.features.npui_breakdown.inputs.bedrooms	physical_attributes		97/300	int
valuation_data.subject_property.features.npui_breakdown.inputs.carspaces	physical_attributes		101/300	int
valuation_data.subject_property.features.npui_breakdown.inputs.exterior.overall_exterior_condition_score	valuation		92/300	int
valuation_data.subject_property.features.npui_breakdown.inputs.floor_area_sqm	physical_attributes		102/300	float
valuation_data.subject_property.features.npui_breakdown.inputs.interior.bathroom_quality_score	physical_attributes		62/300	float/int
valuation_data.subject_property.features.npui_breakdown.inputs.interior.kitchen_quality_score	valuation		62/300	int
valuation_data.subject_property.features.npui_breakdown.inputs.interior.natural_light_score	valuation		62/300	float/int
valuation_data.subject_property.features.npui_breakdown.inputs.interior.overall_interior_condition_score	valuation		62/300	int
valuation_data.subject_property.features.npui_breakdown.inputs.land_size_sqm	physical_attributes		96/300	float
valuation_data.subject_property.features.npui_breakdown.inputs.layout.layout_efficiency_score	valuation		102/300	int
valuation_data.subject_property.features.npui_breakdown.inputs.layout.number_of_living_areas	valuation		54/300	int
valuation_data.subject_property.features.npui_breakdown.inputs.outdoor.fence_condition_score	valuation		66/300	int
valuation_data.subject_property.features.npui_breakdown.inputs.outdoor.landscaping_quality_score	valuation		86/300	int
valuation_data.subject_property.features.npui_breakdown.inputs.outdoor.outdoor_entertainment_score	valuation		86/300	int
valuation_data.subject_property.features.npui_breakdown.inputs.renovation.modern_features_score	valuation		65/300	int
valuation_data.subject_property.features.npui_breakdown.npui	valuation		102/300	float
valuation_data.subject_property.features.npui_breakdown.null_fields	valuation		102/300	array[]/array[str]
valuation_data.subject_property.features.npui_breakdown.raw_utility	valuation		102/300	float
valuation_data.subject_property.id	valuation		102/300	str
valuation_data.subject_property.images	valuation		102/300	array[]/array[str]
valuation_data.subject_property.micro_location_evidence	valuation		97/300	object
valuation_data.subject_property.micro_location_evidence.applied_pct	valuation		97/300	float
valuation_data.subject_property.micro_location_evidence.n_sales	valuation		97/300	int
valuation_data.subject_property.micro_location_evidence.radius_km	valuation		97/300	float
valuation_data.subject_property.micro_location_evidence.suburb_median	identity_location		97/300	int
valuation_data.subject_property.price	valuation		102/300	float
valuation_data.subject_property.series	valuation		102/300	str
valuation_data.subject_property.street_evidence	valuation		97/300	null/object
valuation_data.subject_property.street_evidence.applied_pct	valuation		47/300	float
valuation_data.subject_property.street_evidence.cap_pct	valuation		47/300	float
valuation_data.subject_property.street_evidence.capped	valuation		47/300	bool
valuation_data.subject_property.street_evidence.damping	valuation		47/300	float
valuation_data.subject_property.street_evidence.n_sales	valuation		47/300	int
valuation_data.subject_property.street_evidence.raw_avg_pct	valuation		47/300	float
valuation_data.subject_property.street_evidence.sample_sales	valuation		47/300	array[object]
valuation_data.subject_property.street_evidence.sample_sales[].address	identity_location		47/300	str
valuation_data.subject_property.street_evidence.sample_sales[].pct_vs_median	valuation		47/300	float
valuation_data.subject_property.street_evidence.sample_sales[].sale_price	valuation		47/300	int
valuation_data.subject_property.street_evidence.sample_sales[].sold_date	valuation		47/300	str
valuation_data.subject_property.street_evidence.street_name	valuation		47/300	str
valuation_data.subject_property.street_evidence.suburb_median	identity_location		47/300	int
valuation_data.subject_property.utility_index	valuation		102/300	float
valuation_data.subject_property.valuation_price	valuation		102/300	float/null
valuation_data.summary	valuation		132/300	object
valuation_data.summary.exclusion_reason	valuation		30/300	str
valuation_data.summary.insufficient_data	valuation		132/300	bool
valuation_data.summary.n_comps	valuation		132/300	int
valuation_data.summary.n_current_listings	valuation		132/300	int
valuation_data.summary.n_included_in_valuation	valuation		102/300	int
valuation_data.summary.n_recent_sales	valuation		132/300	int
valuation_data.summary.n_verified_included	valuation		102/300	int
valuation_data.summary.positioning	valuation		102/300	null/str
valuation_data.summary.value_gap_pct	valuation		102/300	float/null
valuation_data.valuation_breakdown	valuation		102/300	null/object
valuation_data.valuation_breakdown.blended_valuation	valuation		97/300	float
valuation_data.valuation_breakdown.comparable_sales	valuation		97/300	array[object]
valuation_data.valuation_breakdown.comparable_sales[].address	identity_location		97/300	str
valuation_data.valuation_breakdown.comparable_sales[].distance_km	valuation		97/300	float
valuation_data.valuation_breakdown.comparable_sales[].npui	valuation		97/300	float
valuation_data.valuation_breakdown.comparable_sales[].sale_date	valuation		97/300	str
valuation_data.valuation_breakdown.comparable_sales[].sale_price	valuation		97/300	float/int
valuation_data.valuation_breakdown.has_listing_price	valuation		97/300	bool
valuation_data.valuation_breakdown.model_valuation	valuation		97/300	float/null
valuation_data.valuation_breakdown.npui_average	valuation		97/300	float
valuation_data.valuation_breakdown.npui_median	valuation		97/300	float
waterfront_meta	other		2/300	object
waterfront_meta.borderline	other		2/300	bool
waterfront_meta.detected_at	other		2/300	str
waterfront_meta.detector	other		2/300	str
waterfront_meta.policy	other		2/300	str
waterfront_meta.reason	other		2/300	str
waterfront_meta.signals	other		2/300	object
waterfront_meta.signals.listing_text	other		1/300	str
waterfront_meta.signals.photo_vision	images_assets	facade_gallery	2/300	bool
waterfront_meta.signals.satellite_water_proximity	images_assets	satellite	1/300	object
waterfront_meta.signals.satellite_water_proximity.backs_onto	images_assets	satellite	1/300	array[str]
waterfront_meta.signals.satellite_water_proximity.water_proximity	images_assets	satellite	1/300	str
withdrawn_date	listing_scrape		1/300	str
withdrawn_detected_at	listing_scrape		1/300	str
withdrawn_last_checked_at	listing_scrape		1/300	str
year_built	other		126/300	int
year_built_source	pipeline_meta		126/300	object
year_built_source.fetched_at	pipeline_meta		126/300	str
year_built_source.matched	pipeline_meta		126/300	str
year_built_source.path	pipeline_meta		126/300	str
year_built_source.script	pipeline_meta		126/300	str
year_built_source.url	pipeline_meta		126/300	str
zoning_data	other		1/300	object
zoning_data.cadastral_area_sqm	images_assets	cadastral_street	1/300	float
zoning_data.coordinates_source	pipeline_meta		1/300	str
zoning_data.enriched_at	other		1/300	str
zoning_data.flood_designated_level_m	other		1/300	null
zoning_data.flood_floor_level_m	other		1/300	null
zoning_data.flood_ground_level_m	other		1/300	float
zoning_data.flood_overlay	other		1/300	bool
zoning_data.heritage_listed	other		1/300	bool
zoning_data.ica_flood_zones	other		1/300	object
zoning_data.ica_flood_zones.extremely_rare	other		1/300	bool
zoning_data.ica_flood_zones.frequent	other		1/300	bool
zoning_data.ica_flood_zones.infrequent_1pct	other		1/300	bool
zoning_data.ica_flood_zones.infrequent_5pct	other		1/300	bool
zoning_data.ica_flood_zones.rare	other		1/300	bool
zoning_data.in_any_ica_zone	other		1/300	bool
zoning_data.latitude	identity_location		1/300	float
zoning_data.longitude	identity_location		1/300	float
zoning_data.lot_plan	other		1/300	str
zoning_data.max_building_height_m	other		1/300	str
zoning_data.max_storeys	other		1/300	str
zoning_data.residential_density	other		1/300	str
zoning_data.zone	other		1/300	str
zoning_data.zone_detail	other		1/300	null
zoning_data.zone_precinct	other		1/300	str
